-3184.000000 8.000000 72.000000
-3183.260059 6.141927 71.992806
-3182.520119 4.283854 71.985612
-3181.780178 2.425780 71.978418
-3181.040237 0.567707 71.971225
-3180.300297 -1.290366 71.964031
-3179.560356 -3.148439 71.956837
-3178.820415 -5.006512 71.949643
-3178.080475 -6.864586 71.942449
-3177.340534 -8.722659 71.935255
-3176.600593 -10.580732 71.928061
-3175.860653 -12.438805 71.920867
-3175.120712 -14.296879 71.913674
-3174.380771 -16.154952 71.906480
-3173.640831 -18.013025 71.899286
-3172.900890 -19.871098 71.892092
-3172.160949 -21.729171 71.884898
-3171.421009 -23.587245 71.877704
-3170.681068 -25.445318 71.870510
-3169.941127 -27.303391 71.863317
-3169.201187 -29.161464 71.856123
-3168.461246 -31.019537 71.848929
-3167.721305 -32.877611 71.841735
-3166.981365 -34.735684 71.834541
-3166.241424 -36.593757 71.827347
-3165.501483 -38.451830 71.820153
-3164.761543 -40.309904 71.812959
-3164.021602 -42.167977 71.805766
-3163.281662 -44.026050 71.798572
-3162.541721 -45.884123 71.791378
-3161.801780 -47.742196 71.784184
-3161.061840 -49.600270 71.776990
-3160.321899 -51.458343 71.769796
-3159.581958 -53.316416 71.762602
-3158.842018 -55.174489 71.755409
-3158.102077 -57.032562 71.748215
-3157.362136 -58.890636 71.741021
-3156.622196 -60.748709 71.733827
-3155.882255 -62.606782 71.726633
-3155.142314 -64.464855 71.719439
-3154.402374 -66.322929 71.712245
-3153.662433 -68.181002 71.705051
-3152.922492 -70.039075 71.697858
-3152.182552 -71.897148 71.690664
-3151.442611 -73.755221 71.683470
-3150.702670 -75.613295 71.676276
-3149.962730 -77.471368 71.669082
-3149.222789 -79.329441 71.661888
-3148.482848 -81.187514 71.654694
-3147.742908 -83.045587 71.647500
-3147.002967 -84.903661 71.640307
-3146.263026 -86.761734 71.633113
-3145.523086 -88.619807 71.625919
-3144.783145 -90.477880 71.618725
-3144.043204 -92.335954 71.611531
-3143.303264 -94.194027 71.604337
-3142.563323 -96.052100 71.597143
-3141.823382 -97.910173 71.589950
-3141.083442 -99.768246 71.582756
-3140.343501 -101.626320 71.575562
-3139.603560 -103.484393 71.568368
-3138.863620 -105.342466 71.561174
-3138.123679 -107.200539 71.553980
-3137.383738 -109.058612 71.546786
-3136.643798 -110.916686 71.539592
-3135.903857 -112.774759 71.532399
-3135.163916 -114.632832 71.525205
-3134.423976 -116.490905 71.518011
-3133.684035 -118.348979 71.510817
-3132.944094 -120.207052 71.503623
-3132.204154 -122.065125 71.496429
-3131.464213 -123.923198 71.489235
-3130.724272 -125.781271 71.482042
-3129.984332 -127.639345 71.474848
-3129.244391 -129.497418 71.467654
-3128.504450 -131.355491 71.460460
-3127.764510 -133.213564 71.453266
-3127.024569 -135.071637 71.446072
-3126.284628 -136.929711 71.438878
-3125.544688 -138.787784 71.431684
-3124.804747 -140.645857 71.424491
-3124.064807 -142.503930 71.417297
-3123.324866 -144.362004 71.410103
-3122.584925 -146.220077 71.402909
-3121.844985 -148.078150 71.395715
-3121.105044 -149.936223 71.388521
-3120.365103 -151.794296 71.381327
-3119.625163 -153.652370 71.374134
-3118.885222 -155.510443 71.366940
-3118.145281 -157.368516 71.359746
-3117.405341 -159.226589 71.352552
-3116.665400 -161.084662 71.345358
-3115.925459 -162.942736 71.338164
-3115.185519 -164.800809 71.330970
-3114.445578 -166.658882 71.323776
-3113.705637 -168.516955 71.316583
-3112.965697 -170.375029 71.309389
-3112.225756 -172.233102 71.302195
-3111.485815 -174.091175 71.295001
-3110.745875 -175.949248 71.287807
-3110.005934 -177.807321 71.280613
-3109.265993 -179.665395 71.273419
-3108.526053 -181.523468 71.266226
-3107.786112 -183.381541 71.259032
-3107.046171 -185.239614 71.251838
-3106.306231 -187.097687 71.244644
-3105.566290 -188.955761 71.237450
-3104.826349 -190.813834 71.230256
-3104.086409 -192.671907 71.223062
-3103.346468 -194.529980 71.215868
-3102.606527 -196.388054 71.208675
-3101.866587 -198.246127 71.201481
-3101.126646 -200.104200 71.194287
-3100.386705 -201.962273 71.187093
-3099.646765 -203.820346 71.179899
-3098.906824 -205.678420 71.172705
-3098.166883 -207.536493 71.165511
-3097.426943 -209.394566 71.158317
-3096.687002 -211.252639 71.151124
-3095.947061 -213.110712 71.143930
-3095.207121 -214.968786 71.136736
-3094.467180 -216.826859 71.129542
-3093.727239 -218.684932 71.122348
-3092.987299 -220.543005 71.115154
-3092.247358 -222.401078 71.107960
-3091.507417 -224.259152 71.100767
-3090.767477 -226.117225 71.093573
-3090.027536 -227.975298 71.086379
-3089.287595 -229.833371 71.079185
-3088.547655 -231.691445 71.071991
-3087.807714 -233.549518 71.064797
-3087.067773 -235.407591 71.057603
-3086.327833 -237.265664 71.050409
-3085.587892 -239.123737 71.043216
-3084.847952 -240.981811 71.036022
-3084.108011 -242.839884 71.028828
-3083.368070 -244.697957 71.021634
-3082.628130 -246.556030 71.014440
-3081.888189 -248.414103 71.007246
-3081.148248 -250.272177 71.000052
-3080.408308 -252.130250 70.992859
-3079.668367 -253.988323 70.985665
-3078.928426 -255.846396 70.978471
-3078.188486 -257.704470 70.971277
-3077.448545 -259.562543 70.964083
-3076.708604 -261.420616 70.956889
-3075.968664 -263.278689 70.949695
-3075.228723 -265.136762 70.942501
-3074.488782 -266.994836 70.935308
-3073.748842 -268.852909 70.928114
-3073.008901 -270.710982 70.920920
-3072.268960 -272.569055 70.913726
-3071.529020 -274.427128 70.906532
-3070.789079 -276.285202 70.899338
-3070.049138 -278.143275 70.892144
-3069.309198 -280.001348 70.884951
-3068.569257 -281.859421 70.877757
-3067.829316 -283.717495 70.870563
-3067.089376 -285.575568 70.863369
-3066.349435 -287.433641 70.856175
-3065.609494 -289.291714 70.848981
-3064.869554 -291.149787 70.841787
-3064.129613 -293.007861 70.834593
-3063.389672 -294.865934 70.827400
-3062.649732 -296.724007 70.820206
-3061.909791 -298.582080 70.813012
-3061.169850 -300.440153 70.805818
-3060.429910 -302.298227 70.798624
-3059.689969 -304.156300 70.791430
-3058.950028 -306.014373 70.784236
-3058.210088 -307.872446 70.777043
-3057.470147 -309.730520 70.769849
-3056.730206 -311.588593 70.762655
-3055.990266 -313.446666 70.755461
-3055.250325 -315.304739 70.748267
-3054.510384 -317.162812 70.741073
-3053.770444 -319.020886 70.733879
-3053.030503 -320.878959 70.726685
-3052.290562 -322.737032 70.719492
-3051.550622 -324.595105 70.712298
-3050.810681 -326.453178 70.705104
-3050.070740 -328.311252 70.697910
-3049.330800 -330.169325 70.690716
-3048.590859 -332.027398 70.683522
-3047.850919 -333.885471 70.676328
-3047.110978 -335.743545 70.669135
-3046.371037 -337.601618 70.661941
-3045.631097 -339.459691 70.654747
-3044.891156 -341.317764 70.647553
-3044.151215 -343.175837 70.640359
-3043.411275 -345.033911 70.633165
-3042.671334 -346.891984 70.625971
-3041.931393 -348.750057 70.618777
-3041.191453 -350.608130 70.611584
-3040.451512 -352.466203 70.604390
-3039.711571 -354.324277 70.597196
-3038.971631 -356.182350 70.590002
-3038.231690 -358.040423 70.582808
-3037.491749 -359.898496 70.575614
-3036.751809 -361.756570 70.568420
-3036.011868 -363.614643 70.561226
-3035.271927 -365.472716 70.554033
-3034.531987 -367.330789 70.546839
-3033.792046 -369.188862 70.539645
-3033.052105 -371.046936 70.532451
-3032.312165 -372.905009 70.525257
-3031.572224 -374.763082 70.518063
-3030.832283 -376.621155 70.510869
-3030.092343 -378.479228 70.503676
-3029.352402 -380.337302 70.496482
-3028.612461 -382.195375 70.489288
-3027.872521 -384.053448 70.482094
-3027.132580 -385.911521 70.474900
-3026.392639 -387.769595 70.467706
-3025.652699 -389.627668 70.460512
-3024.912758 -391.485741 70.453318
-3024.172817 -393.343814 70.446125
-3023.432877 -395.201887 70.438931
-3022.692936 -397.059961 70.431737
-3021.952995 -398.918034 70.424543
-3021.213055 -400.776107 70.417349
-3020.473114 -402.634180 70.410155
-3019.733173 -404.492253 70.402961
-3018.993233 -406.350327 70.395768
-3018.253292 -408.208400 70.388574
-3017.513351 -410.066473 70.381380
-3016.773411 -411.924546 70.374186
-3016.033470 -413.782620 70.366992
-3015.293529 -415.640693 70.359798
-3014.553589 -417.498766 70.352604
-3013.813648 -419.356839 70.345410
-3013.073707 -421.214912 70.338217
-3012.333767 -423.072986 70.331023
-3011.593826 -424.931059 70.323829
-3010.853885 -426.789132 70.316635
-3010.113945 -428.647205 70.309441
-3009.374004 -430.505278 70.302247
-3008.634064 -432.363352 70.295053
-3007.894123 -434.221425 70.287860
-3007.154182 -436.079498 70.280666
-3006.414242 -437.937571 70.273472
-3005.674301 -439.795645 70.266278
-3004.934360 -441.653718 70.259084
-3004.194420 -443.511791 70.251890
-3003.454479 -445.369864 70.244696
-3002.714538 -447.227937 70.237502
-3001.974598 -449.086011 70.230309
-3001.234657 -450.944084 70.223115
-3000.494716 -452.802157 70.215921
-2999.754776 -454.660230 70.208727
-2999.014835 -456.518303 70.201533
-2998.274894 -458.376377 70.194339
-2997.534954 -460.234450 70.187145
-2996.795013 -462.092523 70.179952
-2996.055072 -463.950596 70.172758
-2995.315132 -465.808669 70.165564
-2994.575191 -467.666743 70.158370
-2993.835250 -469.524816 70.151176
-2993.095310 -471.382889 70.143982
-2992.355369 -473.240962 70.136788
-2991.615428 -475.099036 70.129594
-2990.875488 -476.957109 70.122401
-2990.135547 -478.815182 70.115207
-2989.395606 -480.673255 70.108013
-2988.655666 -482.531328 70.100819
-2987.915725 -484.389402 70.093625
-2987.175784 -486.247475 70.086431
-2986.435844 -488.105548 70.079237
-2985.695903 -489.963621 70.072044
-2984.955962 -491.821694 70.064850
-2984.216022 -493.679768 70.057656
-2983.476081 -495.537841 70.050462
-2982.736140 -497.395914 70.043268
-2981.996200 -499.253987 70.036074
-2981.256259 -501.112061 70.028880
-2980.516318 -502.970134 70.021686
-2979.776378 -504.828207 70.014493
-2979.036437 -506.686280 70.007299
-2978.296496 -508.544353 70.000105
-2977.556556 -510.402427 69.992911
-2976.816615 -512.260500 69.985717
-2976.076674 -514.118573 69.978523
-2975.336734 -515.976646 69.971329
-2974.596793 -517.834719 69.964135
-2973.856852 -519.692793 69.956942
-2973.116912 -521.550866 69.949748
-2972.376971 -523.408939 69.942554
-2971.637030 -525.267012 69.935360
-2970.897090 -527.125086 69.928166
-2970.157149 -528.983159 69.920972
-2969.417209 -530.841232 69.913778
-2968.677268 -532.699305 69.906585
-2967.937327 -534.557378 69.899391
-2967.197387 -536.415452 69.892197
-2966.457446 -538.273525 69.885003
-2965.717505 -540.131598 69.877809
-2964.977565 -541.989671 69.870615
-2964.237624 -543.847744 69.863421
-2963.497683 -545.705818 69.856227
-2962.757743 -547.563891 69.849034
-2962.017802 -549.421964 69.841840
-2961.277861 -551.280037 69.834646
-2960.537921 -553.138111 69.827452
-2959.797980 -554.996184 69.820258
-2959.058039 -556.854257 69.813064
-2958.318099 -558.712330 69.805870
-2957.578158 -560.570403 69.798677
-2956.838217 -562.428477 69.791483
-2956.098277 -564.286550 69.784289
-2955.358336 -566.144623 69.777095
-2954.618395 -568.002696 69.769901
-2953.878455 -569.860769 69.762707
-2953.138514 -571.718843 69.755513
-2952.398573 -573.576916 69.748319
-2951.658633 -575.434989 69.741126
-2950.918692 -577.293062 69.733932
-2950.178751 -579.151136 69.726738
-2949.438811 -581.009209 69.719544
-2948.698870 -582.867282 69.712350
-2947.958929 -584.725355 69.705156
-2947.218989 -586.583428 69.697962
-2946.479048 -588.441502 69.690769
-2945.739107 -590.299575 69.683575
-2944.999167 -592.157648 69.676381
-2944.259226 -594.015721 69.669187
-2943.519285 -595.873794 69.661993
-2942.779345 -597.731868 69.654799
-2942.039404 -599.589941 69.647605
-2941.299463 -601.448014 69.640411
-2940.559523 -603.306087 69.633218
-2939.819582 -605.164161 69.626024
-2939.079641 -607.022234 69.618830
-2938.339701 -608.880307 69.611636
-2937.599760 -610.738380 69.604442
-2936.859819 -612.596453 69.597248
-2936.119879 -614.454527 69.590054
-2935.379938 -616.312600 69.582861
-2934.639997 -618.170673 69.575667
-2933.900057 -620.028746 69.568473
-2933.160116 -621.886819 69.561279
-2932.420175 -623.744893 69.554085
-2931.680235 -625.602966 69.546891
-2930.940294 -627.461039 69.539697
-2930.200354 -629.319112 69.532503
-2929.460413 -631.177186 69.525310
-2928.720472 -633.035259 69.518116
-2927.980532 -634.893332 69.510922
-2927.240591 -636.751405 69.503728
-2926.500650 -638.609478 69.496534
-2925.760710 -640.467552 69.489340
-2925.020769 -642.325625 69.482146
-2924.280828 -644.183698 69.474952
-2923.540888 -646.041771 69.467759
-2922.800947 -647.899844 69.460565
-2922.061006 -649.757918 69.453371
-2921.321066 -651.615991 69.446177
-2920.581125 -653.474064 69.438983
-2919.841184 -655.332137 69.431789
-2919.101244 -657.190211 69.424595
-2918.361303 -659.048284 69.417402
-2917.621362 -660.906357 69.410208
-2916.881422 -662.764430 69.403014
-2916.141481 -664.622503 69.395820
-2915.401540 -666.480577 69.388626
-2914.661600 -668.338650 69.381432
-2913.921659 -670.196723 69.374238
-2913.181718 -672.054796 69.367044
-2912.441778 -673.912869 69.359851
-2911.701837 -675.770943 69.352657
-2910.961896 -677.629016 69.345463
-2910.221956 -679.487089 69.338269
-2909.482015 -681.345162 69.331075
-2908.742074 -683.203235 69.323881
-2908.002134 -685.061309 69.316687
-2907.262193 -686.919382 69.309494
-2906.522252 -688.777455 69.302300
-2905.782312 -690.635528 69.295106
-2905.042371 -692.493602 69.287912
-2904.302430 -694.351675 69.280718
-2903.562490 -696.209748 69.273524
-2902.822549 -698.067821 69.266330
-2902.082608 -699.925894 69.259136
-2901.342668 -701.783968 69.251943
-2900.602727 -703.642041 69.244749
-2899.862786 -705.500114 69.237555
-2899.122846 -707.358187 69.230361
-2898.382905 -709.216260 69.223167
-2897.642964 -711.074334 69.215973
-2896.903024 -712.932407 69.208779
-2896.163083 -714.790480 69.201586
-2895.423142 -716.648553 69.194392
-2894.683202 -718.506627 69.187198
-2893.943261 -720.364700 69.180004
-2893.203320 -722.222773 69.172810
-2892.463380 -724.080846 69.165616
-2891.723439 -725.938919 69.158422
-2890.983499 -727.796993 69.151228
-2890.243558 -729.655066 69.144035
-2889.503617 -731.513139 69.136841
-2888.763677 -733.371212 69.129647
-2888.023736 -735.229285 69.122453
-2887.283795 -737.087359 69.115259
-2886.543855 -738.945432 69.108065
-2885.803914 -740.803505 69.100871
-2885.063973 -742.661578 69.093678
-2884.324033 -744.519652 69.086484
-2883.584092 -746.377725 69.079290
-2882.844151 -748.235798 69.072096
-2882.104211 -750.093871 69.064902
-2881.364270 -751.951944 69.057708
-2880.624329 -753.810018 69.050514
-2879.884389 -755.668091 69.043320
-2879.144448 -757.526164 69.036127
-2878.404507 -759.384237 69.028933
-2877.664567 -761.242310 69.021739
-2876.924626 -763.100384 69.014545
-2876.184685 -764.958457 69.007351
-2875.444745 -766.816530 69.000157
-2874.704804 -768.674603 68.992963
-2873.964863 -770.532677 68.985770
-2873.224923 -772.390750 68.978576
-2872.484982 -774.248823 68.971382
-2871.745041 -776.106896 68.964188
-2871.005101 -777.964969 68.956994
-2870.265160 -779.823043 68.949800
-2869.525219 -781.681116 68.942606
-2868.785279 -783.539189 68.935412
-2868.045338 -785.397262 68.928219
-2867.305397 -787.255335 68.921025
-2866.565457 -789.113409 68.913831
-2865.825516 -790.971482 68.906637
-2865.085575 -792.829555 68.899443
-2864.345635 -794.687628 68.892249
-2863.605694 -796.545702 68.885055
-2862.865753 -798.403775 68.877861
-2862.125813 -800.261848 68.870668
-2861.385872 -802.119921 68.863474
-2860.645931 -803.977994 68.856280
-2859.905991 -805.836068 68.849086
-2859.166050 -807.694141 68.841892
-2858.426109 -809.552214 68.834698
-2857.686169 -811.410287 68.827504
-2856.946228 -813.268360 68.820311
-2856.206287 -815.126434 68.813117
-2855.466347 -816.984507 68.805923
-2854.726406 -818.842580 68.798729
-2853.986465 -820.700653 68.791535
-2853.246525 -822.558727 68.784341
-2852.506584 -824.416800 68.777147
-2851.766644 -826.274873 68.769953
-2851.026703 -828.132946 68.762760
-2850.286762 -829.991019 68.755566
-2849.546822 -831.849093 68.748372
-2848.806881 -833.707166 68.741178
-2848.066940 -835.565239 68.733984
-2847.327000 -837.423312 68.726790
-2846.587059 -839.281385 68.719596
-2845.847118 -841.139459 68.712403
-2845.107178 -842.997532 68.705209
-2844.367237 -844.855605 68.698015
-2843.627296 -846.713678 68.690821
-2842.887356 -848.571752 68.683627
-2842.147415 -850.429825 68.676433
-2841.407474 -852.287898 68.669239
-2840.667534 -854.145971 68.662045
-2839.927593 -856.004044 68.654852
-2839.187652 -857.862118 68.647658
-2838.447712 -859.720191 68.640464
-2837.707771 -861.578264 68.633270
-2836.967830 -863.436337 68.626076
-2836.227890 -865.294410 68.618882
-2835.487949 -867.152484 68.611688
-2834.748008 -869.010557 68.604495
-2834.008068 -870.868630 68.597301
-2833.268127 -872.726703 68.590107
-2832.528186 -874.584777 68.582913
-2831.788246 -876.442850 68.575719
-2831.048305 -878.300923 68.568525
-2830.308364 -880.158996 68.561331
-2829.568424 -882.017069 68.554137
-2828.828483 -883.875143 68.546944
-2828.088542 -885.733216 68.539750
-2827.348602 -887.591289 68.532556
-2826.608661 -889.449362 68.525362
-2825.868720 -891.307435 68.518168
-2825.128780 -893.165509 68.510974
-2824.000000 -896.000000 68.500000
-2822.632118 -897.459074 68.500000
-2821.264235 -898.918149 68.500000
-2819.896353 -900.377223 68.500000
-2818.528471 -901.836298 68.500000
-2817.160589 -903.295372 68.500000
-2815.792706 -904.754446 68.500000
-2814.424824 -906.213521 68.500000
-2813.056942 -907.672595 68.500000
-2811.689060 -909.131670 68.500000
-2810.321177 -910.590744 68.500000
-2808.953295 -912.049818 68.500000
-2807.585413 -913.508893 68.500000
-2806.217531 -914.967967 68.500000
-2804.849648 -916.427042 68.500000
-2803.481766 -917.886116 68.500000
-2802.113884 -919.345191 68.500000
-2800.746002 -920.804265 68.500000
-2799.378119 -922.263339 68.500000
-2798.010237 -923.722414 68.500000
-2796.642355 -925.181488 68.500000
-2795.274473 -926.640563 68.500000
-2793.906590 -928.099637 68.500000
-2792.538708 -929.558711 68.500000
-2791.170826 -931.017786 68.500000
-2789.802944 -932.476860 68.500000
-2788.435061 -933.935935 68.500000
-2787.067179 -935.395009 68.500000
-2785.699297 -936.854083 68.500000
-2784.331415 -938.313158 68.500000
-2782.963532 -939.772232 68.500000
-2781.595650 -941.231307 68.500000
-2780.227768 -942.690381 68.500000
-2778.859885 -944.149455 68.500000
-2777.492003 -945.608530 68.500000
-2776.124121 -947.067604 68.500000
-2774.756239 -948.526679 68.500000
-2773.388356 -949.985753 68.500000
-2772.020474 -951.444828 68.500000
-2770.652592 -952.903902 68.500000
-2769.284710 -954.362976 68.500000
-2767.916827 -955.822051 68.500000
-2766.548945 -957.281125 68.500000
-2765.181063 -958.740200 68.500000
-2763.813181 -960.199274 68.500000
-2762.445298 -961.658348 68.500000
-2761.077416 -963.117423 68.500000
-2759.709534 -964.576497 68.500000
-2758.341652 -966.035572 68.500000
-2756.973769 -967.494646 68.500000
-2755.605887 -968.953720 68.500000
-2754.238005 -970.412795 68.500000
-2752.870123 -971.871869 68.500000
-2751.502240 -973.330944 68.500000
-2750.134358 -974.790018 68.500000
-2748.766476 -976.249092 68.500000
-2747.398594 -977.708167 68.500000
-2746.030711 -979.167241 68.500000
-2744.662829 -980.626316 68.500000
-2743.294947 -982.085390 68.500000
-2741.927065 -983.544464 68.500000
-2740.559182 -985.003539 68.500000
-2739.191300 -986.462613 68.500000
-2737.823418 -987.921688 68.500000
-2736.455536 -989.380762 68.500000
-2735.087653 -990.839837 68.500000
-2733.719771 -992.298911 68.500000
-2732.351889 -993.757985 68.500000
-2730.984006 -995.217060 68.500000
-2729.616124 -996.676134 68.500000
-2728.248242 -998.135209 68.500000
-2726.880360 -999.594283 68.500000
-2725.512477 -1001.053357 68.500000
-2724.144595 -1002.512432 68.500000
-2722.776713 -1003.971506 68.500000
-2721.408831 -1005.430581 68.500000
-2720.040948 -1006.889655 68.500000
-2718.673066 -1008.348729 68.500000
-2717.305184 -1009.807804 68.500000
-2715.937302 -1011.266878 68.500000
-2714.569419 -1012.725953 68.500000
-2713.201537 -1014.185027 68.500000
-2711.833655 -1015.644101 68.500000
-2710.465773 -1017.103176 68.500000
-2709.097890 -1018.562250 68.500000
-2707.730008 -1020.021325 68.500000
-2706.362126 -1021.480399 68.500000
-2704.994244 -1022.939474 68.500000
-2703.626361 -1024.398548 68.500000
-2702.258479 -1025.857622 68.500000
-2700.890597 -1027.316697 68.500000
-2699.522715 -1028.775771 68.500000
-2698.154832 -1030.234846 68.500000
-2696.786950 -1031.693920 68.500000
-2695.419068 -1033.152994 68.500000
-2694.051186 -1034.612069 68.500000
-2692.683303 -1036.071143 68.500000
-2691.315421 -1037.530218 68.500000
-2689.947539 -1038.989292 68.500000
-2688.579656 -1040.448366 68.500000
-2687.211774 -1041.907441 68.500000
-2685.843892 -1043.366515 68.500000
-2684.476010 -1044.825590 68.500000
-2683.108127 -1046.284664 68.500000
-2681.740245 -1047.743738 68.500000
-2680.372363 -1049.202813 68.500000
-2679.004481 -1050.661887 68.500000
-2677.636598 -1052.120962 68.500000
-2676.268716 -1053.580036 68.500000
-2674.900834 -1055.039111 68.500000
-2673.532952 -1056.498185 68.500000
-2672.165069 -1057.957259 68.500000
-2670.797187 -1059.416334 68.500000
-2669.429305 -1060.875408 68.500000
-2668.061423 -1062.334483 68.500000
-2666.693540 -1063.793557 68.500000
-2665.325658 -1065.252631 68.500000
-2663.957776 -1066.711706 68.500000
-2662.589894 -1068.170780 68.500000
-2661.222011 -1069.629855 68.500000
-2659.854129 -1071.088929 68.500000
-2658.486247 -1072.548003 68.500000
-2657.118365 -1074.007078 68.500000
-2655.750482 -1075.466152 68.500000
-2654.382600 -1076.925227 68.500000
-2653.014718 -1078.384301 68.500000
-2651.646836 -1079.843375 68.500000
-2650.278953 -1081.302450 68.500000
-2648.911071 -1082.761524 68.500000
-2647.543189 -1084.220599 68.500000
-2646.175306 -1085.679673 68.500000
-2644.807424 -1087.138747 68.500000
-2643.439542 -1088.597822 68.500000
-2642.071660 -1090.056896 68.500000
-2640.703777 -1091.515971 68.500000
-2639.335895 -1092.975045 68.500000
-2637.968013 -1094.434120 68.500000
-2636.600131 -1095.893194 68.500000
-2635.232248 -1097.352268 68.500000
-2633.864366 -1098.811343 68.500000
-2632.496484 -1100.270417 68.500000
-2631.128602 -1101.729492 68.500000
-2629.760719 -1103.188566 68.500000
-2628.392837 -1104.647640 68.500000
-2627.024955 -1106.106715 68.500000
-2625.657073 -1107.565789 68.500000
-2624.289190 -1109.024864 68.500000
-2622.921308 -1110.483938 68.500000
-2621.553426 -1111.943012 68.500000
-2620.185544 -1113.402087 68.500000
-2618.817661 -1114.861161 68.500000
-2617.449779 -1116.320236 68.500000
-2616.081897 -1117.779310 68.500000
-2614.714015 -1119.238384 68.500000
-2613.346132 -1120.697459 68.500000
-2611.978250 -1122.156533 68.500000
-2610.610368 -1123.615608 68.500000
-2609.242486 -1125.074682 68.500000
-2607.874603 -1126.533757 68.500000
-2606.506721 -1127.992831 68.500000
-2605.138839 -1129.451905 68.500000
-2603.770957 -1130.910980 68.500000
-2602.403074 -1132.370054 68.500000
-2601.035192 -1133.829129 68.500000
-2599.667310 -1135.288203 68.500000
-2598.299427 -1136.747277 68.500000
-2596.931545 -1138.206352 68.500000
-2595.563663 -1139.665426 68.500000
-2594.195781 -1141.124501 68.500000
-2592.827898 -1142.583575 68.500000
-2591.460016 -1144.042649 68.500000
-2590.092134 -1145.501724 68.500000
-2588.724252 -1146.960798 68.500000
-2587.356369 -1148.419873 68.500000
-2585.988487 -1149.878947 68.500000
-2584.620605 -1151.338021 68.500000
-2583.252723 -1152.797096 68.500000
-2581.884840 -1154.256170 68.500000
-2580.516958 -1155.715245 68.500000
-2579.149076 -1157.174319 68.500000
-2577.781194 -1158.633393 68.500000
-2576.413311 -1160.092468 68.500000
-2575.045429 -1161.551542 68.500000
-2573.677547 -1163.010617 68.500000
-2572.309665 -1164.469691 68.500000
-2570.941782 -1165.928766 68.500000
-2569.573900 -1167.387840 68.500000
-2568.206018 -1168.846914 68.500000
-2566.838136 -1170.305989 68.500000
-2565.470253 -1171.765063 68.500000
-2564.102371 -1173.224138 68.500000
-2562.734489 -1174.683212 68.500000
-2561.366607 -1176.142286 68.500000
-2559.998724 -1177.601361 68.500000
-2558.630842 -1179.060435 68.500000
-2557.262960 -1180.519510 68.500000
-2555.895077 -1181.978584 68.500000
-2554.527195 -1183.437658 68.500000
-2553.159313 -1184.896733 68.500000
-2551.791431 -1186.355807 68.500000
-2550.423548 -1187.814882 68.500000
-2549.055666 -1189.273956 68.500000
-2547.687784 -1190.733030 68.500000
-2546.319902 -1192.192105 68.500000
-2544.952019 -1193.651179 68.500000
-2543.584137 -1195.110254 68.500000
-2542.216255 -1196.569328 68.500000
-2540.848373 -1198.028403 68.500000
-2539.480490 -1199.487477 68.500000
-2538.112608 -1200.946551 68.500000
-2536.744726 -1202.405626 68.500000
-2535.376844 -1203.864700 68.500000
-2534.008961 -1205.323775 68.500000
-2532.641079 -1206.782849 68.500000
-2531.273197 -1208.241923 68.500000
-2529.905315 -1209.700998 68.500000
-2528.537432 -1211.160072 68.500000
-2527.169550 -1212.619147 68.500000
-2525.801668 -1214.078221 68.500000
-2524.433786 -1215.537295 68.500000
-2523.065903 -1216.996370 68.500000
-2521.698021 -1218.455444 68.500000
-2520.330139 -1219.914519 68.500000
-2518.962257 -1221.373593 68.500000
-2517.594374 -1222.832667 68.500000
-2516.226492 -1224.291742 68.500000
-2514.858610 -1225.750816 68.500000
-2513.490727 -1227.209891 68.500000
-2512.122845 -1228.668965 68.500000
-2510.754963 -1230.128039 68.500000
-2509.387081 -1231.587114 68.500000
-2508.019198 -1233.046188 68.500000
-2506.651316 -1234.505263 68.500000
-2505.283434 -1235.964337 68.500000
-2503.915552 -1237.423412 68.500000
-2502.547669 -1238.882486 68.500000
-2501.179787 -1240.341560 68.500000
-2499.811905 -1241.800635 68.500000
-2498.444023 -1243.259709 68.500000
-2497.076140 -1244.718784 68.500000
-2495.708258 -1246.177858 68.500000
-2494.340376 -1247.636932 68.500000
-2492.972494 -1249.096007 68.500000
-2491.604611 -1250.555081 68.500000
-2490.236729 -1252.014156 68.500000
-2488.868847 -1253.473230 68.500000
-2487.500965 -1254.932304 68.500000
-2486.133082 -1256.391379 68.500000
-2484.765200 -1257.850453 68.500000
-2483.397318 -1259.309528 68.500000
-2482.029436 -1260.768602 68.500000
-2480.661553 -1262.227676 68.500000
-2479.293671 -1263.686751 68.500000
-2477.925789 -1265.145825 68.500000
-2476.557907 -1266.604900 68.500000
-2475.190024 -1268.063974 68.500000
-2473.822142 -1269.523049 68.500000
-2472.454260 -1270.982123 68.500000
-2471.086377 -1272.441197 68.500000
-2469.718495 -1273.900272 68.500000
-2468.350613 -1275.359346 68.500000
-2466.982731 -1276.818421 68.500000
-2465.614848 -1278.277495 68.500000
-2464.000000 -1280.000000 68.500000
-2464.000000 -1281.925302 67.958509
-2464.000000 -1283.850604 67.417018
-2464.000000 -1285.775906 66.875527
-2464.000000 -1287.701208 66.334035
-2464.000000 -1289.626509 65.792544
-2464.000000 -1291.551811 65.251053
-2464.000000 -1293.477113 64.709562
-2464.000000 -1295.402415 64.168071
-2464.000000 -1297.327717 63.626580
-2464.000000 -1299.253019 63.085088
-2464.000000 -1301.178321 62.543597
-2464.000000 -1303.103623 62.002106
-2464.000000 -1305.028924 61.460615
-2464.000000 -1306.954226 60.919124
-2464.000000 -1308.879528 60.377633
-2464.000000 -1310.804830 59.836142
-2464.000000 -1312.730132 59.294650
-2464.000000 -1314.655434 58.753159
-2464.000000 -1316.580736 58.211668
-2464.000000 -1318.506038 57.670177
-2464.000000 -1320.431339 57.128686
-2464.000000 -1322.356641 56.587195
-2464.000000 -1324.281943 56.045703
-2464.000000 -1326.207245 55.504212
-2464.000000 -1328.132547 54.962721
-2464.000000 -1330.057849 54.421230
-2464.000000 -1331.983151 53.879739
-2464.000000 -1333.908453 53.338248
-2464.000000 -1335.833755 52.796757
-2464.000000 -1337.759056 52.255265
-2464.000000 -1339.684358 51.713774
-2464.000000 -1341.609660 51.172283
-2464.000000 -1343.534962 50.630792
-2464.000000 -1345.460264 50.089301
-2464.000000 -1347.385566 49.547810
-2464.000000 -1349.310868 49.006318
-2464.000000 -1351.236170 48.464827
-2464.000000 -1353.161471 47.923336
-2464.000000 -1355.086773 47.381845
-2464.000000 -1357.012075 46.840354
-2464.000000 -1358.937377 46.298863
-2464.000000 -1360.862679 45.757372
-2464.000000 -1362.787981 45.215880
-2464.000000 -1364.713283 44.674389
-2464.000000 -1366.638585 44.132898
-2464.000000 -1368.563886 43.591407
-2464.000000 -1370.489188 43.049916
-2464.000000 -1372.414490 42.508425
-2464.000000 -1374.339792 41.966933
-2464.000000 -1376.265094 41.425442
-2464.000000 -1378.190396 40.883951
-2464.000000 -1380.115698 40.342460
-2464.000000 -1382.041000 39.800969
-2464.000000 -1383.966302 39.259478
-2464.000000 -1385.891603 38.717987
-2464.000000 -1387.816905 38.176495
-2464.000000 -1389.742207 37.635004
-2464.000000 -1391.667509 37.093513
-2464.000000 -1393.592811 36.552022
-2464.000000 -1395.518113 36.010531
-2464.000000 -1397.443415 35.469040
-2464.000000 -1399.368717 34.927548
-2464.000000 -1401.294018 34.386057
-2464.000000 -1403.219320 33.844566
-2464.000000 -1405.144622 33.303075
-2464.000000 -1407.069924 32.761584
-2464.000000 -1408.995226 32.220093
-2464.000000 -1410.920528 31.678602
-2464.000000 -1412.845830 31.137110
-2464.000000 -1414.771132 30.595619
-2464.000000 -1416.696434 30.054128
-2464.000000 -1418.621735 29.512637
-2464.000000 -1420.547037 28.971146
-2464.000000 -1422.472339 28.429655
-2464.000000 -1424.397641 27.888163
-2464.000000 -1426.322943 27.346672
-2464.000000 -1428.248245 26.805181
-2464.000000 -1430.173547 26.263690
-2464.000000 -1432.098849 25.722199
-2464.000000 -1434.024150 25.180708
-2464.000000 -1435.949452 24.639217
-2464.000000 -1437.874754 24.097725
-2464.000000 -1439.800056 23.556234
-2464.000000 -1441.725358 23.014743
-2464.000000 -1443.650660 22.473252
-2464.000000 -1445.575962 21.931761
-2464.000000 -1447.501264 21.390270
-2464.000000 -1449.426565 20.848778
-2464.000000 -1451.351867 20.307287
-2464.000000 -1453.277169 19.765796
-2464.000000 -1455.202471 19.224305
-2464.000000 -1457.127773 18.682814
-2464.000000 -1459.053075 18.141323
-2464.000000 -1460.978377 17.599832
-2464.000000 -1462.903679 17.058340
-2464.000000 -1464.828981 16.516849
-2464.000000 -1466.754282 15.975358
-2464.000000 -1468.679584 15.433867
-2464.000000 -1470.604886 14.892376
-2464.000000 -1472.530188 14.350885
-2464.000000 -1474.455490 13.809393
-2464.000000 -1476.380792 13.267902
-2464.000000 -1478.306094 12.726411
-2464.000000 -1480.231396 12.184920
-2464.000000 -1482.156697 11.643429
-2464.000000 -1484.081999 11.101938
-2464.000000 -1486.007301 10.560447
-2464.000000 -1487.932603 10.018955
-2464.000000 -1489.857905 9.477464
-2464.000000 -1491.783207 8.935973
-2464.000000 -1493.708509 8.394482
-2464.000000 -1495.633811 7.852991
-2464.000000 -1497.559112 7.311500
-2464.000000 -1499.484414 6.770008
-2464.000000 -1501.409716 6.228517
-2464.000000 -1503.335018 5.687026
-2464.000000 -1505.260320 5.145535
-2464.000000 -1507.185622 4.604044
-2464.000000 -1509.110924 4.062553
-2464.000000 -1511.036226 3.521062
-2464.000000 -1512.961528 2.979570
-2464.000000 -1514.886829 2.438079
-2464.000000 -1516.812131 1.896588
-2464.000000 -1518.737433 1.355097
-2464.000000 -1520.662735 0.813606
-2464.000000 -1522.588037 0.272115
-2464.000000 -1524.513339 -0.269377
-2464.000000 -1526.438641 -0.810868
-2464.000000 -1528.363943 -1.352359
-2464.000000 -1530.289244 -1.893850
-2464.000000 -1532.214546 -2.435341
-2464.000000 -1534.139848 -2.976832
-2464.000000 -1536.065150 -3.518323
-2464.000000 -1537.990452 -4.059815
-2464.000000 -1539.915754 -4.601306
-2464.000000 -1541.841056 -5.142797
-2464.000000 -1543.766358 -5.684288
-2464.000000 -1545.691659 -6.225779
-2464.000000 -1547.616961 -6.767270
-2464.000000 -1549.542263 -7.308762
-2464.000000 -1552.000000 -8.000000
-2464.501159 -1552.030960 -9.935945
-2465.002318 -1552.061919 -11.871889
-2465.503477 -1552.092879 -13.807834
-2466.004636 -1552.123839 -15.743778
-2466.505795 -1552.154798 -17.679723
-2467.006954 -1552.185758 -19.615667
-2467.508113 -1552.216717 -21.551612
-2468.009272 -1552.247677 -23.487556
-2468.510431 -1552.278637 -25.423501
-2469.011590 -1552.309596 -27.359445
-2469.512750 -1552.340556 -29.295390
-2470.013909 -1552.371516 -31.231334
-2470.515068 -1552.402475 -33.167279
-2471.016227 -1552.433435 -35.103223
-2471.517386 -1552.464394 -37.039168
-2472.018545 -1552.495354 -38.975112
-2472.519704 -1552.526314 -40.911057
-2473.020863 -1552.557273 -42.847001
-2473.522022 -1552.588233 -44.782946
-2474.023181 -1552.619193 -46.718890
-2474.524340 -1552.650152 -48.654835
-2475.025499 -1552.681112 -50.590779
-2475.526658 -1552.712072 -52.526724
-2476.027817 -1552.743031 -54.462668
-2476.528976 -1552.773991 -56.398613
-2477.030135 -1552.804950 -58.334557
-2477.531294 -1552.835910 -60.270502
-2478.032453 -1552.866870 -62.206446
-2478.533612 -1552.897829 -64.142391
-2479.034771 -1552.928789 -66.078335
-2479.535930 -1552.959749 -68.014280
-2480.037089 -1552.990708 -69.950224
-2480.538249 -1553.021668 -71.886169
-2481.039408 -1553.052627 -73.822113
-2481.540567 -1553.083587 -75.758058
-2482.041726 -1553.114547 -77.694002
-2482.542885 -1553.145506 -79.629947
-2483.044044 -1553.176466 -81.565891
-2483.545203 -1553.207426 -83.501836
-2484.046362 -1553.238385 -85.437780
-2484.547521 -1553.269345 -87.373725
-2485.048680 -1553.300305 -89.309669
-2485.549839 -1553.331264 -91.245614
-2486.050998 -1553.362224 -93.181558
-2486.552157 -1553.393183 -95.117503
-2487.053316 -1553.424143 -97.053447
-2487.554475 -1553.455103 -98.989392
-2488.055634 -1553.486062 -100.925336
-2488.556793 -1553.517022 -102.861281
-2489.057952 -1553.547982 -104.797225
-2489.559111 -1553.578941 -106.733170
-2490.060270 -1553.609901 -108.669114
-2490.561429 -1553.640861 -110.605059
-2491.062588 -1553.671820 -112.541003
-2491.563748 -1553.702780 -114.476948
-2492.064907 -1553.733739 -116.412892
-2492.566066 -1553.764699 -118.348837
-2493.067225 -1553.795659 -120.284781
-2493.568384 -1553.826618 -122.220726
-2494.069543 -1553.857578 -124.156670
-2494.570702 -1553.888538 -126.092615
-2495.071861 -1553.919497 -128.028559
-2495.573020 -1553.950457 -129.964504
-2496.074179 -1553.981416 -131.900448
-2496.575338 -1554.012376 -133.836393
-2497.076497 -1554.043336 -135.772337
-2497.577656 -1554.074295 -137.708282
-2498.078815 -1554.105255 -139.644226
-2498.579974 -1554.136215 -141.580171
-2499.081133 -1554.167174 -143.516115
-2499.582292 -1554.198134 -145.452060
-2500.083451 -1554.229094 -147.388004
-2500.584610 -1554.260053 -149.323949
-2501.085769 -1554.291013 -151.259893
-2501.586928 -1554.321972 -153.195838
-2502.088088 -1554.352932 -155.131782
-2502.589247 -1554.383892 -157.067727
-2503.090406 -1554.414851 -159.003671
-2503.591565 -1554.445811 -160.939616
-2504.092724 -1554.476771 -162.875560
-2504.593883 -1554.507730 -164.811505
-2505.095042 -1554.538690 -166.747449
-2505.596201 -1554.569649 -168.683394
-2506.097360 -1554.600609 -170.619338
-2506.598519 -1554.631569 -172.555283
-2507.099678 -1554.662528 -174.491227
-2507.600837 -1554.693488 -176.427172
-2508.101996 -1554.724448 -178.363116
-2508.603155 -1554.755407 -180.299061
-2509.104314 -1554.786367 -182.235005
-2509.605473 -1554.817327 -184.170950
-2510.106632 -1554.848286 -186.106894
-2510.607791 -1554.879246 -188.042839
-2511.108950 -1554.910205 -189.978783
-2511.610109 -1554.941165 -191.914728
-2512.111268 -1554.972125 -193.850672
-2512.612427 -1555.003084 -195.786617
-2513.113587 -1555.034044 -197.722561
-2513.614746 -1555.065004 -199.658506
-2514.115905 -1555.095963 -201.594450
-2514.617064 -1555.126923 -203.530395
-2515.118223 -1555.157882 -205.466339
-2515.619382 -1555.188842 -207.402284
-2516.120541 -1555.219802 -209.338228
-2516.621700 -1555.250761 -211.274173
-2517.122859 -1555.281721 -213.210117
-2517.624018 -1555.312681 -215.146062
-2518.125177 -1555.343640 -217.082006
-2518.626336 -1555.374600 -219.017951
-2519.127495 -1555.405560 -220.953895
-2519.628654 -1555.436519 -222.889840
-2520.129813 -1555.467479 -224.825784
-2520.630972 -1555.498438 -226.761729
-2521.132131 -1555.529398 -228.697673
-2521.633290 -1555.560358 -230.633618
-2522.134449 -1555.591317 -232.569562
-2522.635608 -1555.622277 -234.505507
-2523.136767 -1555.653237 -236.441451
-2523.637927 -1555.684196 -238.377396
-2524.139086 -1555.715156 -240.313340
-2524.640245 -1555.746115 -242.249285
-2525.141404 -1555.777075 -244.185229
-2525.642563 -1555.808035 -246.121174
-2526.143722 -1555.838994 -248.057118
-2526.644881 -1555.869954 -249.993063
-2527.146040 -1555.900914 -251.929007
-2527.647199 -1555.931873 -253.864952
-2528.148358 -1555.962833 -255.800896
-2528.649517 -1555.993793 -257.736841
-2529.150676 -1556.024752 -259.672785
-2529.651835 -1556.055712 -261.608730
-2530.152994 -1556.086671 -263.544674
-2530.654153 -1556.117631 -265.480619
-2531.155312 -1556.148591 -267.416563
-2531.656471 -1556.179550 -269.352508
-2532.157630 -1556.210510 -271.288452
-2532.658789 -1556.241470 -273.224397
-2533.159948 -1556.272429 -275.160341
-2533.661107 -1556.303389 -277.096286
-2534.162266 -1556.334349 -279.032230
-2534.663426 -1556.365308 -280.968175
-2535.164585 -1556.396268 -282.904119
-2535.665744 -1556.427227 -284.840064
-2536.166903 -1556.458187 -286.776008
-2536.668062 -1556.489147 -288.711953
-2537.169221 -1556.520106 -290.647897
-2537.670380 -1556.551066 -292.583842
-2538.171539 -1556.582026 -294.519786
-2538.672698 -1556.612985 -296.455731
-2539.173857 -1556.643945 -298.391675
-2539.675016 -1556.674904 -300.327620
-2540.176175 -1556.705864 -302.263564
-2540.677334 -1556.736824 -304.199509
-2541.178493 -1556.767783 -306.135453
-2541.679652 -1556.798743 -308.071398
-2542.180811 -1556.829703 -310.007342
-2542.681970 -1556.860662 -311.943287
-2543.183129 -1556.891622 -313.879231
-2543.684288 -1556.922582 -315.815176
-2544.185447 -1556.953541 -317.751120
-2544.686606 -1556.984501 -319.687065
-2545.187765 -1557.015460 -321.623009
-2545.688925 -1557.046420 -323.558954
-2546.190084 -1557.077380 -325.494898
-2546.691243 -1557.108339 -327.430843
-2547.192402 -1557.139299 -329.366787
-2547.693561 -1557.170259 -331.302732
-2548.194720 -1557.201218 -333.238676
-2548.695879 -1557.232178 -335.174621
-2549.197038 -1557.263137 -337.110565
-2549.698197 -1557.294097 -339.046510
-2550.199356 -1557.325057 -340.982454
-2550.700515 -1557.356016 -342.918399
-2551.201674 -1557.386976 -344.854343
-2551.702833 -1557.417936 -346.790288
-2552.203992 -1557.448895 -348.726232
-2552.705151 -1557.479855 -350.662177
-2553.206310 -1557.510815 -352.598121
-2553.707469 -1557.541774 -354.534066
-2554.208628 -1557.572734 -356.470010
-2554.709787 -1557.603693 -358.405955
-2555.210946 -1557.634653 -360.341899
-2555.712105 -1557.665613 -362.277844
-2556.213265 -1557.696572 -364.213788
-2556.714424 -1557.727532 -366.149733
-2557.215583 -1557.758492 -368.085677
-2557.716742 -1557.789451 -370.021622
-2558.217901 -1557.820411 -371.957566
-2558.719060 -1557.851370 -373.893511
-2559.220219 -1557.882330 -375.829455
-2559.721378 -1557.913290 -377.765400
-2560.222537 -1557.944249 -379.701344
-2560.723696 -1557.975209 -381.637289
-2561.224855 -1558.006169 -383.573233
-2561.726014 -1558.037128 -385.509178
-2562.227173 -1558.068088 -387.445122
-2562.728332 -1558.099048 -389.381067
-2563.229491 -1558.130007 -391.317011
-2563.730650 -1558.160967 -393.252956
-2564.231809 -1558.191926 -395.188900
-2564.732968 -1558.222886 -397.124845
-2565.234127 -1558.253846 -399.060789
-2565.735286 -1558.284805 -400.996734
-2566.236445 -1558.315765 -402.932678
-2566.737604 -1558.346725 -404.868623
-2567.238764 -1558.377684 -406.804567
-2567.739923 -1558.408644 -408.740512
-2568.241082 -1558.439603 -410.676456
-2568.742241 -1558.470563 -412.612401
-2569.243400 -1558.501523 -414.548345
-2569.744559 -1558.532482 -416.484290
-2570.245718 -1558.563442 -418.420234
-2570.746877 -1558.594402 -420.356179
-2571.248036 -1558.625361 -422.292123
-2571.749195 -1558.656321 -424.228068
-2572.250354 -1558.687281 -426.164012
-2572.751513 -1558.718240 -428.099957
-2573.252672 -1558.749200 -430.035901
-2573.753831 -1558.780159 -431.971846
-2574.254990 -1558.811119 -433.907790
-2574.756149 -1558.842079 -435.843735
-2575.257308 -1558.873038 -437.779679
-2575.758467 -1558.903998 -439.715624
-2576.259626 -1558.934958 -441.651568
-2576.760785 -1558.965917 -443.587513
-2577.261944 -1558.996877 -445.523457
-2577.763104 -1559.027837 -447.459402
-2578.264263 -1559.058796 -449.395346
-2578.765422 -1559.089756 -451.331291
-2579.266581 -1559.120715 -453.267235
-2579.767740 -1559.151675 -455.203180
-2580.268899 -1559.182635 -457.139124
-2580.770058 -1559.213594 -459.075069
-2581.271217 -1559.244554 -461.011013
-2581.772376 -1559.275514 -462.946958
-2582.273535 -1559.306473 -464.882902
-2582.774694 -1559.337433 -466.818847
-2583.275853 -1559.368392 -468.754791
-2583.777012 -1559.399352 -470.690736
-2584.278171 -1559.430312 -472.626680
-2584.779330 -1559.461271 -474.562625
-2585.280489 -1559.492231 -476.498569
-2585.781648 -1559.523191 -478.434514
-2586.282807 -1559.554150 -480.370458
-2586.783966 -1559.585110 -482.306403
-2587.285125 -1559.616070 -484.242347
-2587.786284 -1559.647029 -486.178292
-2588.287443 -1559.677989 -488.114236
-2588.788603 -1559.708948 -490.050181
-2589.289762 -1559.739908 -491.986125
-2589.790921 -1559.770868 -493.922070
-2590.292080 -1559.801827 -495.858014
-2590.793239 -1559.832787 -497.793959
-2591.294398 -1559.863747 -499.729903
-2591.795557 -1559.894706 -501.665848
-2592.296716 -1559.925666 -503.601792
-2592.797875 -1559.956625 -505.537737
-2593.299034 -1559.987585 -507.473681
-2593.800193 -1560.018545 -509.409626
-2594.301352 -1560.049504 -511.345570
-2594.802511 -1560.080464 -513.281515
-2595.303670 -1560.111424 -515.217459
-2595.804829 -1560.142383 -517.153404
-2596.305988 -1560.173343 -519.089348
-2596.807147 -1560.204303 -521.025293
-2597.308306 -1560.235262 -522.961237
-2597.809465 -1560.266222 -524.897182
-2598.310624 -1560.297181 -526.833126
-2598.811783 -1560.328141 -528.769071
-2599.312942 -1560.359101 -530.705015
-2599.814102 -1560.390060 -532.640960
-2600.315261 -1560.421020 -534.576904
-2600.816420 -1560.451980 -536.512849
-2601.317579 -1560.482939 -538.448793
-2601.818738 -1560.513899 -540.384738
-2602.319897 -1560.544858 -542.320682
-2602.821056 -1560.575818 -544.256627
-2603.322215 -1560.606778 -546.192571
-2603.823374 -1560.637737 -548.128516
-2604.324533 -1560.668697 -550.064460
-2604.825692 -1560.699657 -552.000405
-2605.326851 -1560.730616 -553.936349
-2605.828010 -1560.761576 -555.872294
-2606.329169 -1560.792536 -557.808238
-2606.830328 -1560.823495 -559.744183
-2607.331487 -1560.854455 -561.680127
-2607.832646 -1560.885414 -563.616072
-2608.333805 -1560.916374 -565.552016
-2608.834964 -1560.947334 -567.487961
-2609.336123 -1560.978293 -569.423905
-2609.837282 -1561.009253 -571.359850
-2610.338442 -1561.040213 -573.295794
-2610.839601 -1561.071172 -575.231739
-2611.340760 -1561.102132 -577.167683
-2611.841919 -1561.133091 -579.103628
-2612.343078 -1561.164051 -581.039572
-2612.844237 -1561.195011 -582.975517
-2613.345396 -1561.225970 -584.911461
-2613.846555 -1561.256930 -586.847406
-2614.347714 -1561.287890 -588.783350
-2614.848873 -1561.318849 -590.719295
-2615.350032 -1561.349809 -592.655239
-2615.851191 -1561.380769 -594.591184
-2616.352350 -1561.411728 -596.527128
-2616.853509 -1561.442688 -598.463073
-2617.354668 -1561.473647 -600.399017
-2617.855827 -1561.504607 -602.334962
-2618.356986 -1561.535567 -604.270906
-2618.858145 -1561.566526 -606.206851
-2619.359304 -1561.597486 -608.142795
-2619.860463 -1561.628446 -610.078740
-2620.361622 -1561.659405 -612.014684
-2620.862781 -1561.690365 -613.950629
-2621.363941 -1561.721325 -615.886573
-2621.865100 -1561.752284 -617.822518
-2622.366259 -1561.783244 -619.758462
-2622.867418 -1561.814203 -621.694407
-2623.368577 -1561.845163 -623.630351
-2623.869736 -1561.876123 -625.566296
-2624.370895 -1561.907082 -627.502240
-2624.872054 -1561.938042 -629.438185
-2625.373213 -1561.969002 -631.374129
-2625.874372 -1561.999961 -633.310074
-2626.375531 -1562.030921 -635.246018
-2626.876690 -1562.061880 -637.181963
-2627.377849 -1562.092840 -639.117907
-2627.879008 -1562.123800 -641.053852
-2628.380167 -1562.154759 -642.989796
-2628.881326 -1562.185719 -644.925741
-2629.382485 -1562.216679 -646.861685
-2629.883644 -1562.247638 -648.797630
-2630.384803 -1562.278598 -650.733574
-2630.885962 -1562.309558 -652.669519
-2631.387121 -1562.340517 -654.605463
-2631.888281 -1562.371477 -656.541408
-2632.389440 -1562.402436 -658.477352
-2632.890599 -1562.433396 -660.413297
-2633.391758 -1562.464356 -662.349241
-2633.892917 -1562.495315 -664.285186
-2634.394076 -1562.526275 -666.221130
-2634.895235 -1562.557235 -668.157075
-2635.396394 -1562.588194 -670.093019
-2635.897553 -1562.619154 -672.028964
-2636.398712 -1562.650113 -673.964908
-2636.899871 -1562.681073 -675.900853
-2637.401030 -1562.712033 -677.836797
-2637.902189 -1562.742992 -679.772742
-2638.403348 -1562.773952 -681.708686
-2638.904507 -1562.804912 -683.644631
-2639.405666 -1562.835871 -685.580575
-2639.906825 -1562.866831 -687.516520
-2640.407984 -1562.897791 -689.452464
-2640.909143 -1562.928750 -691.388409
-2641.410302 -1562.959710 -693.324353
-2641.911461 -1562.990669 -695.260298
-2642.412620 -1563.021629 -697.196242
-2642.913780 -1563.052589 -699.132187
-2643.414939 -1563.083548 -701.068131
-2643.916098 -1563.114508 -703.004076
-2644.417257 -1563.145468 -704.940020
-2644.918416 -1563.176427 -706.875965
-2645.419575 -1563.207387 -708.811909
-2645.920734 -1563.238346 -710.747854
-2646.421893 -1563.269306 -712.683798
-2646.923052 -1563.300266 -714.619743
-2647.424211 -1563.331225 -716.555687
-2647.925370 -1563.362185 -718.491632
-2648.426529 -1563.393145 -720.427576
-2648.927688 -1563.424104 -722.363521
-2649.428847 -1563.455064 -724.299465
-2649.930006 -1563.486024 -726.235410
-2650.431165 -1563.516983 -728.171354
-2650.932324 -1563.547943 -730.107299
-2651.433483 -1563.578902 -732.043243
-2651.934642 -1563.609862 -733.979188
-2652.435801 -1563.640822 -735.915132
-2652.936960 -1563.671781 -737.851077
-2653.438119 -1563.702741 -739.787021
-2653.939279 -1563.733701 -741.722966
-2654.440438 -1563.764660 -743.658910
-2654.941597 -1563.795620 -745.594855
-2655.442756 -1563.826580 -747.530799
-2655.943915 -1563.857539 -749.466744
-2656.445074 -1563.888499 -751.402688
-2656.946233 -1563.919458 -753.338633
-2657.447392 -1563.950418 -755.274577
-2657.948551 -1563.981378 -757.210522
-2658.449710 -1564.012337 -759.146466
-2658.950869 -1564.043297 -761.082411
-2659.452028 -1564.074257 -763.018355
-2659.953187 -1564.105216 -764.954300
-2660.454346 -1564.136176 -766.890244
-2660.955505 -1564.167135 -768.826189
-2661.456664 -1564.198095 -770.762133
-2661.957823 -1564.229055 -772.698078
-2662.458982 -1564.260014 -774.634022
-2662.960141 -1564.290974 -776.569967
-2663.461300 -1564.321934 -778.505911
-2663.962459 -1564.352893 -780.441856
-2664.463619 -1564.383853 -782.377800
-2664.964778 -1564.414813 -784.313745
-2665.465937 -1564.445772 -786.249689
-2665.967096 -1564.476732 -788.185634
-2666.468255 -1564.507691 -790.121578
-2666.969414 -1564.538651 -792.057523
-2667.470573 -1564.569611 -793.993467
-2667.971732 -1564.600570 -795.929412
-2668.472891 -1564.631530 -797.865356
-2668.974050 -1564.662490 -799.801301
-2669.475209 -1564.693449 -801.737245
-2669.976368 -1564.724409 -803.673190
-2670.477527 -1564.755368 -805.609134
-2670.978686 -1564.786328 -807.545079
-2671.479845 -1564.817288 -809.481023
-2671.981004 -1564.848247 -811.416968
-2672.482163 -1564.879207 -813.352912
-2672.983322 -1564.910167 -815.288857
-2673.484481 -1564.941126 -817.224801
-2673.985640 -1564.972086 -819.160746
-2674.486799 -1565.003046 -821.096690
-2674.987958 -1565.034005 -823.032635
-2675.489118 -1565.064965 -824.968579
-2675.990277 -1565.095924 -826.904524
-2676.491436 -1565.126884 -828.840468
-2676.992595 -1565.157844 -830.776413
-2677.493754 -1565.188803 -832.712357
-2677.994913 -1565.219763 -834.648302
-2678.496072 -1565.250723 -836.584246
-2678.997231 -1565.281682 -838.520191
-2679.498390 -1565.312642 -840.456135
-2679.999549 -1565.343601 -842.392080
-2680.500708 -1565.374561 -844.328024
-2681.001867 -1565.405521 -846.263969
-2681.503026 -1565.436480 -848.199913
-2682.004185 -1565.467440 -850.135858
-2682.505344 -1565.498400 -852.071802
-2683.006503 -1565.529359 -854.007747
-2683.507662 -1565.560319 -855.943692
-2684.008821 -1565.591279 -857.879636
-2684.509980 -1565.622238 -859.815581
-2685.011139 -1565.653198 -861.751525
-2685.512298 -1565.684157 -863.687470
-2686.013457 -1565.715117 -865.623414
-2686.514617 -1565.746077 -867.559359
-2687.015776 -1565.777036 -869.495303
-2687.516935 -1565.807996 -871.431248
-2688.018094 -1565.838956 -873.367192
-2688.519253 -1565.869915 -875.303137
-2689.020412 -1565.900875 -877.239081
-2689.521571 -1565.931834 -879.175026
-2690.022730 -1565.962794 -881.110970
-2690.523889 -1565.993754 -883.046915
-2691.025048 -1566.024713 -884.982859
-2691.526207 -1566.055673 -886.918804
-2692.027366 -1566.086633 -888.854748
-2692.528525 -1566.117592 -890.790693
-2693.029684 -1566.148552 -892.726637
-2693.530843 -1566.179512 -894.662582
-2694.032002 -1566.210471 -896.598526
-2694.533161 -1566.241431 -898.534471
-2695.034320 -1566.272390 -900.470415
-2695.535479 -1566.303350 -902.406360
-2696.036638 -1566.334310 -904.342304
-2696.537797 -1566.365269 -906.278249
-2697.038957 -1566.396229 -908.214193
-2697.540116 -1566.427189 -910.150138
-2698.041275 -1566.458148 -912.086082
-2698.542434 -1566.489108 -914.022027
-2699.043593 -1566.520068 -915.957971
-2699.544752 -1566.551027 -917.893916
-2700.045911 -1566.581987 -919.829860
-2700.547070 -1566.612946 -921.765805
-2701.048229 -1566.643906 -923.701749
-2701.549388 -1566.674866 -925.637694
-2702.050547 -1566.705825 -927.573638
-2702.551706 -1566.736785 -929.509583
-2703.052865 -1566.767745 -931.445527
-2703.554024 -1566.798704 -933.381472
-2704.055183 -1566.829664 -935.317416
-2704.556342 -1566.860623 -937.253361
-2705.057501 -1566.891583 -939.189305
-2705.558660 -1566.922543 -941.125250
-2706.059819 -1566.953502 -943.061194
-2706.560978 -1566.984462 -944.997139
-2707.062137 -1567.015422 -946.933083
-2707.563296 -1567.046381 -948.869028
-2708.064456 -1567.077341 -950.804972
-2708.565615 -1567.108301 -952.740917
-2709.066774 -1567.139260 -954.676861
-2709.567933 -1567.170220 -956.612806
-2710.069092 -1567.201179 -958.548750
-2710.570251 -1567.232139 -960.484695
-2711.071410 -1567.263099 -962.420639
-2711.572569 -1567.294058 -964.356584
-2712.073728 -1567.325018 -966.292528
-2712.574887 -1567.355978 -968.228473
-2713.076046 -1567.386937 -970.164417
-2713.577205 -1567.417897 -972.100362
-2714.078364 -1567.448856 -974.036306
-2714.579523 -1567.479816 -975.972251
-2715.080682 -1567.510776 -977.908195
-2715.581841 -1567.541735 -979.844140
-2716.083000 -1567.572695 -981.780084
-2716.584159 -1567.603655 -983.716029
-2717.085318 -1567.634614 -985.651973
-2717.586477 -1567.665574 -987.587918
-2718.087636 -1567.696534 -989.523862
-2718.588796 -1567.727493 -991.459807
-2719.089955 -1567.758453 -993.395751
-2719.591114 -1567.789412 -995.331696
-2720.092273 -1567.820372 -997.267640
-2720.593432 -1567.851332 -999.203585
-2721.094591 -1567.882291 -1001.139529
-2721.595750 -1567.913251 -1003.075474
-2722.096909 -1567.944211 -1005.011418
-2722.598068 -1567.975170 -1006.947363
-2723.099227 -1568.006130 -1008.883307
-2723.600386 -1568.037089 -1010.819252
-2724.101545 -1568.068049 -1012.755196
-2724.602704 -1568.099009 -1014.691141
-2725.103863 -1568.129968 -1016.627085
-2725.605022 -1568.160928 -1018.563030
-2726.106181 -1568.191888 -1020.498974
-2726.607340 -1568.222847 -1022.434919
-2727.108499 -1568.253807 -1024.370863
-2727.609658 -1568.284767 -1026.306808
-2728.110817 -1568.315726 -1028.242752
-2728.611976 -1568.346686 -1030.178697
-2729.113135 -1568.377645 -1032.114641
-2729.614295 -1568.408605 -1034.050586
-2730.115454 -1568.439565 -1035.986530
-2730.616613 -1568.470524 -1037.922475
-2731.117772 -1568.501484 -1039.858419
-2731.618931 -1568.532444 -1041.794364
-2732.120090 -1568.563403 -1043.730308
-2732.621249 -1568.594363 -1045.666253
-2733.122408 -1568.625322 -1047.602197
-2733.623567 -1568.656282 -1049.538142
-2734.124726 -1568.687242 -1051.474086
-2734.625885 -1568.718201 -1053.410031
-2735.127044 -1568.749161 -1055.345975
-2735.628203 -1568.780121 -1057.281920
-2736.129362 -1568.811080 -1059.217864
-2736.630521 -1568.842040 -1061.153809
-2737.131680 -1568.873000 -1063.089753
-2737.632839 -1568.903959 -1065.025698
-2738.133998 -1568.934919 -1066.961642
-2738.635157 -1568.965878 -1068.897587
-2739.136316 -1568.996838 -1070.833531
-2739.637475 -1569.027798 -1072.769476
-2740.138634 -1569.058757 -1074.705420
-2740.639794 -1569.089717 -1076.641365
-2741.140953 -1569.120677 -1078.577309
-2741.642112 -1569.151636 -1080.513254
-2742.143271 -1569.182596 -1082.449198
-2742.644430 -1569.213556 -1084.385143
-2743.145589 -1569.244515 -1086.321087
-2743.646748 -1569.275475 -1088.257032
-2744.147907 -1569.306434 -1090.192976
-2744.649066 -1569.337394 -1092.128921
-2745.150225 -1569.368354 -1094.064865
-2745.651384 -1569.399313 -1096.000810
-2746.152543 -1569.430273 -1097.936754
-2746.653702 -1569.461233 -1099.872699
-2747.154861 -1569.492192 -1101.808643
-2747.656020 -1569.523152 -1103.744588
-2748.157179 -1569.554111 -1105.680532
-2748.658338 -1569.585071 -1107.616477
-2749.159497 -1569.616031 -1109.552421
-2749.660656 -1569.646990 -1111.488366
-2750.161815 -1569.677950 -1113.424310
-2750.662974 -1569.708910 -1115.360255
-2751.164134 -1569.739869 -1117.296199
-2751.665293 -1569.770829 -1119.232144
-2752.166452 -1569.801789 -1121.168088
-2752.667611 -1569.832748 -1123.104033
-2753.168770 -1569.863708 -1125.039977
-2753.669929 -1569.894667 -1126.975922
-2754.171088 -1569.925627 -1128.911866
-2754.672247 -1569.956587 -1130.847811
-2755.173406 -1569.987546 -1132.783755
-2755.674565 -1570.018506 -1134.719700
-2756.175724 -1570.049466 -1136.655644
-2756.676883 -1570.080425 -1138.591589
-2757.178042 -1570.111385 -1140.527533
-2757.679201 -1570.142344 -1142.463478
-2758.180360 -1570.173304 -1144.399422
-2758.681519 -1570.204264 -1146.335367
-2759.182678 -1570.235223 -1148.271311
-2759.683837 -1570.266183 -1150.207256
-2760.184996 -1570.297143 -1152.143200
-2760.686155 -1570.328102 -1154.079145
-2761.187314 -1570.359062 -1156.015089
-2761.688473 -1570.390022 -1157.951034
-2762.189633 -1570.420981 -1159.886978
-2762.690792 -1570.451941 -1161.822923
-2763.191951 -1570.482900 -1163.758867
-2763.693110 -1570.513860 -1165.694812
-2764.194269 -1570.544820 -1167.630756
-2764.695428 -1570.575779 -1169.566701
-2765.196587 -1570.606739 -1171.502645
-2765.697746 -1570.637699 -1173.438590
-2766.198905 -1570.668658 -1175.374534
-2766.700064 -1570.699618 -1177.310479
-2767.201223 -1570.730577 -1179.246423
-2767.702382 -1570.761537 -1181.182368
-2768.203541 -1570.792497 -1183.118312
-2768.704700 -1570.823456 -1185.054257
-2769.205859 -1570.854416 -1186.990201
-2769.707018 -1570.885376 -1188.926146
-2770.208177 -1570.916335 -1190.862090
-2770.709336 -1570.947295 -1192.798035
-2771.210495 -1570.978255 -1194.733979
-2771.711654 -1571.009214 -1196.669924
-2772.212813 -1571.040174 -1198.605868
-2772.713973 -1571.071133 -1200.541813
-2773.215132 -1571.102093 -1202.477757
-2773.716291 -1571.133053 -1204.413702
-2774.217450 -1571.164012 -1206.349646
-2774.718609 -1571.194972 -1208.285591
-2775.219768 -1571.225932 -1210.221535
-2775.720927 -1571.256891 -1212.157480
-2776.222086 -1571.287851 -1214.093424
-2776.723245 -1571.318810 -1216.029369
-2777.224404 -1571.349770 -1217.965313
-2777.725563 -1571.380730 -1219.901258
-2778.226722 -1571.411689 -1221.837202
-2778.727881 -1571.442649 -1223.773147
-2779.229040 -1571.473609 -1225.709091
-2779.730199 -1571.504568 -1227.645036
-2780.231358 -1571.535528 -1229.580980
-2780.732517 -1571.566488 -1231.516925
-2781.233676 -1571.597447 -1233.452869
-2781.734835 -1571.628407 -1235.388814
-2782.235994 -1571.659366 -1237.324758
-2782.737153 -1571.690326 -1239.260703
-2783.238312 -1571.721286 -1241.196647
-2783.739472 -1571.752245 -1243.132592
-2784.240631 -1571.783205 -1245.068536
-2784.741790 -1571.814165 -1247.004481
-2785.242949 -1571.845124 -1248.940425
-2785.744108 -1571.876084 -1250.876370
-2786.245267 -1571.907044 -1252.812314
-2786.746426 -1571.938003 -1254.748259
-2787.247585 -1571.968963 -1256.684203
-2787.748744 -1571.999922 -1258.620148
-2788.249903 -1572.030882 -1260.556092
-2788.751062 -1572.061842 -1262.492037
-2789.252221 -1572.092801 -1264.427981
-2789.753380 -1572.123761 -1266.363926
-2790.254539 -1572.154721 -1268.299870
-2790.755698 -1572.185680 -1270.235815
-2791.256857 -1572.216640 -1272.171759
-2791.758016 -1572.247599 -1274.107704
-2792.259175 -1572.278559 -1276.043648
-2792.760334 -1572.309519 -1277.979593
-2793.261493 -1572.340478 -1279.915537
-2793.762652 -1572.371438 -1281.851482
-2794.263811 -1572.402398 -1283.787426
-2794.764971 -1572.433357 -1285.723371
-2795.266130 -1572.464317 -1287.659315
-2795.767289 -1572.495277 -1289.595260
-2796.268448 -1572.526236 -1291.531204
-2796.769607 -1572.557196 -1293.467149
-2797.270766 -1572.588155 -1295.403093
-2797.771925 -1572.619115 -1297.339038
-2798.273084 -1572.650075 -1299.274982
-2798.774243 -1572.681034 -1301.210927
-2799.275402 -1572.711994 -1303.146871
-2799.776561 -1572.742954 -1305.082816
-2800.277720 -1572.773913 -1307.018760
-2800.778879 -1572.804873 -1308.954705
-2801.280038 -1572.835832 -1310.890649
-2801.781197 -1572.866792 -1312.826594
-2802.282356 -1572.897752 -1314.762538
-2802.783515 -1572.928711 -1316.698483
-2803.284674 -1572.959671 -1318.634427
-2803.785833 -1572.990631 -1320.570372
-2804.286992 -1573.021590 -1322.506316
-2804.788151 -1573.052550 -1324.442261
-2805.289311 -1573.083510 -1326.378205
-2805.790470 -1573.114469 -1328.314150
-2806.291629 -1573.145429 -1330.250094
-2806.792788 -1573.176388 -1332.186039
-2807.293947 -1573.207348 -1334.121983
-2807.795106 -1573.238308 -1336.057928
-2808.296265 -1573.269267 -1337.993872
-2808.797424 -1573.300227 -1339.929817
-2809.298583 -1573.331187 -1341.865761
-2809.799742 -1573.362146 -1343.801706
-2810.300901 -1573.393106 -1345.737650
-2810.802060 -1573.424065 -1347.673595
-2811.303219 -1573.455025 -1349.609539
-2811.804378 -1573.485985 -1351.545484
-2812.305537 -1573.516944 -1353.481428
-2812.806696 -1573.547904 -1355.417373
-2813.307855 -1573.578864 -1357.353317
-2813.809014 -1573.609823 -1359.289262
-2814.310173 -1573.640783 -1361.225206
-2814.811332 -1573.671743 -1363.161151
-2815.312491 -1573.702702 -1365.097095
-2815.813650 -1573.733662 -1367.033040
-2816.314810 -1573.764621 -1368.968984
-2816.815969 -1573.795581 -1370.904929
-2817.317128 -1573.826541 -1372.840873
-2817.818287 -1573.857500 -1374.776818
-2818.319446 -1573.888460 -1376.712762
-2818.820605 -1573.919420 -1378.648707
-2819.321764 -1573.950379 -1380.584651
-2819.822923 -1573.981339 -1382.520596
-2820.324082 -1574.012298 -1384.456540
-2820.825241 -1574.043258 -1386.392485
-2821.326400 -1574.074218 -1388.328429
-2821.827559 -1574.105177 -1390.264374
-2822.328718 -1574.136137 -1392.200318
-2822.829877 -1574.167097 -1394.136263
-2823.331036 -1574.198056 -1396.072207
-2823.832195 -1574.229016 -1398.008152
-2824.333354 -1574.259976 -1399.944096
-2824.834513 -1574.290935 -1401.880041
-2825.335672 -1574.321895 -1403.815985
-2825.836831 -1574.352854 -1405.751930
-2826.337990 -1574.383814 -1407.687874
-2826.839150 -1574.414774 -1409.623819
-2827.340309 -1574.445733 -1411.559763
-2827.841468 -1574.476693 -1413.495708
-2828.342627 -1574.507653 -1415.431652
-2828.843786 -1574.538612 -1417.367597
-2829.344945 -1574.569572 -1419.303541
-2829.846104 -1574.600532 -1421.239486
-2830.347263 -1574.631491 -1423.175430
-2830.848422 -1574.662451 -1425.111375
-2831.349581 -1574.693410 -1427.047319
-2831.850740 -1574.724370 -1428.983264
-2832.351899 -1574.755330 -1430.919208
-2832.853058 -1574.786289 -1432.855153
-2833.354217 -1574.817249 -1434.791097
-2833.855376 -1574.848209 -1436.727042
-2834.356535 -1574.879168 -1438.662986
-2834.857694 -1574.910128 -1440.598931
-2835.358853 -1574.941087 -1442.534875
-2835.860012 -1574.972047 -1444.470820
-2836.361171 -1575.003007 -1446.406764
-2836.862330 -1575.033966 -1448.342709
-2837.363489 -1575.064926 -1450.278653
-2837.864649 -1575.095886 -1452.214598
-2838.365808 -1575.126845 -1454.150542
-2838.866967 -1575.157805 -1456.086487
-2839.368126 -1575.188765 -1458.022431
-2839.869285 -1575.219724 -1459.958376
-2840.370444 -1575.250684 -1461.894320
-2840.871603 -1575.281643 -1463.830265
-2841.372762 -1575.312603 -1465.766209
-2841.873921 -1575.343563 -1467.702154
-2842.375080 -1575.374522 -1469.638098
-2842.876239 -1575.405482 -1471.574043
-2843.377398 -1575.436442 -1473.509987
-2843.878557 -1575.467401 -1475.445932
-2844.379716 -1575.498361 -1477.381876
-2844.880875 -1575.529320 -1479.317821
-2845.382034 -1575.560280 -1481.253765
-2845.883193 -1575.591240 -1483.189710
-2846.384352 -1575.622199 -1485.125654
-2846.885511 -1575.653159 -1487.061599
-2847.386670 -1575.684119 -1488.997543
-2847.887829 -1575.715078 -1490.933488
-2848.388988 -1575.746038 -1492.869432
-2848.890148 -1575.776998 -1494.805377
-2849.391307 -1575.807957 -1496.741321
-2849.892466 -1575.838917 -1498.677266
-2850.393625 -1575.869876 -1500.613210
-2850.894784 -1575.900836 -1502.549155
-2851.395943 -1575.931796 -1504.485099
-2851.897102 -1575.962755 -1506.421044
-2852.398261 -1575.993715 -1508.356988
-2852.899420 -1576.024675 -1510.292933
-2853.400579 -1576.055634 -1512.228877
-2853.901738 -1576.086594 -1514.164822
-2854.402897 -1576.117553 -1516.100766
-2854.904056 -1576.148513 -1518.036711
-2855.405215 -1576.179473 -1519.972655
-2855.906374 -1576.210432 -1521.908600
-2856.407533 -1576.241392 -1523.844544
-2856.908692 -1576.272352 -1525.780489
-2857.409851 -1576.303311 -1527.716433
-2857.911010 -1576.334271 -1529.652378
-2858.412169 -1576.365231 -1531.588322
-2858.913328 -1576.396190 -1533.524267
-2859.414488 -1576.427150 -1535.460211
-2859.915647 -1576.458109 -1537.396156
-2860.416806 -1576.489069 -1539.332100
-2860.917965 -1576.520029 -1541.268045
-2861.419124 -1576.550988 -1543.203989
-2861.920283 -1576.581948 -1545.139934
-2862.421442 -1576.612908 -1547.075878
-2862.922601 -1576.643867 -1549.011823
-2863.423760 -1576.674827 -1550.947767
-2863.924919 -1576.705786 -1552.883712
-2864.426078 -1576.736746 -1554.819656
-2864.927237 -1576.767706 -1556.755601
-2865.428396 -1576.798665 -1558.691545
-2865.929555 -1576.829625 -1560.627490
-2866.430714 -1576.860585 -1562.563434
-2866.931873 -1576.891544 -1564.499379
-2867.433032 -1576.922504 -1566.435323
-2867.934191 -1576.953464 -1568.371268
-2868.435350 -1576.984423 -1570.307212
-2868.936509 -1577.015383 -1572.243157
-2869.437668 -1577.046342 -1574.179101
-2869.938827 -1577.077302 -1576.115046
-2870.439987 -1577.108262 -1578.050990
-2870.941146 -1577.139221 -1579.986935
-2871.442305 -1577.170181 -1581.922879
-2871.943464 -1577.201141 -1583.858824
-2872.444623 -1577.232100 -1585.794768
-2872.945782 -1577.263060 -1587.730713
-2873.446941 -1577.294020 -1589.666657
-2873.948100 -1577.324979 -1591.602602
-2874.449259 -1577.355939 -1593.538546
-2874.950418 -1577.386898 -1595.474491
-2875.451577 -1577.417858 -1597.410435
-2875.952736 -1577.448818 -1599.346380
-2876.453895 -1577.479777 -1601.282324
-2876.955054 -1577.510737 -1603.218269
-2877.456213 -1577.541697 -1605.154213
-2877.957372 -1577.572656 -1607.090158
-2878.458531 -1577.603616 -1609.026102
-2878.959690 -1577.634575 -1610.962047
-2879.460849 -1577.665535 -1612.897991
-2879.962008 -1577.696495 -1614.833936
-2880.463167 -1577.727454 -1616.769880
-2880.964326 -1577.758414 -1618.705825
-2881.465486 -1577.789374 -1620.641769
-2881.966645 -1577.820333 -1622.577714
-2882.467804 -1577.851293 -1624.513658
-2882.968963 -1577.882253 -1626.449603
-2883.470122 -1577.913212 -1628.385547
-2883.971281 -1577.944172 -1630.321492
-2884.472440 -1577.975131 -1632.257436
-2884.973599 -1578.006091 -1634.193381
-2885.474758 -1578.037051 -1636.129325
-2885.975917 -1578.068010 -1638.065270
-2886.477076 -1578.098970 -1640.001214
-2886.978235 -1578.129930 -1641.937159
-2887.479394 -1578.160889 -1643.873103
-2887.980553 -1578.191849 -1645.809048
-2888.481712 -1578.222808 -1647.744992
-2888.982871 -1578.253768 -1649.680937
-2889.484030 -1578.284728 -1651.616881
-2889.985189 -1578.315687 -1653.552826
-2890.486348 -1578.346647 -1655.488770
-2890.987507 -1578.377607 -1657.424715
-2891.488666 -1578.408566 -1659.360659
-2891.989826 -1578.439526 -1661.296604
-2892.490985 -1578.470486 -1663.232548
-2892.992144 -1578.501445 -1665.168493
-2893.493303 -1578.532405 -1667.104437
-2893.994462 -1578.563364 -1669.040382
-2894.495621 -1578.594324 -1670.976326
-2894.996780 -1578.625284 -1672.912271
-2895.497939 -1578.656243 -1674.848215
-2895.999098 -1578.687203 -1676.784160
-2896.500257 -1578.718163 -1678.720104
-2897.001416 -1578.749122 -1680.656049
-2897.502575 -1578.780082 -1682.591993
-2898.003734 -1578.811041 -1684.527938
-2898.504893 -1578.842001 -1686.463882
-2899.006052 -1578.872961 -1688.399827
-2899.507211 -1578.903920 -1690.335771
-2900.008370 -1578.934880 -1692.271716
-2900.509529 -1578.965840 -1694.207660
-2901.010688 -1578.996799 -1696.143605
-2901.511847 -1579.027759 -1698.079549
-2902.013006 -1579.058719 -1700.015494
-2902.514165 -1579.089678 -1701.951439
-2903.015325 -1579.120638 -1703.887383
-2903.516484 -1579.151597 -1705.823328
-2904.017643 -1579.182557 -1707.759272
-2904.518802 -1579.213517 -1709.695217
-2905.019961 -1579.244476 -1711.631161
-2905.521120 -1579.275436 -1713.567106
-2906.022279 -1579.306396 -1715.503050
-2906.523438 -1579.337355 -1717.438995
-2907.024597 -1579.368315 -1719.374939
-2907.525756 -1579.399274 -1721.310884
-2908.026915 -1579.430234 -1723.246828
-2908.528074 -1579.461194 -1725.182773
-2909.029233 -1579.492153 -1727.118717
-2909.530392 -1579.523113 -1729.054662
-2910.031551 -1579.554073 -1730.990606
-2910.532710 -1579.585032 -1732.926551
-2911.033869 -1579.615992 -1734.862495
-2911.535028 -1579.646952 -1736.798440
-2912.036187 -1579.677911 -1738.734384
-2912.537346 -1579.708871 -1740.670329
-2913.038505 -1579.739830 -1742.606273
-2913.539665 -1579.770790 -1744.542218
-2914.040824 -1579.801750 -1746.478162
-2914.541983 -1579.832709 -1748.414107
-2915.043142 -1579.863669 -1750.350051
-2915.544301 -1579.894629 -1752.285996
-2916.045460 -1579.925588 -1754.221940
-2916.546619 -1579.956548 -1756.157885
-2917.047778 -1579.987508 -1758.093829
-2917.548937 -1580.018467 -1760.029774
-2918.050096 -1580.049427 -1761.965718
-2918.551255 -1580.080386 -1763.901663
-2919.052414 -1580.111346 -1765.837607
-2919.553573 -1580.142306 -1767.773552
-2920.054732 -1580.173265 -1769.709496
-2920.555891 -1580.204225 -1771.645441
-2921.057050 -1580.235185 -1773.581385
-2921.558209 -1580.266144 -1775.517330
-2922.059368 -1580.297104 -1777.453274
-2922.560527 -1580.328063 -1779.389219
-2923.061686 -1580.359023 -1781.325163
-2923.562845 -1580.389983 -1783.261108
-2924.064004 -1580.420942 -1785.197052
-2924.565164 -1580.451902 -1787.132997
-2925.066323 -1580.482862 -1789.068941
-2925.567482 -1580.513821 -1791.004886
-2926.068641 -1580.544781 -1792.940830
-2926.569800 -1580.575741 -1794.876775
-2927.070959 -1580.606700 -1796.812719
-2927.572118 -1580.637660 -1798.748664
-2928.073277 -1580.668619 -1800.684608
-2928.574436 -1580.699579 -1802.620553
-2929.075595 -1580.730539 -1804.556497
-2929.576754 -1580.761498 -1806.492442
-2930.077913 -1580.792458 -1808.428386
-2930.579072 -1580.823418 -1810.364331
-2931.080231 -1580.854377 -1812.300275
-2931.581390 -1580.885337 -1814.236220
-2932.082549 -1580.916296 -1816.172164
-2932.583708 -1580.947256 -1818.108109
-2933.084867 -1580.978216 -1820.044053
-2933.586026 -1581.009175 -1821.979998
-2934.087185 -1581.040135 -1823.915942
-2934.588344 -1581.071095 -1825.851887
-2935.089503 -1581.102054 -1827.787831
-2935.590663 -1581.133014 -1829.723776
-2936.091822 -1581.163974 -1831.659720
-2936.592981 -1581.194933 -1833.595665
-2937.094140 -1581.225893 -1835.531609
-2937.595299 -1581.256852 -1837.467554
-2938.096458 -1581.287812 -1839.403498
-2938.597617 -1581.318772 -1841.339443
-2939.098776 -1581.349731 -1843.275387
-2939.599935 -1581.380691 -1845.211332
-2940.101094 -1581.411651 -1847.147276
-2940.602253 -1581.442610 -1849.083221
-2941.103412 -1581.473570 -1851.019165
-2941.604571 -1581.504529 -1852.955110
-2942.105730 -1581.535489 -1854.891054
-2942.606889 -1581.566449 -1856.826999
-2943.108048 -1581.597408 -1858.762943
-2943.609207 -1581.628368 -1860.698888
-2944.110366 -1581.659328 -1862.634832
-2944.611525 -1581.690287 -1864.570777
-2945.112684 -1581.721247 -1866.506721
-2945.613843 -1581.752207 -1868.442666
-2946.115003 -1581.783166 -1870.378610
-2946.616162 -1581.814126 -1872.314555
-2947.117321 -1581.845085 -1874.250499
-2947.618480 -1581.876045 -1876.186444
-2948.119639 -1581.907005 -1878.122388
-2948.620798 -1581.937964 -1880.058333
-2949.121957 -1581.968924 -1881.994277
-2949.623116 -1581.999884 -1883.930222
-2950.124275 -1582.030843 -1885.866166
-2950.625434 -1582.061803 -1887.802111
-2951.126593 -1582.092763 -1889.738055
-2951.627752 -1582.123722 -1891.674000
-2952.128911 -1582.154682 -1893.609944
-2952.630070 -1582.185641 -1895.545889
-2953.131229 -1582.216601 -1897.481833
-2953.632388 -1582.247561 -1899.417778
-2954.133547 -1582.278520 -1901.353722
-2954.634706 -1582.309480 -1903.289667
-2955.135865 -1582.340440 -1905.225611
-2955.637024 -1582.371399 -1907.161556
-2956.138183 -1582.402359 -1909.097500
-2956.639342 -1582.433318 -1911.033445
-2957.140502 -1582.464278 -1912.969389
-2957.641661 -1582.495238 -1914.905334
-2958.142820 -1582.526197 -1916.841278
-2958.643979 -1582.557157 -1918.777223
-2959.145138 -1582.588117 -1920.713167
-2959.646297 -1582.619076 -1922.649112
-2960.147456 -1582.650036 -1924.585056
-2960.648615 -1582.680996 -1926.521001
-2961.149774 -1582.711955 -1928.456945
-2961.650933 -1582.742915 -1930.392890
-2962.152092 -1582.773874 -1932.328834
-2962.653251 -1582.804834 -1934.264779
-2963.154410 -1582.835794 -1936.200723
-2963.655569 -1582.866753 -1938.136668
-2964.156728 -1582.897713 -1940.072612
-2964.657887 -1582.928673 -1942.008557
-2965.159046 -1582.959632 -1943.944501
-2965.660205 -1582.990592 -1945.880446
-2966.161364 -1583.021551 -1947.816390
-2966.662523 -1583.052511 -1949.752335
-2967.163682 -1583.083471 -1951.688279
-2967.664842 -1583.114430 -1953.624224
-2968.166001 -1583.145390 -1955.560168
-2968.667160 -1583.176350 -1957.496113
-2969.168319 -1583.207309 -1959.432057
-2969.669478 -1583.238269 -1961.368002
-2970.170637 -1583.269229 -1963.303946
-2970.671796 -1583.300188 -1965.239891
-2971.172955 -1583.331148 -1967.175835
-2971.674114 -1583.362107 -1969.111780
-2972.175273 -1583.393067 -1971.047724
-2972.676432 -1583.424027 -1972.983669
-2973.177591 -1583.454986 -1974.919613
-2973.678750 -1583.485946 -1976.855558
-2974.179909 -1583.516906 -1978.791502
-2974.681068 -1583.547865 -1980.727447
-2975.182227 -1583.578825 -1982.663391
-2975.683386 -1583.609784 -1984.599336
-2976.184545 -1583.640744 -1986.535280
-2976.685704 -1583.671704 -1988.471225
-2977.186863 -1583.702663 -1990.407169
-2977.688022 -1583.733623 -1992.343114
-2978.189181 -1583.764583 -1994.279058
-2978.690341 -1583.795542 -1996.215003
-2979.191500 -1583.826502 -1998.150947
-2979.692659 -1583.857462 -2000.086892
-2980.193818 -1583.888421 -2002.022836
-2980.694977 -1583.919381 -2003.958781
-2981.196136 -1583.950340 -2005.894725
-2981.697295 -1583.981300 -2007.830670
-2982.198454 -1584.012260 -2009.766614
-2982.699613 -1584.043219 -2011.702559
-2983.200772 -1584.074179 -2013.638503
-2983.701931 -1584.105139 -2015.574448
-2984.203090 -1584.136098 -2017.510392
-2984.704249 -1584.167058 -2019.446337
-2985.205408 -1584.198017 -2021.382281
-2985.706567 -1584.228977 -2023.318226
-2986.207726 -1584.259937 -2025.254170
-2986.708885 -1584.290896 -2027.190115
-2987.210044 -1584.321856 -2029.126059
-2987.711203 -1584.352816 -2031.062004
-2988.212362 -1584.383775 -2032.997948
-2988.713521 -1584.414735 -2034.933893
-2989.214680 -1584.445695 -2036.869837
-2989.715840 -1584.476654 -2038.805782
-2990.216999 -1584.507614 -2040.741726
-2990.718158 -1584.538573 -2042.677671
-2991.219317 -1584.569533 -2044.613615
-2991.720476 -1584.600493 -2046.549560
-2992.221635 -1584.631452 -2048.485504
-2992.722794 -1584.662412 -2050.421449
-2993.223953 -1584.693372 -2052.357393
-2993.725112 -1584.724331 -2054.293338
-2994.226271 -1584.755291 -2056.229282
-2994.727430 -1584.786251 -2058.165227
-2995.228589 -1584.817210 -2060.101171
-2995.729748 -1584.848170 -2062.037116
-2996.230907 -1584.879129 -2063.973060
-2996.732066 -1584.910089 -2065.909005
-2997.233225 -1584.941049 -2067.844949
-2997.734384 -1584.972008 -2069.780894
-2998.235543 -1585.002968 -2071.716838
-2998.736702 -1585.033928 -2073.652783
-2999.237861 -1585.064887 -2075.588727
-2999.739020 -1585.095847 -2077.524672
-3000.240180 -1585.126806 -2079.460616
-3000.741339 -1585.157766 -2081.396561
-3001.242498 -1585.188726 -2083.332505
-3001.743657 -1585.219685 -2085.268450
-3002.244816 -1585.250645 -2087.204394
-3002.745975 -1585.281605 -2089.140339
-3003.247134 -1585.312564 -2091.076283
-3003.748293 -1585.343524 -2093.012228
-3004.249452 -1585.374484 -2094.948172
-3004.750611 -1585.405443 -2096.884117
-3005.251770 -1585.436403 -2098.820061
-3005.752929 -1585.467362 -2100.756006
-3006.254088 -1585.498322 -2102.691950
-3006.755247 -1585.529282 -2104.627895
-3007.256406 -1585.560241 -2106.563839
-3007.757565 -1585.591201 -2108.499784
-3008.258724 -1585.622161 -2110.435728
-3008.759883 -1585.653120 -2112.371673
-3009.261042 -1585.684080 -2114.307617
-3009.762201 -1585.715039 -2116.243562
-3010.263360 -1585.745999 -2118.179506
-3010.764519 -1585.776959 -2120.115451
-3011.265679 -1585.807918 -2122.051395
-3011.766838 -1585.838878 -2123.987340
-3012.267997 -1585.869838 -2125.923284
-3012.769156 -1585.900797 -2127.859229
-3013.270315 -1585.931757 -2129.795173
-3013.771474 -1585.962717 -2131.731118
-3014.272633 -1585.993676 -2133.667062
-3014.773792 -1586.024636 -2135.603007
-3015.274951 -1586.055595 -2137.538951
-3015.776110 -1586.086555 -2139.474896
-3016.277269 -1586.117515 -2141.410840
-3016.778428 -1586.148474 -2143.346785
-3017.279587 -1586.179434 -2145.282729
-3017.780746 -1586.210394 -2147.218674
-3018.281905 -1586.241353 -2149.154618
-3018.783064 -1586.272313 -2151.090563
-3019.284223 -1586.303272 -2153.026507
-3019.785382 -1586.334232 -2154.962452
-3020.286541 -1586.365192 -2156.898396
-3020.787700 -1586.396151 -2158.834341
-3021.288859 -1586.427111 -2160.770285
-3021.790019 -1586.458071 -2162.706230
-3022.291178 -1586.489030 -2164.642174
-3022.792337 -1586.519990 -2166.578119
-3023.293496 -1586.550950 -2168.514063
-3023.794655 -1586.581909 -2170.450008
-3024.295814 -1586.612869 -2172.385952
-3024.796973 -1586.643828 -2174.321897
-3025.298132 -1586.674788 -2176.257841
-3025.799291 -1586.705748 -2178.193786
-3026.300450 -1586.736707 -2180.129730
-3026.801609 -1586.767667 -2182.065675
-3027.302768 -1586.798627 -2184.001619
-3027.803927 -1586.829586 -2185.937564
-3028.305086 -1586.860546 -2187.873508
-3028.806245 -1586.891505 -2189.809453
-3029.307404 -1586.922465 -2191.745397
-3029.808563 -1586.953425 -2193.681342
-3030.309722 -1586.984384 -2195.617286
-3030.810881 -1587.015344 -2197.553231
-3031.312040 -1587.046304 -2199.489175
-3031.813199 -1587.077263 -2201.425120
-3032.314358 -1587.108223 -2203.361064
-3032.815518 -1587.139183 -2205.297009
-3033.316677 -1587.170142 -2207.232953
-3033.817836 -1587.201102 -2209.168898
-3034.318995 -1587.232061 -2211.104842
-3034.820154 -1587.263021 -2213.040787
-3035.321313 -1587.293981 -2214.976731
-3035.822472 -1587.324940 -2216.912676
-3036.323631 -1587.355900 -2218.848620
-3036.824790 -1587.386860 -2220.784565
-3037.325949 -1587.417819 -2222.720509
-3037.827108 -1587.448779 -2224.656454
-3038.328267 -1587.479739 -2226.592398
-3038.829426 -1587.510698 -2228.528343
-3039.330585 -1587.541658 -2230.464287
-3039.831744 -1587.572617 -2232.400232
-3040.332903 -1587.603577 -2234.336176
-3040.834062 -1587.634537 -2236.272121
-3041.335221 -1587.665496 -2238.208065
-3041.836380 -1587.696456 -2240.144010
-3042.337539 -1587.727416 -2242.079954
-3042.838698 -1587.758375 -2244.015899
-3043.339857 -1587.789335 -2245.951843
-3043.841017 -1587.820294 -2247.887788
-3044.342176 -1587.851254 -2249.823732
-3044.843335 -1587.882214 -2251.759677
-3045.344494 -1587.913173 -2253.695621
-3045.845653 -1587.944133 -2255.631566
-3046.346812 -1587.975093 -2257.567510
-3046.847971 -1588.006052 -2259.503455
-3047.349130 -1588.037012 -2261.439399
-3047.850289 -1588.067972 -2263.375344
-3048.351448 -1588.098931 -2265.311288
-3048.852607 -1588.129891 -2267.247233
-3049.353766 -1588.160850 -2269.183177
-3049.854925 -1588.191810 -2271.119122
-3050.356084 -1588.222770 -2273.055066
-3050.857243 -1588.253729 -2274.991011
-3051.358402 -1588.284689 -2276.926955
-3051.859561 -1588.315649 -2278.862900
-3052.360720 -1588.346608 -2280.798844
-3052.861879 -1588.377568 -2282.734789
-3053.363038 -1588.408527 -2284.670733
-3053.864197 -1588.439487 -2286.606678
-3054.365357 -1588.470447 -2288.542622
-3054.866516 -1588.501406 -2290.478567
-3055.367675 -1588.532366 -2292.414511
-3055.868834 -1588.563326 -2294.350456
-3056.369993 -1588.594285 -2296.286400
-3056.871152 -1588.625245 -2298.222345
-3057.372311 -1588.656205 -2300.158289
-3057.873470 -1588.687164 -2302.094234
-3058.374629 -1588.718124 -2304.030178
-3058.875788 -1588.749083 -2305.966123
-3059.376947 -1588.780043 -2307.902067
-3059.878106 -1588.811003 -2309.838012
-3060.379265 -1588.841962 -2311.773956
-3060.880424 -1588.872922 -2313.709901
-3061.381583 -1588.903882 -2315.645845
-3061.882742 -1588.934841 -2317.581790
-3062.383901 -1588.965801 -2319.517734
-3062.885060 -1588.996760 -2321.453679
-3063.386219 -1589.027720 -2323.389623
-3063.887378 -1589.058680 -2325.325568
-3064.388537 -1589.089639 -2327.261512
-3064.889696 -1589.120599 -2329.197457
-3065.390856 -1589.151559 -2331.133401
-3065.892015 -1589.182518 -2333.069346
-3066.393174 -1589.213478 -2335.005290
-3066.894333 -1589.244438 -2336.941235
-3067.395492 -1589.275397 -2338.877179
-3067.896651 -1589.306357 -2340.813124
-3068.397810 -1589.337316 -2342.749068
-3068.898969 -1589.368276 -2344.685013
-3069.400128 -1589.399236 -2346.620957
-3069.901287 -1589.430195 -2348.556902
-3070.402446 -1589.461155 -2350.492846
-3070.903605 -1589.492115 -2352.428791
-3071.404764 -1589.523074 -2354.364735
-3071.905923 -1589.554034 -2356.300680
-3072.407082 -1589.584993 -2358.236624
-3072.908241 -1589.615953 -2360.172569
-3073.409400 -1589.646913 -2362.108513
-3073.910559 -1589.677872 -2364.044458
-3074.411718 -1589.708832 -2365.980402
-3074.912877 -1589.739792 -2367.916347
-3075.414036 -1589.770751 -2369.852291
-3075.915195 -1589.801711 -2371.788236
-3076.416355 -1589.832671 -2373.724180
-3076.917514 -1589.863630 -2375.660125
-3077.418673 -1589.894590 -2377.596069
-3077.919832 -1589.925549 -2379.532014
-3078.420991 -1589.956509 -2381.467958
-3078.922150 -1589.987469 -2383.403903
-3079.423309 -1590.018428 -2385.339847
-3079.924468 -1590.049388 -2387.275792
-3080.425627 -1590.080348 -2389.211736
-3080.926786 -1590.111307 -2391.147681
-3081.427945 -1590.142267 -2393.083625
-3081.929104 -1590.173227 -2395.019570
-3082.430263 -1590.204186 -2396.955514
-3082.931422 -1590.235146 -2398.891459
-3083.432581 -1590.266105 -2400.827403
-3083.933740 -1590.297065 -2402.763348
-3084.434899 -1590.328025 -2404.699292
-3084.936058 -1590.358984 -2406.635237
-3085.437217 -1590.389944 -2408.571181
-3085.938376 -1590.420904 -2410.507126
-3086.439535 -1590.451863 -2412.443070
-3086.940695 -1590.482823 -2414.379015
-3087.441854 -1590.513782 -2416.314959
-3087.943013 -1590.544742 -2418.250904
-3088.444172 -1590.575702 -2420.186848
-3088.945331 -1590.606661 -2422.122793
-3089.446490 -1590.637621 -2424.058737
-3089.947649 -1590.668581 -2425.994682
-3090.448808 -1590.699540 -2427.930626
-3090.949967 -1590.730500 -2429.866571
-3091.451126 -1590.761460 -2431.802515
-3091.952285 -1590.792419 -2433.738460
-3092.453444 -1590.823379 -2435.674404
-3092.954603 -1590.854338 -2437.610349
-3093.455762 -1590.885298 -2439.546293
-3093.956921 -1590.916258 -2441.482238
-3094.458080 -1590.947217 -2443.418182
-3094.959239 -1590.978177 -2445.354127
-3095.460398 -1591.009137 -2447.290071
-3095.961557 -1591.040096 -2449.226016
-3096.462716 -1591.071056 -2451.161960
-3096.963875 -1591.102015 -2453.097905
-3097.465034 -1591.132975 -2455.033849
-3097.966194 -1591.163935 -2456.969794
-3098.467353 -1591.194894 -2458.905738
-3098.968512 -1591.225854 -2460.841683
-3099.469671 -1591.256814 -2462.777627
-3099.970830 -1591.287773 -2464.713572
-3100.471989 -1591.318733 -2466.649516
-3100.973148 -1591.349693 -2468.585461
-3101.474307 -1591.380652 -2470.521405
-3101.975466 -1591.411612 -2472.457350
-3102.476625 -1591.442571 -2474.393294
-3102.977784 -1591.473531 -2476.329239
-3103.478943 -1591.504491 -2478.265183
-3103.980102 -1591.535450 -2480.201128
-3104.481261 -1591.566410 -2482.137072
-3104.982420 -1591.597370 -2484.073017
-3105.483579 -1591.628329 -2486.008961
-3105.984738 -1591.659289 -2487.944906
-3106.485897 -1591.690248 -2489.880850
-3106.987056 -1591.721208 -2491.816795
-3107.488215 -1591.752168 -2493.752739
-3107.989374 -1591.783127 -2495.688684
-3108.490534 -1591.814087 -2497.624628
-3108.991693 -1591.845047 -2499.560573
-3109.492852 -1591.876006 -2501.496517
-3109.994011 -1591.906966 -2503.432462
-3110.495170 -1591.937926 -2505.368406
-3110.996329 -1591.968885 -2507.304351
-3111.497488 -1591.999845 -2509.240295
-3111.998647 -1592.030804 -2511.176240
-3112.499806 -1592.061764 -2513.112184
-3113.000965 -1592.092724 -2515.048129
-3113.502124 -1592.123683 -2516.984073
-3114.003283 -1592.154643 -2518.920018
-3114.504442 -1592.185603 -2520.855962
-3115.005601 -1592.216562 -2522.791907
-3115.506760 -1592.247522 -2524.727851
-3116.007919 -1592.278481 -2526.663796
-3116.509078 -1592.309441 -2528.599740
-3117.010237 -1592.340401 -2530.535685
-3117.511396 -1592.371360 -2532.471629
-3118.012555 -1592.402320 -2534.407574
-3118.513714 -1592.433280 -2536.343518
-3119.014873 -1592.464239 -2538.279463
-3119.516033 -1592.495199 -2540.215407
-3120.017192 -1592.526159 -2542.151352
-3120.518351 -1592.557118 -2544.087296
-3121.019510 -1592.588078 -2546.023241
-3121.520669 -1592.619037 -2547.959186
-3122.021828 -1592.649997 -2549.895130
-3122.522987 -1592.680957 -2551.831075
-3123.024146 -1592.711916 -2553.767019
-3123.525305 -1592.742876 -2555.702964
-3124.026464 -1592.773836 -2557.638908
-3124.527623 -1592.804795 -2559.574853
-3125.028782 -1592.835755 -2561.510797
-3125.529941 -1592.866715 -2563.446742
-3126.031100 -1592.897674 -2565.382686
-3126.532259 -1592.928634 -2567.318631
-3127.033418 -1592.959593 -2569.254575
-3127.534577 -1592.990553 -2571.190520
-3128.035736 -1593.021513 -2573.126464
-3128.536895 -1593.052472 -2575.062409
-3129.038054 -1593.083432 -2576.998353
-3129.539213 -1593.114392 -2578.934298
-3130.040372 -1593.145351 -2580.870242
-3130.541532 -1593.176311 -2582.806187
-3131.042691 -1593.207270 -2584.742131
-3131.543850 -1593.238230 -2586.678076
-3132.045009 -1593.269190 -2588.614020
-3132.546168 -1593.300149 -2590.549965
-3133.047327 -1593.331109 -2592.485909
-3133.548486 -1593.362069 -2594.421854
-3134.049645 -1593.393028 -2596.357798
-3134.550804 -1593.423988 -2598.293743
-3135.051963 -1593.454948 -2600.229687
-3135.553122 -1593.485907 -2602.165632
-3136.054281 -1593.516867 -2604.101576
-3136.555440 -1593.547826 -2606.037521
-3137.056599 -1593.578786 -2607.973465
-3137.557758 -1593.609746 -2609.909410
-3138.058917 -1593.640705 -2611.845354
-3138.560076 -1593.671665 -2613.781299
-3139.061235 -1593.702625 -2615.717243
-3139.562394 -1593.733584 -2617.653188
-3140.063553 -1593.764544 -2619.589132
-3140.564712 -1593.795503 -2621.525077
-3141.065872 -1593.826463 -2623.461021
-3141.567031 -1593.857423 -2625.396966
-3142.068190 -1593.888382 -2627.332910
-3142.569349 -1593.919342 -2629.268855
-3143.070508 -1593.950302 -2631.204799
-3143.571667 -1593.981261 -2633.140744
-3144.072826 -1594.012221 -2635.076688
-3144.573985 -1594.043181 -2637.012633
-3145.075144 -1594.074140 -2638.948577
-3145.576303 -1594.105100 -2640.884522
-3146.077462 -1594.136059 -2642.820466
-3146.578621 -1594.167019 -2644.756411
-3147.079780 -1594.197979 -2646.692355
-3147.580939 -1594.228938 -2648.628300
-3148.082098 -1594.259898 -2650.564244
-3148.583257 -1594.290858 -2652.500189
-3149.084416 -1594.321817 -2654.436133
-3149.585575 -1594.352777 -2656.372078
-3150.086734 -1594.383736 -2658.308022
-3150.587893 -1594.414696 -2660.243967
-3151.089052 -1594.445656 -2662.179911
-3151.590211 -1594.476615 -2664.115856
-3152.091371 -1594.507575 -2666.051800
-3152.592530 -1594.538535 -2667.987745
-3153.093689 -1594.569494 -2669.923689
-3153.594848 -1594.600454 -2671.859634
-3154.096007 -1594.631414 -2673.795578
-3154.597166 -1594.662373 -2675.731523
-3155.098325 -1594.693333 -2677.667467
-3155.599484 -1594.724292 -2679.603412
-3156.100643 -1594.755252 -2681.539356
-3156.601802 -1594.786212 -2683.475301
-3157.102961 -1594.817171 -2685.411245
-3157.604120 -1594.848131 -2687.347190
-3158.105279 -1594.879091 -2689.283134
-3158.606438 -1594.910050 -2691.219079
-3159.107597 -1594.941010 -2693.155023
-3159.608756 -1594.971969 -2695.090968
-3160.109915 -1595.002929 -2697.026912
-3160.611074 -1595.033889 -2698.962857
-3161.112233 -1595.064848 -2700.898801
-3161.613392 -1595.095808 -2702.834746
-3162.114551 -1595.126768 -2704.770690
-3162.615711 -1595.157727 -2706.706635
-3163.116870 -1595.188687 -2708.642579
-3163.618029 -1595.219647 -2710.578524
-3164.119188 -1595.250606 -2712.514468
-3164.620347 -1595.281566 -2714.450413
-3165.121506 -1595.312525 -2716.386357
-3165.622665 -1595.343485 -2718.322302
-3166.123824 -1595.374445 -2720.258246
-3166.624983 -1595.405404 -2722.194191
-3167.126142 -1595.436364 -2724.130135
-3167.627301 -1595.467324 -2726.066080
-3168.128460 -1595.498283 -2728.002024
-3168.629619 -1595.529243 -2729.937969
-3169.130778 -1595.560203 -2731.873913
-3169.631937 -1595.591162 -2733.809858
-3170.133096 -1595.622122 -2735.745802
-3170.634255 -1595.653081 -2737.681747
-3171.135414 -1595.684041 -2739.617691
-3171.636573 -1595.715001 -2741.553636
-3172.137732 -1595.745960 -2743.489580
-3172.638891 -1595.776920 -2745.425525
-3173.140050 -1595.807880 -2747.361469
-3173.641210 -1595.838839 -2749.297414
-3174.142369 -1595.869799 -2751.233358
-3174.643528 -1595.900758 -2753.169303
-3175.144687 -1595.931718 -2755.105247
-3175.645846 -1595.962678 -2757.041192
-3176.147005 -1595.993637 -2758.977136
-3176.648164 -1596.024597 -2760.913081
-3177.149323 -1596.055557 -2762.849025
-3177.650482 -1596.086516 -2764.784970
-3178.151641 -1596.117476 -2766.720914
-3178.652800 -1596.148436 -2768.656859
-3179.153959 -1596.179395 -2770.592803
-3179.655118 -1596.210355 -2772.528748
-3180.156277 -1596.241314 -2774.464692
-3180.657436 -1596.272274 -2776.400637
-3181.158595 -1596.303234 -2778.336581
-3181.659754 -1596.334193 -2780.272526
-3182.160913 -1596.365153 -2782.208470
-3182.662072 -1596.396113 -2784.144415
-3183.163231 -1596.427072 -2786.080359
-3183.664390 -1596.458032 -2788.016304
-3184.165549 -1596.488991 -2789.952248
-3184.666709 -1596.519951 -2791.888193
-3185.167868 -1596.550911 -2793.824137
-3185.669027 -1596.581870 -2795.760082
-3186.170186 -1596.612830 -2797.696026
-3186.671345 -1596.643790 -2799.631971
-3187.172504 -1596.674749 -2801.567915
-3187.673663 -1596.705709 -2803.503860
-3188.174822 -1596.736669 -2805.439804
-3188.675981 -1596.767628 -2807.375749
-3189.177140 -1596.798588 -2809.311693
-3189.678299 -1596.829547 -2811.247638
-3190.179458 -1596.860507 -2813.183582
-3190.680617 -1596.891467 -2815.119527
-3191.181776 -1596.922426 -2817.055471
-3191.682935 -1596.953386 -2818.991416
-3192.184094 -1596.984346 -2820.927360
-3192.685253 -1597.015305 -2822.863305
-3193.186412 -1597.046265 -2824.799249
-3193.687571 -1597.077224 -2826.735194
-3194.188730 -1597.108184 -2828.671138
-3194.689889 -1597.139144 -2830.607083
-3195.191049 -1597.170103 -2832.543027
-3195.692208 -1597.201063 -2834.478972
-3196.193367 -1597.232023 -2836.414916
-3196.694526 -1597.262982 -2838.350861
-3197.195685 -1597.293942 -2840.286805
-3197.696844 -1597.324902 -2842.222750
-3198.198003 -1597.355861 -2844.158694
-3198.699162 -1597.386821 -2846.094639
-3199.200321 -1597.417780 -2848.030583
-3199.701480 -1597.448740 -2849.966528
-3200.202639 -1597.479700 -2851.902472
-3200.703798 -1597.510659 -2853.838417
-3201.204957 -1597.541619 -2855.774361
-3201.706116 -1597.572579 -2857.710306
-3202.207275 -1597.603538 -2859.646250
-3202.708434 -1597.634498 -2861.582195
-3203.209593 -1597.665457 -2863.518139
-3203.710752 -1597.696417 -2865.454084
-3204.211911 -1597.727377 -2867.390028
-3204.713070 -1597.758336 -2869.325973
-3205.214229 -1597.789296 -2871.261917
-3205.715388 -1597.820256 -2873.197862
-3206.216548 -1597.851215 -2875.133806
-3206.717707 -1597.882175 -2877.069751
-3207.218866 -1597.913135 -2879.005695
-3207.720025 -1597.944094 -2880.941640
-3208.221184 -1597.975054 -2882.877584
-3208.722343 -1598.006013 -2884.813529
-3209.223502 -1598.036973 -2886.749473
-3209.724661 -1598.067933 -2888.685418
-3210.225820 -1598.098892 -2890.621362
-3210.726979 -1598.129852 -2892.557307
-3211.228138 -1598.160812 -2894.493251
-3211.729297 -1598.191771 -2896.429196
-3212.230456 -1598.222731 -2898.365140
-3212.731615 -1598.253691 -2900.301085
-3213.232774 -1598.284650 -2902.237029
-3213.733933 -1598.315610 -2904.172974
-3214.235092 -1598.346569 -2906.108918
-3214.736251 -1598.377529 -2908.044863
-3215.237410 -1598.408489 -2909.980807
-3215.738569 -1598.439448 -2911.916752
-3216.239728 -1598.470408 -2913.852696
-3216.740888 -1598.501368 -2915.788641
-3217.242047 -1598.532327 -2917.724585
-3217.743206 -1598.563287 -2919.660530
-3218.244365 -1598.594246 -2921.596474
-3218.745524 -1598.625206 -2923.532419
-3219.246683 -1598.656166 -2925.468363
-3219.747842 -1598.687125 -2927.404308
-3220.249001 -1598.718085 -2929.340252
-3220.750160 -1598.749045 -2931.276197
-3221.251319 -1598.780004 -2933.212141
-3221.752478 -1598.810964 -2935.148086
-3222.253637 -1598.841924 -2937.084030
-3222.754796 -1598.872883 -2939.019975
-3223.255955 -1598.903843 -2940.955919
-3223.757114 -1598.934802 -2942.891864
-3224.258273 -1598.965762 -2944.827808
-3224.759432 -1598.996722 -2946.763753
-3225.260591 -1599.027681 -2948.699697
-3225.761750 -1599.058641 -2950.635642
-3226.262909 -1599.089601 -2952.571586
-3226.764068 -1599.120560 -2954.507531
-3227.265227 -1599.151520 -2956.443475
-3227.766387 -1599.182479 -2958.379420
-3228.267546 -1599.213439 -2960.315364
-3228.768705 -1599.244399 -2962.251309
-3229.269864 -1599.275358 -2964.187253
-3229.771023 -1599.306318 -2966.123198
-3230.272182 -1599.337278 -2968.059142
-3230.773341 -1599.368237 -2969.995087
-3231.274500 -1599.399197 -2971.931031
-3231.775659 -1599.430157 -2973.866976
-3232.276818 -1599.461116 -2975.802920
-3232.777977 -1599.492076 -2977.738865
-3233.279136 -1599.523035 -2979.674809
-3233.780295 -1599.553995 -2981.610754
-3234.281454 -1599.584955 -2983.546698
-3234.782613 -1599.615914 -2985.482643
-3235.283772 -1599.646874 -2987.418587
-3235.784931 -1599.677834 -2989.354532
-3236.286090 -1599.708793 -2991.290476
-3236.787249 -1599.739753 -2993.226421
-3237.288408 -1599.770712 -2995.162365
-3237.789567 -1599.801672 -2997.098310
-3238.290726 -1599.832632 -2999.034254
-3238.791886 -1599.863591 -3000.970199
-3239.293045 -1599.894551 -3002.906143
-3239.794204 -1599.925511 -3004.842088
-3240.295363 -1599.956470 -3006.778032
-3240.796522 -1599.987430 -3008.713977
-3241.297681 -1600.018390 -3010.649921
-3241.798840 -1600.049349 -3012.585866
-3242.299999 -1600.080309 -3014.521810
-3242.801158 -1600.111268 -3016.457755
-3243.302317 -1600.142228 -3018.393699
-3243.803476 -1600.173188 -3020.329644
-3244.304635 -1600.204147 -3022.265588
-3244.805794 -1600.235107 -3024.201533
-3245.306953 -1600.266067 -3026.137477
-3245.808112 -1600.297026 -3028.073422
-3246.309271 -1600.327986 -3030.009366
-3246.810430 -1600.358945 -3031.945311
-3247.311589 -1600.389905 -3033.881255
-3247.812748 -1600.420865 -3035.817200
-3248.313907 -1600.451824 -3037.753144
-3248.815066 -1600.482784 -3039.689089
-3249.316226 -1600.513744 -3041.625033
-3249.817385 -1600.544703 -3043.560978
-3250.318544 -1600.575663 -3045.496922
-3250.819703 -1600.606623 -3047.432867
-3251.320862 -1600.637582 -3049.368811
-3251.822021 -1600.668542 -3051.304756
-3252.323180 -1600.699501 -3053.240700
-3252.824339 -1600.730461 -3055.176645
-3253.325498 -1600.761421 -3057.112589
-3253.826657 -1600.792380 -3059.048534
-3254.327816 -1600.823340 -3060.984478
-3254.828975 -1600.854300 -3062.920423
-3255.330134 -1600.885259 -3064.856367
-3255.831293 -1600.916219 -3066.792312
-3256.332452 -1600.947179 -3068.728256
-3256.833611 -1600.978138 -3070.664201
-3257.334770 -1601.009098 -3072.600145
-3257.835929 -1601.040057 -3074.536090
-3258.337088 -1601.071017 -3076.472034
-3258.838247 -1601.101977 -3078.407979
-3259.339406 -1601.132936 -3080.343923
-3259.840565 -1601.163896 -3082.279868
-3260.341725 -1601.194856 -3084.215812
-3260.842884 -1601.225815 -3086.151757
-3261.344043 -1601.256775 -3088.087701
-3261.845202 -1601.287734 -3090.023646
-3262.346361 -1601.318694 -3091.959590
-3262.847520 -1601.349654 -3093.895535
-3263.348679 -1601.380613 -3095.831479
-3263.849838 -1601.411573 -3097.767424
-3264.350997 -1601.442533 -3099.703368
-3264.852156 -1601.473492 -3101.639313
-3265.353315 -1601.504452 -3103.575257
-3265.854474 -1601.535412 -3105.511202
-3266.355633 -1601.566371 -3107.447146
-3266.856792 -1601.597331 -3109.383091
-3267.357951 -1601.628290 -3111.319035
-3267.859110 -1601.659250 -3113.254980
-3268.360269 -1601.690210 -3115.190924
-3268.861428 -1601.721169 -3117.126869
-3269.362587 -1601.752129 -3119.062813
-3269.863746 -1601.783089 -3120.998758
-3270.364905 -1601.814048 -3122.934702
-3270.866064 -1601.845008 -3124.870647
-3271.367224 -1601.875967 -3126.806591
-3271.868383 -1601.906927 -3128.742536
-3272.369542 -1601.937887 -3130.678480
-3272.870701 -1601.968846 -3132.614425
-3273.371860 -1601.999806 -3134.550369
-3273.873019 -1602.030766 -3136.486314
-3274.374178 -1602.061725 -3138.422258
-3274.875337 -1602.092685 -3140.358203
-3275.376496 -1602.123645 -3142.294147
-3275.877655 -1602.154604 -3144.230092
-3276.378814 -1602.185564 -3146.166036
-3276.879973 -1602.216523 -3148.101981
-3277.381132 -1602.247483 -3150.037925
-3277.882291 -1602.278443 -3151.973870
-3278.383450 -1602.309402 -3153.909814
-3278.884609 -1602.340362 -3155.845759
-3279.385768 -1602.371322 -3157.781703
-3279.886927 -1602.402281 -3159.717648
-3280.388086 -1602.433241 -3161.653592
-3280.889245 -1602.464200 -3163.589537
-3281.390404 -1602.495160 -3165.525481
-3281.891564 -1602.526120 -3167.461426
-3282.392723 -1602.557079 -3169.397370
-3282.893882 -1602.588039 -3171.333315
-3283.395041 -1602.618999 -3173.269259
-3283.896200 -1602.649958 -3175.205204
-3284.397359 -1602.680918 -3177.141148
-3284.898518 -1602.711878 -3179.077093
-3285.399677 -1602.742837 -3181.013037
-3285.900836 -1602.773797 -3182.948982
-3286.401995 -1602.804756 -3184.884926
-3286.903154 -1602.835716 -3186.820871
-3287.404313 -1602.866676 -3188.756815
-3287.905472 -1602.897635 -3190.692760
-3288.406631 -1602.928595 -3192.628704
-3288.907790 -1602.959555 -3194.564649
-3289.408949 -1602.990514 -3196.500593
-3289.910108 -1603.021474 -3198.436538
-3290.411267 -1603.052434 -3200.372482
-3290.912426 -1603.083393 -3202.308427
-3291.413585 -1603.114353 -3204.244371
-3291.914744 -1603.145312 -3206.180316
-3292.415903 -1603.176272 -3208.116260
-3292.917063 -1603.207232 -3210.052205
-3293.418222 -1603.238191 -3211.988149
-3293.919381 -1603.269151 -3213.924094
-3294.420540 -1603.300111 -3215.860038
-3294.921699 -1603.331070 -3217.795983
-3295.422858 -1603.362030 -3219.731927
-3295.924017 -1603.392989 -3221.667872
-3296.425176 -1603.423949 -3223.603816
-3296.926335 -1603.454909 -3225.539761
-3297.427494 -1603.485868 -3227.475705
-3297.928653 -1603.516828 -3229.411650
-3298.429812 -1603.547788 -3231.347594
-3298.930971 -1603.578747 -3233.283539
-3299.432130 -1603.609707 -3235.219483
-3299.933289 -1603.640667 -3237.155428
-3300.434448 -1603.671626 -3239.091372
-3300.935607 -1603.702586 -3241.027317
-3301.436766 -1603.733545 -3242.963261
-3301.937925 -1603.764505 -3244.899206
-3302.439084 -1603.795465 -3246.835150
-3302.940243 -1603.826424 -3248.771095
-3303.441403 -1603.857384 -3250.707039
-3303.942562 -1603.888344 -3252.642984
-3304.443721 -1603.919303 -3254.578928
-3304.944880 -1603.950263 -3256.514873
-3305.446039 -1603.981222 -3258.450817
-3305.947198 -1604.012182 -3260.386762
-3306.448357 -1604.043142 -3262.322706
-3306.949516 -1604.074101 -3264.258651
-3307.450675 -1604.105061 -3266.194595
-3307.951834 -1604.136021 -3268.130540
-3308.452993 -1604.166980 -3270.066484
-3308.954152 -1604.197940 -3272.002429
-3309.455311 -1604.228900 -3273.938373
-3309.956470 -1604.259859 -3275.874318
-3310.457629 -1604.290819 -3277.810262
-3310.958788 -1604.321778 -3279.746207
-3311.459947 -1604.352738 -3281.682151
-3311.961106 -1604.383698 -3283.618096
-3312.462265 -1604.414657 -3285.554040
-3312.963424 -1604.445617 -3287.489985
-3313.464583 -1604.476577 -3289.425929
-3313.965742 -1604.507536 -3291.361874
-3314.466902 -1604.538496 -3293.297818
-3314.968061 -1604.569455 -3295.233763
-3315.469220 -1604.600415 -3297.169707
-3315.970379 -1604.631375 -3299.105652
-3316.471538 -1604.662334 -3301.041596
-3316.972697 -1604.693294 -3302.977541
-3317.473856 -1604.724254 -3304.913485
-3317.975015 -1604.755213 -3306.849430
-3318.476174 -1604.786173 -3308.785374
-3318.977333 -1604.817133 -3310.721319
-3319.478492 -1604.848092 -3312.657263
-3319.979651 -1604.879052 -3314.593208
-3320.480810 -1604.910011 -3316.529152
-3320.981969 -1604.940971 -3318.465097
-3321.483128 -1604.971931 -3320.401041
-3321.984287 -1605.002890 -3322.336986
-3322.485446 -1605.033850 -3324.272930
-3322.986605 -1605.064810 -3326.208875
-3323.487764 -1605.095769 -3328.144819
-3323.988923 -1605.126729 -3330.080764
-3324.490082 -1605.157688 -3332.016708
-3324.991241 -1605.188648 -3333.952653
-3325.492401 -1605.219608 -3335.888597
-3325.993560 -1605.250567 -3337.824542
-3326.494719 -1605.281527 -3339.760486
-3326.995878 -1605.312487 -3341.696431
-3327.497037 -1605.343446 -3343.632375
-3327.998196 -1605.374406 -3345.568320
-3328.499355 -1605.405366 -3347.504264
-3329.000514 -1605.436325 -3349.440209
-3329.501673 -1605.467285 -3351.376153
-3330.002832 -1605.498244 -3353.312098
-3330.503991 -1605.529204 -3355.248042
-3331.005150 -1605.560164 -3357.183987
-3331.506309 -1605.591123 -3359.119931
-3332.007468 -1605.622083 -3361.055876
-3332.508627 -1605.653043 -3362.991820
-3333.009786 -1605.684002 -3364.927765
-3333.510945 -1605.714962 -3366.863709
-3334.012104 -1605.745922 -3368.799654
-3334.513263 -1605.776881 -3370.735598
-3335.014422 -1605.807841 -3372.671543
-3335.515581 -1605.838800 -3374.607487
-3336.016741 -1605.869760 -3376.543432
-3336.517900 -1605.900720 -3378.479376
-3337.019059 -1605.931679 -3380.415321
-3337.520218 -1605.962639 -3382.351265
-3338.021377 -1605.993599 -3384.287210
-3338.522536 -1606.024558 -3386.223154
-3339.023695 -1606.055518 -3388.159099
-3339.524854 -1606.086477 -3390.095043
-3340.026013 -1606.117437 -3392.030988
-3340.527172 -1606.148397 -3393.966933
-3341.028331 -1606.179356 -3395.902877
-3341.529490 -1606.210316 -3397.838822
-3342.030649 -1606.241276 -3399.774766
-3342.531808 -1606.272235 -3401.710711
-3343.032967 -1606.303195 -3403.646655
-3343.534126 -1606.334155 -3405.582600
-3344.035285 -1606.365114 -3407.518544
-3344.536444 -1606.396074 -3409.454489
-3345.037603 -1606.427033 -3411.390433
-3345.538762 -1606.457993 -3413.326378
-3346.039921 -1606.488953 -3415.262322
-3346.541080 -1606.519912 -3417.198267
-3347.042240 -1606.550872 -3419.134211
-3347.543399 -1606.581832 -3421.070156
-3348.044558 -1606.612791 -3423.006100
-3348.545717 -1606.643751 -3424.942045
-3349.046876 -1606.674710 -3426.877989
-3349.548035 -1606.705670 -3428.813934
-3350.049194 -1606.736630 -3430.749878
-3350.550353 -1606.767589 -3432.685823
-3351.051512 -1606.798549 -3434.621767
-3351.552671 -1606.829509 -3436.557712
-3352.053830 -1606.860468 -3438.493656
-3352.554989 -1606.891428 -3440.429601
-3353.056148 -1606.922388 -3442.365545
-3353.557307 -1606.953347 -3444.301490
-3354.058466 -1606.984307 -3446.237434
-3354.559625 -1607.015266 -3448.173379
-3355.060784 -1607.046226 -3450.109323
-3355.561943 -1607.077186 -3452.045268
-3356.063102 -1607.108145 -3453.981212
-3356.564261 -1607.139105 -3455.917157
-3357.065420 -1607.170065 -3457.853101
-3357.566580 -1607.201024 -3459.789046
-3358.067739 -1607.231984 -3461.724990
-3358.568898 -1607.262943 -3463.660935
-3359.070057 -1607.293903 -3465.596879
-3359.571216 -1607.324863 -3467.532824
-3360.072375 -1607.355822 -3469.468768
-3360.573534 -1607.386782 -3471.404713
-3361.074693 -1607.417742 -3473.340657
-3361.575852 -1607.448701 -3475.276602
-3362.077011 -1607.479661 -3477.212546
-3362.578170 -1607.510621 -3479.148491
-3363.079329 -1607.541580 -3481.084435
-3363.580488 -1607.572540 -3483.020380
-3364.081647 -1607.603499 -3484.956324
-3364.582806 -1607.634459 -3486.892269
-3365.083965 -1607.665419 -3488.828213
-3365.585124 -1607.696378 -3490.764158
-3366.086283 -1607.727338 -3492.700102
-3366.587442 -1607.758298 -3494.636047
-3367.088601 -1607.789257 -3496.571991
-3367.589760 -1607.820217 -3498.507936
-3368.090919 -1607.851176 -3500.443880
-3368.592079 -1607.882136 -3502.379825
-3369.093238 -1607.913096 -3504.315769
-3369.594397 -1607.944055 -3506.251714
-3370.095556 -1607.975015 -3508.187658
-3370.596715 -1608.005975 -3510.123603
-3371.097874 -1608.036934 -3512.059547
-3371.599033 -1608.067894 -3513.995492
-3372.100192 -1608.098854 -3515.931436
-3372.601351 -1608.129813 -3517.867381
-3373.102510 -1608.160773 -3519.803325
-3373.603669 -1608.191732 -3521.739270
-3374.104828 -1608.222692 -3523.675214
-3374.605987 -1608.253652 -3525.611159
-3375.107146 -1608.284611 -3527.547103
-3375.608305 -1608.315571 -3529.483048
-3376.109464 -1608.346531 -3531.418992
-3376.610623 -1608.377490 -3533.354937
-3377.111782 -1608.408450 -3535.290881
-3377.612941 -1608.439410 -3537.226826
-3378.114100 -1608.470369 -3539.162770
-3378.615259 -1608.501329 -3541.098715
-3379.116418 -1608.532288 -3543.034659
-3379.617578 -1608.563248 -3544.970604
-3380.118737 -1608.594208 -3546.906548
-3380.619896 -1608.625167 -3548.842493
-3381.121055 -1608.656127 -3550.778437
-3381.622214 -1608.687087 -3552.714382
-3382.123373 -1608.718046 -3554.650326
-3382.624532 -1608.749006 -3556.586271
-3383.125691 -1608.779965 -3558.522215
-3383.626850 -1608.810925 -3560.458160
-3384.128009 -1608.841885 -3562.394104
-3384.629168 -1608.872844 -3564.330049
-3385.130327 -1608.903804 -3566.265993
-3385.631486 -1608.934764 -3568.201938
-3386.132645 -1608.965723 -3570.137882
-3386.633804 -1608.996683 -3572.073827
-3387.134963 -1609.027643 -3574.009771
-3387.636122 -1609.058602 -3575.945716
-3388.137281 -1609.089562 -3577.881660
-3388.638440 -1609.120521 -3579.817605
-3389.139599 -1609.151481 -3581.753549
-3389.640758 -1609.182441 -3583.689494
-3390.141918 -1609.213400 -3585.625438
-3390.643077 -1609.244360 -3587.561383
-3391.144236 -1609.275320 -3589.497327
-3391.645395 -1609.306279 -3591.433272
-3392.146554 -1609.337239 -3593.369216
-3392.647713 -1609.368198 -3595.305161
-3393.148872 -1609.399158 -3597.241105
-3393.650031 -1609.430118 -3599.177050
-3394.151190 -1609.461077 -3601.112994
-3394.652349 -1609.492037 -3603.048939
-3395.153508 -1609.522997 -3604.984883
-3395.654667 -1609.553956 -3606.920828
-3396.155826 -1609.584916 -3608.856772
-3396.656985 -1609.615876 -3610.792717
-3397.158144 -1609.646835 -3612.728661
-3397.659303 -1609.677795 -3614.664606
-3398.160462 -1609.708754 -3616.600550
-3398.661621 -1609.739714 -3618.536495
-3399.162780 -1609.770674 -3620.472439
-3399.663939 -1609.801633 -3622.408384
-3400.165098 -1609.832593 -3624.344328
-3400.666257 -1609.863553 -3626.280273
-3401.167417 -1609.894512 -3628.216217
-3401.668576 -1609.925472 -3630.152162
-3402.169735 -1609.956431 -3632.088106
-3402.670894 -1609.987391 -3634.024051
-3403.172053 -1610.018351 -3635.959995
-3403.673212 -1610.049310 -3637.895940
-3404.174371 -1610.080270 -3639.831884
-3404.675530 -1610.111230 -3641.767829
-3405.176689 -1610.142189 -3643.703773
-3405.677848 -1610.173149 -3645.639718
-3406.179007 -1610.204109 -3647.575662
-3406.680166 -1610.235068 -3649.511607
-3407.181325 -1610.266028 -3651.447551
-3407.682484 -1610.296987 -3653.383496
-3408.183643 -1610.327947 -3655.319440
-3408.684802 -1610.358907 -3657.255385
-3409.185961 -1610.389866 -3659.191329
-3409.687120 -1610.420826 -3661.127274
-3410.188279 -1610.451786 -3663.063218
-3410.689438 -1610.482745 -3664.999163
-3411.190597 -1610.513705 -3666.935107
-3411.691757 -1610.544664 -3668.871052
-3412.192916 -1610.575624 -3670.806996
-3412.694075 -1610.606584 -3672.742941
-3413.195234 -1610.637543 -3674.678885
-3413.696393 -1610.668503 -3676.614830
-3414.197552 -1610.699463 -3678.550774
-3414.698711 -1610.730422 -3680.486719
-3415.199870 -1610.761382 -3682.422663
-3415.701029 -1610.792342 -3684.358608
-3416.202188 -1610.823301 -3686.294552
-3416.703347 -1610.854261 -3688.230497
-3417.204506 -1610.885220 -3690.166441
-3417.705665 -1610.916180 -3692.102386
-3418.206824 -1610.947140 -3694.038330
-3418.707983 -1610.978099 -3695.974275
-3419.209142 -1611.009059 -3697.910219
-3419.710301 -1611.040019 -3699.846164
-3420.211460 -1611.070978 -3701.782108
-3420.712619 -1611.101938 -3703.718053
-3421.213778 -1611.132898 -3705.653997
-3421.714937 -1611.163857 -3707.589942
-3422.216096 -1611.194817 -3709.525886
-3422.717256 -1611.225776 -3711.461831
-3423.218415 -1611.256736 -3713.397775
-3423.719574 -1611.287696 -3715.333720
-3424.220733 -1611.318655 -3717.269664
-3424.721892 -1611.349615 -3719.205609
-3425.223051 -1611.380575 -3721.141553
-3425.724210 -1611.411534 -3723.077498
-3426.225369 -1611.442494 -3725.013442
-3426.726528 -1611.473453 -3726.949387
-3427.227687 -1611.504413 -3728.885331
-3427.728846 -1611.535373 -3730.821276
-3428.230005 -1611.566332 -3732.757220
-3428.731164 -1611.597292 -3734.693165
-3429.232323 -1611.628252 -3736.629109
-3429.733482 -1611.659211 -3738.565054
-3430.234641 -1611.690171 -3740.500998
-3430.735800 -1611.721131 -3742.436943
-3431.236959 -1611.752090 -3744.372887
-3431.738118 -1611.783050 -3746.308832
-3432.239277 -1611.814009 -3748.244776
-3432.740436 -1611.844969 -3750.180721
-3433.241595 -1611.875929 -3752.116665
-3433.742755 -1611.906888 -3754.052610
-3434.243914 -1611.937848 -3755.988554
-3434.745073 -1611.968808 -3757.924499
-3435.246232 -1611.999767 -3759.860443
-3435.747391 -1612.030727 -3761.796388
-3436.248550 -1612.061686 -3763.732332
-3436.749709 -1612.092646 -3765.668277
-3437.250868 -1612.123606 -3767.604221
-3437.752027 -1612.154565 -3769.540166
-3438.253186 -1612.185525 -3771.476110
-3438.754345 -1612.216485 -3773.412055
-3439.255504 -1612.247444 -3775.347999
-3439.756663 -1612.278404 -3777.283944
-3440.257822 -1612.309364 -3779.219888
-3440.758981 -1612.340323 -3781.155833
-3441.260140 -1612.371283 -3783.091777
-3441.761299 -1612.402242 -3785.027722
-3442.262458 -1612.433202 -3786.963666
-3442.763617 -1612.464162 -3788.899611
-3443.264776 -1612.495121 -3790.835555
-3443.765935 -1612.526081 -3792.771500
-3444.267095 -1612.557041 -3794.707444
-3444.768254 -1612.588000 -3796.643389
-3445.269413 -1612.618960 -3798.579333
-3445.770572 -1612.649919 -3800.515278
-3446.271731 -1612.680879 -3802.451222
-3446.772890 -1612.711839 -3804.387167
-3447.274049 -1612.742798 -3806.323111
-3447.775208 -1612.773758 -3808.259056
-3448.276367 -1612.804718 -3810.195000
-3448.777526 -1612.835677 -3812.130945
-3449.278685 -1612.866637 -3814.066889
-3449.779844 -1612.897597 -3816.002834
-3450.281003 -1612.928556 -3817.938778
-3450.782162 -1612.959516 -3819.874723
-3451.283321 -1612.990475 -3821.810667
-3451.784480 -1613.021435 -3823.746612
-3452.285639 -1613.052395 -3825.682556
-3452.786798 -1613.083354 -3827.618501
-3453.287957 -1613.114314 -3829.554445
-3453.789116 -1613.145274 -3831.490390
-3454.290275 -1613.176233 -3833.426334
-3454.791434 -1613.207193 -3835.362279
-3455.292594 -1613.238152 -3837.298223
-3455.793753 -1613.269112 -3839.234168
-3456.294912 -1613.300072 -3841.170112
-3456.796071 -1613.331031 -3843.106057
-3457.297230 -1613.361991 -3845.042001
-3457.798389 -1613.392951 -3846.977946
-3458.299548 -1613.423910 -3848.913890
-3458.800707 -1613.454870 -3850.849835
-3459.301866 -1613.485830 -3852.785779
-3459.803025 -1613.516789 -3854.721724
-3460.304184 -1613.547749 -3856.657668
-3460.805343 -1613.578708 -3858.593613
-3461.306502 -1613.609668 -3860.529557
-3461.807661 -1613.640628 -3862.465502
-3462.308820 -1613.671587 -3864.401446
-3462.809979 -1613.702547 -3866.337391
-3463.311138 -1613.733507 -3868.273335
-3463.812297 -1613.764466 -3870.209280
-3464.313456 -1613.795426 -3872.145224
-3464.814615 -1613.826386 -3874.081169
-3465.315774 -1613.857345 -3876.017113
-3465.816934 -1613.888305 -3877.953058
-3466.318093 -1613.919264 -3879.889002
-3466.819252 -1613.950224 -3881.824947
-3467.320411 -1613.981184 -3883.760891
-3467.821570 -1614.012143 -3885.696836
-3468.322729 -1614.043103 -3887.632780
-3468.823888 -1614.074063 -3889.568725
-3469.325047 -1614.105022 -3891.504669
-3469.826206 -1614.135982 -3893.440614
-3470.327365 -1614.166941 -3895.376558
-3470.828524 -1614.197901 -3897.312503
-3471.329683 -1614.228861 -3899.248447
-3471.830842 -1614.259820 -3901.184392
-3472.332001 -1614.290780 -3903.120336
-3472.833160 -1614.321740 -3905.056281
-3473.334319 -1614.352699 -3906.992225
-3473.835478 -1614.383659 -3908.928170
-3474.336637 -1614.414619 -3910.864114
-3474.837796 -1614.445578 -3912.800059
-3475.338955 -1614.476538 -3914.736003
-3475.840114 -1614.507497 -3916.671948
-3476.341273 -1614.538457 -3918.607892
-3476.842433 -1614.569417 -3920.543837
-3477.343592 -1614.600376 -3922.479781
-3477.844751 -1614.631336 -3924.415726
-3478.345910 -1614.662296 -3926.351670
-3478.847069 -1614.693255 -3928.287615
-3479.348228 -1614.724215 -3930.223559
-3479.849387 -1614.755174 -3932.159504
-3480.350546 -1614.786134 -3934.095448
-3480.851705 -1614.817094 -3936.031393
-3481.352864 -1614.848053 -3937.967337
-3481.854023 -1614.879013 -3939.903282
-3482.355182 -1614.909973 -3941.839226
-3482.856341 -1614.940932 -3943.775171
-3483.357500 -1614.971892 -3945.711115
-3483.858659 -1615.002852 -3947.647060
-3484.359818 -1615.033811 -3949.583004
-3484.860977 -1615.064771 -3951.518949
-3485.362136 -1615.095730 -3953.454893
-3485.863295 -1615.126690 -3955.390838
-3486.364454 -1615.157650 -3957.326782
-3486.865613 -1615.188609 -3959.262727
-3487.366772 -1615.219569 -3961.198671
-3487.867932 -1615.250529 -3963.134616
-3488.369091 -1615.281488 -3965.070560
-3488.870250 -1615.312448 -3967.006505
-3489.371409 -1615.343407 -3968.942449
-3489.872568 -1615.374367 -3970.878394
-3490.373727 -1615.405327 -3972.814338
-3490.874886 -1615.436286 -3974.750283
-3491.376045 -1615.467246 -3976.686227
-3491.877204 -1615.498206 -3978.622172
-3492.378363 -1615.529165 -3980.558116
-3492.879522 -1615.560125 -3982.494061
-3493.380681 -1615.591085 -3984.430005
-3493.881840 -1615.622044 -3986.365950
-3494.382999 -1615.653004 -3988.301894
-3494.884158 -1615.683963 -3990.237839
-3495.385317 -1615.714923 -3992.173783
-3495.886476 -1615.745883 -3994.109728
-3496.387635 -1615.776842 -3996.045672
-3496.888794 -1615.807802 -3997.981617
-3497.389953 -1615.838762 -3999.917561
-3497.891112 -1615.869721 -4001.853506
-3498.392272 -1615.900681 -4003.789450
-3498.893431 -1615.931640 -4005.725395
-3499.394590 -1615.962600 -4007.661339
-3499.895749 -1615.993560 -4009.597284
-3500.396908 -1616.024519 -4011.533228
-3500.898067 -1616.055479 -4013.469173
-3501.399226 -1616.086439 -4015.405117
-3501.900385 -1616.117398 -4017.341062
-3502.401544 -1616.148358 -4019.277006
-3502.902703 -1616.179318 -4021.212951
-3503.403862 -1616.210277 -4023.148895
-3503.905021 -1616.241237 -4025.084840
-3504.406180 -1616.272196 -4027.020784
-3504.907339 -1616.303156 -4028.956729
-3505.408498 -1616.334116 -4030.892673
-3505.909657 -1616.365075 -4032.828618
-3506.410816 -1616.396035 -4034.764562
-3506.911975 -1616.426995 -4036.700507
-3507.413134 -1616.457954 -4038.636451
-3507.914293 -1616.488914 -4040.572396
-3508.415452 -1616.519874 -4042.508340
-3508.916611 -1616.550833 -4044.444285
-3509.417771 -1616.581793 -4046.380229
-3509.918930 -1616.612752 -4048.316174
-3510.420089 -1616.643712 -4050.252118
-3510.921248 -1616.674672 -4052.188063
-3511.422407 -1616.705631 -4054.124007
-3511.923566 -1616.736591 -4056.059952
-3512.424725 -1616.767551 -4057.995896
-3512.925884 -1616.798510 -4059.931841
-3513.427043 -1616.829470 -4061.867785
-3513.928202 -1616.860429 -4063.803730
-3514.429361 -1616.891389 -4065.739674
-3514.930520 -1616.922349 -4067.675619
-3515.431679 -1616.953308 -4069.611563
-3515.932838 -1616.984268 -4071.547508
-3516.433997 -1617.015228 -4073.483452
-3516.935156 -1617.046187 -4075.419397
-3517.436315 -1617.077147 -4077.355341
-3517.937474 -1617.108107 -4079.291286
-3518.438633 -1617.139066 -4081.227230
-3518.939792 -1617.170026 -4083.163175
-3519.440951 -1617.200985 -4085.099119
-3519.942110 -1617.231945 -4087.035064
-3520.443270 -1617.262905 -4088.971008
-3520.944429 -1617.293864 -4090.906953
-3521.445588 -1617.324824 -4092.842897
-3521.946747 -1617.355784 -4094.778842
-3522.447906 -1617.386743 -4096.714786
-3522.949065 -1617.417703 -4098.650731
-3523.450224 -1617.448662 -4100.586675
-3523.951383 -1617.479622 -4102.522620
-3524.452542 -1617.510582 -4104.458564
-3524.953701 -1617.541541 -4106.394509
-3525.454860 -1617.572501 -4108.330453
-3525.956019 -1617.603461 -4110.266398
-3526.457178 -1617.634420 -4112.202342
-3526.958337 -1617.665380 -4114.138287
-3527.459496 -1617.696340 -4116.074231
-3527.960655 -1617.727299 -4118.010176
-3528.461814 -1617.758259 -4119.946120
-3528.962973 -1617.789218 -4121.882065
-3529.464132 -1617.820178 -4123.818009
-3529.965291 -1617.851138 -4125.753954
-3530.466450 -1617.882097 -4127.689898
-3530.967610 -1617.913057 -4129.625843
-3531.468769 -1617.944017 -4131.561787
-3531.969928 -1617.974976 -4133.497732
-3532.471087 -1618.005936 -4135.433676
-3532.972246 -1618.036895 -4137.369621
-3533.473405 -1618.067855 -4139.305565
-3533.974564 -1618.098815 -4141.241510
-3534.475723 -1618.129774 -4143.177454
-3534.976882 -1618.160734 -4145.113399
-3535.478041 -1618.191694 -4147.049343
-3535.979200 -1618.222653 -4148.985288
-3536.480359 -1618.253613 -4150.921232
-3536.981518 -1618.284573 -4152.857177
-3537.482677 -1618.315532 -4154.793121
-3537.983836 -1618.346492 -4156.729066
-3538.484995 -1618.377451 -4158.665010
-3538.986154 -1618.408411 -4160.600955
-3539.487313 -1618.439371 -4162.536899
-3539.988472 -1618.470330 -4164.472844
-3540.489631 -1618.501290 -4166.408788
-3540.990790 -1618.532250 -4168.344733
-3541.491949 -1618.563209 -4170.280677
-3541.993109 -1618.594169 -4172.216622
-3542.494268 -1618.625128 -4174.152566
-3542.995427 -1618.656088 -4176.088511
-3543.496586 -1618.687048 -4178.024455
-3543.997745 -1618.718007 -4179.960400
-3544.498904 -1618.748967 -4181.896344
-3545.000063 -1618.779927 -4183.832289
-3545.501222 -1618.810886 -4185.768233
-3546.002381 -1618.841846 -4187.704178
-3546.503540 -1618.872806 -4189.640122
-3547.004699 -1618.903765 -4191.576067
-3547.505858 -1618.934725 -4193.512011
-3548.007017 -1618.965684 -4195.447956
-3548.508176 -1618.996644 -4197.383900
-3549.009335 -1619.027604 -4199.319845
-3549.510494 -1619.058563 -4201.255789
-3550.011653 -1619.089523 -4203.191734
-3550.512812 -1619.120483 -4205.127678
-3551.013971 -1619.151442 -4207.063623
-3551.515130 -1619.182402 -4208.999567
-3552.016289 -1619.213362 -4210.935512
-3552.517449 -1619.244321 -4212.871456
-3553.018608 -1619.275281 -4214.807401
-3553.519767 -1619.306240 -4216.743345
-3554.020926 -1619.337200 -4218.679290
-3554.522085 -1619.368160 -4220.615234
-3555.023244 -1619.399119 -4222.551179
-3555.524403 -1619.430079 -4224.487123
-3556.025562 -1619.461039 -4226.423068
-3556.526721 -1619.491998 -4228.359012
-3557.027880 -1619.522958 -4230.294957
-3557.529039 -1619.553917 -4232.230901
-3558.030198 -1619.584877 -4234.166846
-3558.531357 -1619.615837 -4236.102790
-3559.032516 -1619.646796 -4238.038735
-3559.533675 -1619.677756 -4239.974680
-3560.034834 -1619.708716 -4241.910624
-3560.535993 -1619.739675 -4243.846569
-3561.037152 -1619.770635 -4245.782513
-3561.538311 -1619.801595 -4247.718458
-3562.039470 -1619.832554 -4249.654402
-3562.540629 -1619.863514 -4251.590347
-3563.041788 -1619.894473 -4253.526291
-3563.542948 -1619.925433 -4255.462236
-3564.044107 -1619.956393 -4257.398180
-3564.545266 -1619.987352 -4259.334125
-3565.046425 -1620.018312 -4261.270069
-3565.547584 -1620.049272 -4263.206014
-3566.048743 -1620.080231 -4265.141958
-3566.549902 -1620.111191 -4267.077903
-3567.051061 -1620.142150 -4269.013847
-3567.552220 -1620.173110 -4270.949792
-3568.053379 -1620.204070 -4272.885736
-3568.554538 -1620.235029 -4274.821681
-3569.055697 -1620.265989 -4276.757625
-3569.556856 -1620.296949 -4278.693570
-3570.058015 -1620.327908 -4280.629514
-3570.559174 -1620.358868 -4282.565459
-3571.060333 -1620.389828 -4284.501403
-3571.561492 -1620.420787 -4286.437348
-3572.062651 -1620.451747 -4288.373292
-3572.563810 -1620.482706 -4290.309237
-3573.064969 -1620.513666 -4292.245181
-3573.566128 -1620.544626 -4294.181126
-3574.067287 -1620.575585 -4296.117070
-3574.568447 -1620.606545 -4298.053015
-3575.069606 -1620.637505 -4299.988959
-3575.570765 -1620.668464 -4301.924904
-3576.071924 -1620.699424 -4303.860848
-3576.573083 -1620.730383 -4305.796793
-3577.074242 -1620.761343 -4307.732737
-3577.575401 -1620.792303 -4309.668682
-3578.076560 -1620.823262 -4311.604626
-3578.577719 -1620.854222 -4313.540571
-3579.078878 -1620.885182 -4315.476515
-3579.580037 -1620.916141 -4317.412460
-3580.081196 -1620.947101 -4319.348404
-3580.582355 -1620.978061 -4321.284349
-3581.083514 -1621.009020 -4323.220293
-3581.584673 -1621.039980 -4325.156238
-3582.085832 -1621.070939 -4327.092182
-3582.586991 -1621.101899 -4329.028127
-3583.088150 -1621.132859 -4330.964071
-3583.589309 -1621.163818 -4332.900016
-3584.090468 -1621.194778 -4334.835960
-3584.591627 -1621.225738 -4336.771905
-3585.092787 -1621.256697 -4338.707849
-3585.593946 -1621.287657 -4340.643794
-3586.095105 -1621.318617 -4342.579738
-3586.596264 -1621.349576 -4344.515683
-3587.097423 -1621.380536 -4346.451627
-3587.598582 -1621.411495 -4348.387572
-3588.099741 -1621.442455 -4350.323516
-3588.600900 -1621.473415 -4352.259461
-3589.102059 -1621.504374 -4354.195405
-3589.603218 -1621.535334 -4356.131350
-3590.104377 -1621.566294 -4358.067294
-3590.605536 -1621.597253 -4360.003239
-3591.106695 -1621.628213 -4361.939183
-3591.607854 -1621.659172 -4363.875128
-3592.109013 -1621.690132 -4365.811072
-3592.610172 -1621.721092 -4367.747017
-3593.111331 -1621.752051 -4369.682961
-3593.612490 -1621.783011 -4371.618906
-3594.113649 -1621.813971 -4373.554850
-3594.614808 -1621.844930 -4375.490795
-3595.115967 -1621.875890 -4377.426739
-3595.617126 -1621.906850 -4379.362684
-3596.118286 -1621.937809 -4381.298628
-3596.619445 -1621.968769 -4383.234573
-3597.120604 -1621.999728 -4385.170517
-3597.621763 -1622.030688 -4387.106462
-3598.122922 -1622.061648 -4389.042406
-3598.624081 -1622.092607 -4390.978351
-3599.125240 -1622.123567 -4392.914295
-3599.626399 -1622.154527 -4394.850240
-3600.127558 -1622.185486 -4396.786184
-3600.628717 -1622.216446 -4398.722129
-3601.129876 -1622.247405 -4400.658073
-3601.631035 -1622.278365 -4402.594018
-3602.132194 -1622.309325 -4404.529962
-3602.633353 -1622.340284 -4406.465907
-3603.134512 -1622.371244 -4408.401851
-3603.635671 -1622.402204 -4410.337796
-3604.136830 -1622.433163 -4412.273740
-3604.637989 -1622.464123 -4414.209685
-3605.139148 -1622.495083 -4416.145629
-3605.640307 -1622.526042 -4418.081574
-3606.141466 -1622.557002 -4420.017518
-3606.642626 -1622.587961 -4421.953463
-3607.143785 -1622.618921 -4423.889407
-3607.644944 -1622.649881 -4425.825352
-3608.146103 -1622.680840 -4427.761296
-3608.647262 -1622.711800 -4429.697241
-3609.148421 -1622.742760 -4431.633185
-3609.649580 -1622.773719 -4433.569130
-3610.150739 -1622.804679 -4435.505074
-3610.651898 -1622.835638 -4437.441019
-3611.153057 -1622.866598 -4439.376963
-3611.654216 -1622.897558 -4441.312908
-3612.155375 -1622.928517 -4443.248852
-3612.656534 -1622.959477 -4445.184797
-3613.157693 -1622.990437 -4447.120741
-3613.658852 -1623.021396 -4449.056686
-3614.160011 -1623.052356 -4450.992630
-3614.661170 -1623.083316 -4452.928575
-3615.162329 -1623.114275 -4454.864519
-3615.663488 -1623.145235 -4456.800464
-3616.164647 -1623.176194 -4458.736408
-3616.665806 -1623.207154 -4460.672353
-3617.166965 -1623.238114 -4462.608297
-3617.668125 -1623.269073 -4464.544242
-3618.169284 -1623.300033 -4466.480186
-3618.670443 -1623.330993 -4468.416131
-3619.171602 -1623.361952 -4470.352075
-3619.672761 -1623.392912 -4472.288020
-3620.173920 -1623.423871 -4474.223964
-3620.675079 -1623.454831 -4476.159909
-3621.176238 -1623.485791 -4478.095853
-3621.677397 -1623.516750 -4480.031798
-3622.178556 -1623.547710 -4481.967742
-3622.679715 -1623.578670 -4483.903687
-3623.180874 -1623.609629 -4485.839631
-3623.682033 -1623.640589 -4487.775576
-3624.183192 -1623.671549 -4489.711520
-3624.684351 -1623.702508 -4491.647465
-3625.185510 -1623.733468 -4493.583409
-3625.686669 -1623.764427 -4495.519354
-3626.187828 -1623.795387 -4497.455298
-3626.688987 -1623.826347 -4499.391243
-3627.190146 -1623.857306 -4501.327187
-3627.691305 -1623.888266 -4503.263132
-3628.192464 -1623.919226 -4505.199076
-3628.693624 -1623.950185 -4507.135021
-3629.194783 -1623.981145 -4509.070965
-3629.695942 -1624.012105 -4511.006910
-3630.197101 -1624.043064 -4512.942854
-3630.698260 -1624.074024 -4514.878799
-3631.199419 -1624.104983 -4516.814743
-3631.700578 -1624.135943 -4518.750688
-3632.201737 -1624.166903 -4520.686632
-3632.702896 -1624.197862 -4522.622577
-3633.204055 -1624.228822 -4524.558521
-3633.705214 -1624.259782 -4526.494466
-3634.206373 -1624.290741 -4528.430410
-3634.707532 -1624.321701 -4530.366355
-3635.208691 -1624.352660 -4532.302299
-3635.709850 -1624.383620 -4534.238244
-3636.211009 -1624.414580 -4536.174188
-3636.712168 -1624.445539 -4538.110133
-3637.213327 -1624.476499 -4540.046077
-3637.714486 -1624.507459 -4541.982022
-3638.215645 -1624.538418 -4543.917966
-3638.716804 -1624.569378 -4545.853911
-3639.217964 -1624.600338 -4547.789855
-3639.719123 -1624.631297 -4549.725800
-3640.220282 -1624.662257 -4551.661744
-3640.721441 -1624.693216 -4553.597689
-3641.222600 -1624.724176 -4555.533633
-3641.723759 -1624.755136 -4557.469578
-3642.224918 -1624.786095 -4559.405522
-3642.726077 -1624.817055 -4561.341467
-3643.227236 -1624.848015 -4563.277411
-3643.728395 -1624.878974 -4565.213356
-3644.229554 -1624.909934 -4567.149300
-3644.730713 -1624.940893 -4569.085245
-3645.231872 -1624.971853 -4571.021189
-3645.733031 -1625.002813 -4572.957134
-3646.234190 -1625.033772 -4574.893078
-3646.735349 -1625.064732 -4576.829023
-3647.236508 -1625.095692 -4578.764967
-3647.737667 -1625.126651 -4580.700912
-3648.238826 -1625.157611 -4582.636856
-3648.739985 -1625.188571 -4584.572801
-3649.241144 -1625.219530 -4586.508745
-3649.742303 -1625.250490 -4588.444690
-3650.243463 -1625.281449 -4590.380634
-3650.744622 -1625.312409 -4592.316579
-3651.245781 -1625.343369 -4594.252523
-3651.746940 -1625.374328 -4596.188468
-3652.248099 -1625.405288 -4598.124412
-3652.749258 -1625.436248 -4600.060357
-3653.250417 -1625.467207 -4601.996301
-3653.751576 -1625.498167 -4603.932246
-3654.252735 -1625.529126 -4605.868190
-3654.753894 -1625.560086 -4607.804135
-3655.255053 -1625.591046 -4609.740079
-3655.756212 -1625.622005 -4611.676024
-3656.257371 -1625.652965 -4613.611968
-3656.758530 -1625.683925 -4615.547913
-3657.259689 -1625.714884 -4617.483857
-3657.760848 -1625.745844 -4619.419802
-3658.262007 -1625.776804 -4621.355746
-3658.763166 -1625.807763 -4623.291691
-3659.264325 -1625.838723 -4625.227635
-3659.765484 -1625.869682 -4627.163580
-3660.266643 -1625.900642 -4629.099524
-3660.767803 -1625.931602 -4631.035469
-3661.268962 -1625.962561 -4632.971413
-3661.770121 -1625.993521 -4634.907358
-3662.271280 -1626.024481 -4636.843302
-3662.772439 -1626.055440 -4638.779247
-3663.273598 -1626.086400 -4640.715191
-3663.774757 -1626.117359 -4642.651136
-3664.275916 -1626.148319 -4644.587080
-3664.777075 -1626.179279 -4646.523025
-3665.278234 -1626.210238 -4648.458969
-3665.779393 -1626.241198 -4650.394914
-3666.280552 -1626.272158 -4652.330858
-3666.781711 -1626.303117 -4654.266803
-3667.282870 -1626.334077 -4656.202747
-3667.784029 -1626.365037 -4658.138692
-3668.285188 -1626.395996 -4660.074636
-3668.786347 -1626.426956 -4662.010581
-3669.287506 -1626.457915 -4663.946525
-3669.788665 -1626.488875 -4665.882470
-3670.289824 -1626.519835 -4667.818414
-3670.790983 -1626.550794 -4669.754359
-3671.292142 -1626.581754 -4671.690303
-3671.793302 -1626.612714 -4673.626248
-3672.294461 -1626.643673 -4675.562192
-3672.795620 -1626.674633 -4677.498137
-3673.296779 -1626.705593 -4679.434081
-3673.797938 -1626.736552 -4681.370026
-3674.299097 -1626.767512 -4683.305970
-3674.800256 -1626.798471 -4685.241915
-3675.301415 -1626.829431 -4687.177859
-3675.802574 -1626.860391 -4689.113804
-3676.303733 -1626.891350 -4691.049748
-3676.804892 -1626.922310 -4692.985693
-3677.306051 -1626.953270 -4694.921637
-3677.807210 -1626.984229 -4696.857582
-3678.308369 -1627.015189 -4698.793526
-3678.809528 -1627.046148 -4700.729471
-3679.310687 -1627.077108 -4702.665415
-3679.811846 -1627.108068 -4704.601360
-3680.313005 -1627.139027 -4706.537304
-3680.814164 -1627.169987 -4708.473249
-3681.315323 -1627.200947 -4710.409193
-3681.816482 -1627.231906 -4712.345138
-3682.317641 -1627.262866 -4714.281082
-3682.818801 -1627.293826 -4716.217027
-3683.319960 -1627.324785 -4718.152971
-3683.821119 -1627.355745 -4720.088916
-3684.322278 -1627.386704 -4722.024860
-3684.823437 -1627.417664 -4723.960805
-3685.324596 -1627.448624 -4725.896749
-3685.825755 -1627.479583 -4727.832694
-3686.326914 -1627.510543 -4729.768638
-3686.828073 -1627.541503 -4731.704583
-3687.329232 -1627.572462 -4733.640527
-3687.830391 -1627.603422 -4735.576472
-3688.331550 -1627.634381 -4737.512416
-3688.832709 -1627.665341 -4739.448361
-3689.333868 -1627.696301 -4741.384305
-3689.835027 -1627.727260 -4743.320250
-3690.336186 -1627.758220 -4745.256194
-3690.837345 -1627.789180 -4747.192139
-3691.338504 -1627.820139 -4749.128083
-3691.839663 -1627.851099 -4751.064028
-3692.340822 -1627.882059 -4752.999972
-3692.841981 -1627.913018 -4754.935917
-3693.343141 -1627.943978 -4756.871861
-3693.844300 -1627.974937 -4758.807806
-3694.345459 -1628.005897 -4760.743750
-3694.846618 -1628.036857 -4762.679695
-3695.347777 -1628.067816 -4764.615639
-3695.848936 -1628.098776 -4766.551584
-3696.350095 -1628.129736 -4768.487528
-3696.851254 -1628.160695 -4770.423473
-3697.352413 -1628.191655 -4772.359417
-3697.853572 -1628.222614 -4774.295362
-3698.354731 -1628.253574 -4776.231306
-3698.855890 -1628.284534 -4778.167251
-3699.357049 -1628.315493 -4780.103195
-3699.858208 -1628.346453 -4782.039140
-3700.359367 -1628.377413 -4783.975084
-3700.860526 -1628.408372 -4785.911029
-3701.361685 -1628.439332 -4787.846973
-3701.862844 -1628.470292 -4789.782918
-3702.364003 -1628.501251 -4791.718862
-3702.865162 -1628.532211 -4793.654807
-3703.366321 -1628.563170 -4795.590751
-3703.867480 -1628.594130 -4797.526696
-3704.368640 -1628.625090 -4799.462640
-3704.869799 -1628.656049 -4801.398585
-3705.370958 -1628.687009 -4803.334529
-3705.872117 -1628.717969 -4805.270474
-3706.373276 -1628.748928 -4807.206418
-3706.874435 -1628.779888 -4809.142363
-3707.375594 -1628.810847 -4811.078307
-3707.876753 -1628.841807 -4813.014252
-3708.377912 -1628.872767 -4814.950196
-3708.879071 -1628.903726 -4816.886141
-3709.380230 -1628.934686 -4818.822085
-3709.881389 -1628.965646 -4820.758030
-3710.382548 -1628.996605 -4822.693974
-3710.883707 -1629.027565 -4824.629919
-3711.384866 -1629.058525 -4826.565863
-3711.886025 -1629.089484 -4828.501808
-3712.387184 -1629.120444 -4830.437752
-3712.888343 -1629.151403 -4832.373697
-3713.389502 -1629.182363 -4834.309641
-3713.890661 -1629.213323 -4836.245586
-3714.391820 -1629.244282 -4838.181530
-3714.892979 -1629.275242 -4840.117475
-3715.394139 -1629.306202 -4842.053419
-3715.895298 -1629.337161 -4843.989364
-3716.396457 -1629.368121 -4845.925308
-3716.897616 -1629.399081 -4847.861253
-3717.398775 -1629.430040 -4849.797197
-3717.899934 -1629.461000 -4851.733142
-3718.401093 -1629.491959 -4853.669086
-3718.902252 -1629.522919 -4855.605031
-3719.403411 -1629.553879 -4857.540975
-3719.904570 -1629.584838 -4859.476920
-3720.405729 -1629.615798 -4861.412864
-3720.906888 -1629.646758 -4863.348809
-3721.408047 -1629.677717 -4865.284753
-3721.909206 -1629.708677 -4867.220698
-3722.410365 -1629.739636 -4869.156642
-3722.911524 -1629.770596 -4871.092587
-3723.412683 -1629.801556 -4873.028531
-3723.913842 -1629.832515 -4874.964476
-3724.415001 -1629.863475 -4876.900420
-3724.916160 -1629.894435 -4878.836365
-3725.417319 -1629.925394 -4880.772309
-3725.918479 -1629.956354 -4882.708254
-3726.419638 -1629.987314 -4884.644198
-3726.920797 -1630.018273 -4886.580143
-3727.421956 -1630.049233 -4888.516087
-3727.923115 -1630.080192 -4890.452032
-3728.424274 -1630.111152 -4892.387976
-3728.925433 -1630.142112 -4894.323921
-3729.426592 -1630.173071 -4896.259865
-3729.927751 -1630.204031 -4898.195810
-3730.428910 -1630.234991 -4900.131754
-3730.930069 -1630.265950 -4902.067699
-3731.431228 -1630.296910 -4904.003643
-3731.932387 -1630.327869 -4905.939588
-3732.433546 -1630.358829 -4907.875532
-3732.934705 -1630.389789 -4909.811477
-3733.435864 -1630.420748 -4911.747421
-3733.937023 -1630.451708 -4913.683366
-3734.438182 -1630.482668 -4915.619310
-3734.939341 -1630.513627 -4917.555255
-3735.440500 -1630.544587 -4919.491199
-3735.941659 -1630.575547 -4921.427144
-3736.442818 -1630.606506 -4923.363088
-3736.943978 -1630.637466 -4925.299033
-3737.445137 -1630.668425 -4927.234977
-3737.946296 -1630.699385 -4929.170922
-3738.447455 -1630.730345 -4931.106866
-3738.948614 -1630.761304 -4933.042811
-3739.449773 -1630.792264 -4934.978755
-3739.950932 -1630.823224 -4936.914700
-3740.452091 -1630.854183 -4938.850644
-3740.953250 -1630.885143 -4940.786589
-3741.454409 -1630.916102 -4942.722533
-3741.955568 -1630.947062 -4944.658478
-3742.456727 -1630.978022 -4946.594422
-3742.957886 -1631.008981 -4948.530367
-3743.459045 -1631.039941 -4950.466311
-3743.960204 -1631.070901 -4952.402256
-3744.461363 -1631.101860 -4954.338200
-3744.962522 -1631.132820 -4956.274145
-3745.463681 -1631.163780 -4958.210089
-3745.964840 -1631.194739 -4960.146034
-3746.465999 -1631.225699 -4962.081978
-3746.967158 -1631.256658 -4964.017923
-3747.468318 -1631.287618 -4965.953867
-3747.969477 -1631.318578 -4967.889812
-3748.470636 -1631.349537 -4969.825756
-3748.971795 -1631.380497 -4971.761701
-3749.472954 -1631.411457 -4973.697645
-3749.974113 -1631.442416 -4975.633590
-3750.475272 -1631.473376 -4977.569534
-3750.976431 -1631.504335 -4979.505479
-3751.477590 -1631.535295 -4981.441423
-3751.978749 -1631.566255 -4983.377368
-3752.479908 -1631.597214 -4985.313312
-3752.981067 -1631.628174 -4987.249257
-3753.482226 -1631.659134 -4989.185201
-3753.983385 -1631.690093 -4991.121146
-3754.484544 -1631.721053 -4993.057090
-3754.985703 -1631.752013 -4994.993035
-3755.486862 -1631.782972 -4996.928979
-3755.988021 -1631.813932 -4998.864924
-3756.489180 -1631.844891 -5000.800868
-3756.990339 -1631.875851 -5002.736813
-3757.491498 -1631.906811 -5004.672757
-3757.992657 -1631.937770 -5006.608702
-3758.493817 -1631.968730 -5008.544646
-3758.994976 -1631.999690 -5010.480591
-3759.496135 -1632.030649 -5012.416535
-3759.997294 -1632.061609 -5014.352480
-3760.498453 -1632.092569 -5016.288424
-3760.999612 -1632.123528 -5018.224369
-3761.500771 -1632.154488 -5020.160313
-3762.001930 -1632.185447 -5022.096258
-3762.503089 -1632.216407 -5024.032202
-3763.004248 -1632.247367 -5025.968147
-3763.505407 -1632.278326 -5027.904091
-3764.006566 -1632.309286 -5029.840036
-3764.507725 -1632.340246 -5031.775980
-3765.008884 -1632.371205 -5033.711925
-3765.510043 -1632.402165 -5035.647869
-3766.011202 -1632.433124 -5037.583814
-3766.512361 -1632.464084 -5039.519758
-3767.013520 -1632.495044 -5041.455703
-3767.514679 -1632.526003 -5043.391647
-3768.015838 -1632.556963 -5045.327592
-3768.516997 -1632.587923 -5047.263536
-3769.018156 -1632.618882 -5049.199481
-3769.519316 -1632.649842 -5051.135425
-3770.020475 -1632.680802 -5053.071370
-3770.521634 -1632.711761 -5055.007314
-3771.022793 -1632.742721 -5056.943259
-3771.523952 -1632.773680 -5058.879203
-3772.025111 -1632.804640 -5060.815148
-3772.526270 -1632.835600 -5062.751092
-3773.027429 -1632.866559 -5064.687037
-3773.528588 -1632.897519 -5066.622981
-3774.029747 -1632.928479 -5068.558926
-3774.530906 -1632.959438 -5070.494870
-3775.032065 -1632.990398 -5072.430815
-3775.533224 -1633.021357 -5074.366759
-3776.034383 -1633.052317 -5076.302704
-3776.535542 -1633.083277 -5078.238648
-3777.036701 -1633.114236 -5080.174593
-3777.537860 -1633.145196 -5082.110538
-3778.039019 -1633.176156 -5084.046482
-3778.540178 -1633.207115 -5085.982427
-3779.041337 -1633.238075 -5087.918371
-3779.542496 -1633.269035 -5089.854316
-3780.043656 -1633.299994 -5091.790260
-3780.544815 -1633.330954 -5093.726205
-3781.045974 -1633.361913 -5095.662149
-3781.547133 -1633.392873 -5097.598094
-3782.048292 -1633.423833 -5099.534038
-3782.549451 -1633.454792 -5101.469983
-3783.050610 -1633.485752 -5103.405927
-3783.551769 -1633.516712 -5105.341872
-3784.052928 -1633.547671 -5107.277816
-3784.554087 -1633.578631 -5109.213761
-3785.055246 -1633.609590 -5111.149705
-3785.556405 -1633.640550 -5113.085650
-3786.057564 -1633.671510 -5115.021594
-3786.558723 -1633.702469 -5116.957539
-3787.059882 -1633.733429 -5118.893483
-3787.561041 -1633.764389 -5120.829428
-3788.062200 -1633.795348 -5122.765372
-3788.563359 -1633.826308 -5124.701317
-3789.064518 -1633.857268 -5126.637261
-3789.565677 -1633.888227 -5128.573206
-3790.066836 -1633.919187 -5130.509150
-3790.567995 -1633.950146 -5132.445095
-3791.069155 -1633.981106 -5134.381039
-3791.570314 -1634.012066 -5136.316984
-3792.071473 -1634.043025 -5138.252928
-3792.572632 -1634.073985 -5140.188873
-3793.073791 -1634.104945 -5142.124817
-3793.574950 -1634.135904 -5144.060762
-3794.076109 -1634.166864 -5145.996706
-3794.577268 -1634.197823 -5147.932651
-3795.078427 -1634.228783 -5149.868595
-3795.579586 -1634.259743 -5151.804540
-3796.080745 -1634.290702 -5153.740484
-3796.581904 -1634.321662 -5155.676429
-3797.083063 -1634.352622 -5157.612373
-3797.584222 -1634.383581 -5159.548318
-3798.085381 -1634.414541 -5161.484262
-3798.586540 -1634.445501 -5163.420207
-3799.087699 -1634.476460 -5165.356151
-3799.588858 -1634.507420 -5167.292096
-3800.090017 -1634.538379 -5169.228040
-3800.591176 -1634.569339 -5171.163985
-3801.092335 -1634.600299 -5173.099929
-3801.593495 -1634.631258 -5175.035874
-3802.094654 -1634.662218 -5176.971818
-3802.595813 -1634.693178 -5178.907763
-3803.096972 -1634.724137 -5180.843707
-3803.598131 -1634.755097 -5182.779652
-3804.099290 -1634.786057 -5184.715596
-3804.600449 -1634.817016 -5186.651541
-3805.101608 -1634.847976 -5188.587485
-3805.602767 -1634.878935 -5190.523430
-3806.103926 -1634.909895 -5192.459374
-3806.605085 -1634.940855 -5194.395319
-3807.106244 -1634.971814 -5196.331263
-3807.607403 -1635.002774 -5198.267208
-3808.108562 -1635.033734 -5200.203152
-3808.609721 -1635.064693 -5202.139097
-3809.110880 -1635.095653 -5204.075041
-3809.612039 -1635.126612 -5206.010986
-3810.113198 -1635.157572 -5207.946930
-3810.614357 -1635.188532 -5209.882875
-3811.115516 -1635.219491 -5211.818819
-3811.616675 -1635.250451 -5213.754764
-3812.117834 -1635.281411 -5215.690708
-3812.618994 -1635.312370 -5217.626653
-3813.120153 -1635.343330 -5219.562597
-3813.621312 -1635.374290 -5221.498542
-3814.122471 -1635.405249 -5223.434486
-3814.623630 -1635.436209 -5225.370431
-3815.124789 -1635.467168 -5227.306375
-3815.625948 -1635.498128 -5229.242320
-3816.127107 -1635.529088 -5231.178264
-3816.628266 -1635.560047 -5233.114209
-3817.129425 -1635.591007 -5235.050153
-3817.630584 -1635.621967 -5236.986098
-3818.131743 -1635.652926 -5238.922042
-3818.632902 -1635.683886 -5240.857987
-3819.134061 -1635.714845 -5242.793931
-3819.635220 -1635.745805 -5244.729876
-3820.136379 -1635.776765 -5246.665820
-3820.637538 -1635.807724 -5248.601765
-3821.138697 -1635.838684 -5250.537709
-3821.639856 -1635.869644 -5252.473654
-3822.141015 -1635.900603 -5254.409598
-3822.642174 -1635.931563 -5256.345543
-3823.143333 -1635.962523 -5258.281487
-3823.644493 -1635.993482 -5260.217432
-3824.145652 -1636.024442 -5262.153376
-3824.646811 -1636.055401 -5264.089321
-3825.147970 -1636.086361 -5266.025265
-3825.649129 -1636.117321 -5267.961210
-3826.150288 -1636.148280 -5269.897154
-3826.651447 -1636.179240 -5271.833099
-3827.152606 -1636.210200 -5273.769043
-3827.653765 -1636.241159 -5275.704988
-3828.154924 -1636.272119 -5277.640932
-3828.656083 -1636.303078 -5279.576877
-3829.157242 -1636.334038 -5281.512821
-3829.658401 -1636.364998 -5283.448766
-3830.159560 -1636.395957 -5285.384710
-3830.660719 -1636.426917 -5287.320655
-3831.161878 -1636.457877 -5289.256599
-3831.663037 -1636.488836 -5291.192544
-3832.164196 -1636.519796 -5293.128488
-3832.665355 -1636.550756 -5295.064433
-3833.166514 -1636.581715 -5297.000377
-3833.667673 -1636.612675 -5298.936322
-3834.168833 -1636.643634 -5300.872266
-3834.669992 -1636.674594 -5302.808211
-3835.171151 -1636.705554 -5304.744155
-3835.672310 -1636.736513 -5306.680100
-3836.173469 -1636.767473 -5308.616044
-3836.674628 -1636.798433 -5310.551989
-3837.175787 -1636.829392 -5312.487933
-3837.676946 -1636.860352 -5314.423878
-3838.178105 -1636.891311 -5316.359822
-3838.679264 -1636.922271 -5318.295767
-3839.180423 -1636.953231 -5320.231711
-3839.681582 -1636.984190 -5322.167656
-3840.182741 -1637.015150 -5324.103600
-3840.683900 -1637.046110 -5326.039545
-3841.185059 -1637.077069 -5327.975489
-3841.686218 -1637.108029 -5329.911434
-3842.187377 -1637.138989 -5331.847378
-3842.688536 -1637.169948 -5333.783323
-3843.189695 -1637.200908 -5335.719267
-3843.690854 -1637.231867 -5337.655212
-3844.192013 -1637.262827 -5339.591156
-3844.693172 -1637.293787 -5341.527101
-3845.194332 -1637.324746 -5343.463045
-3845.695491 -1637.355706 -5345.398990
-3846.196650 -1637.386666 -5347.334934
-3846.697809 -1637.417625 -5349.270879
-3847.198968 -1637.448585 -5351.206823
-3847.700127 -1637.479545 -5353.142768
-3848.201286 -1637.510504 -5355.078712
-3848.702445 -1637.541464 -5357.014657
-3849.203604 -1637.572423 -5358.950601
-3849.704763 -1637.603383 -5360.886546
-3850.205922 -1637.634343 -5362.822490
-3850.707081 -1637.665302 -5364.758435
-3851.208240 -1637.696262 -5366.694379
-3851.709399 -1637.727222 -5368.630324
-3852.210558 -1637.758181 -5370.566268
-3852.711717 -1637.789141 -5372.502213
-3853.212876 -1637.820100 -5374.438157
-3853.714035 -1637.851060 -5376.374102
-3854.215194 -1637.882020 -5378.310046
-3854.716353 -1637.912979 -5380.245991
-3855.217512 -1637.943939 -5382.181935
-3855.718672 -1637.974899 -5384.117880
-3856.219831 -1638.005858 -5386.053824
-3856.720990 -1638.036818 -5387.989769
-3857.222149 -1638.067778 -5389.925713
-3857.723308 -1638.098737 -5391.861658
-3858.224467 -1638.129697 -5393.797602
-3858.725626 -1638.160656 -5395.733547
-3859.226785 -1638.191616 -5397.669491
-3859.727944 -1638.222576 -5399.605436
-3860.229103 -1638.253535 -5401.541380
-3860.730262 -1638.284495 -5403.477325
-3861.231421 -1638.315455 -5405.413269
-3861.732580 -1638.346414 -5407.349214
-3862.233739 -1638.377374 -5409.285158
-3862.734898 -1638.408333 -5411.221103
-3863.236057 -1638.439293 -5413.157047
-3863.737216 -1638.470253 -5415.092992
-3864.238375 -1638.501212 -5417.028936
-3864.739534 -1638.532172 -5418.964881
-3865.240693 -1638.563132 -5420.900825
-3865.741852 -1638.594091 -5422.836770
-3866.243011 -1638.625051 -5424.772714
-3866.744171 -1638.656011 -5426.708659
-3867.245330 -1638.686970 -5428.644603
-3867.746489 -1638.717930 -5430.580548
-3868.247648 -1638.748889 -5432.516492
-3868.748807 -1638.779849 -5434.452437
-3869.249966 -1638.810809 -5436.388381
-3869.751125 -1638.841768 -5438.324326
-3870.252284 -1638.872728 -5440.260270
-3870.753443 -1638.903688 -5442.196215
-3871.254602 -1638.934647 -5444.132159
-3871.755761 -1638.965607 -5446.068104
-3872.256920 -1638.996566 -5448.004048
-3872.758079 -1639.027526 -5449.939993
-3873.259238 -1639.058486 -5451.875937
-3873.760397 -1639.089445 -5453.811882
-3874.261556 -1639.120405 -5455.747826
-3874.762715 -1639.151365 -5457.683771
-3875.263874 -1639.182324 -5459.619715
-3875.765033 -1639.213284 -5461.555660
-3876.266192 -1639.244244 -5463.491604
-3876.767351 -1639.275203 -5465.427549
-3877.268510 -1639.306163 -5467.363493
-3877.769670 -1639.337122 -5469.299438
-3878.270829 -1639.368082 -5471.235382
-3878.771988 -1639.399042 -5473.171327
-3879.273147 -1639.430001 -5475.107271
-3879.774306 -1639.460961 -5477.043216
-3880.275465 -1639.491921 -5478.979160
-3880.776624 -1639.522880 -5480.915105
-3881.277783 -1639.553840 -5482.851049
-3881.778942 -1639.584800 -5484.786994
-3882.280101 -1639.615759 -5486.722938
-3882.781260 -1639.646719 -5488.658883
-3883.282419 -1639.677678 -5490.594827
-3883.783578 -1639.708638 -5492.530772
-3884.284737 -1639.739598 -5494.466716
-3884.785896 -1639.770557 -5496.402661
-3885.287055 -1639.801517 -5498.338605
-3885.788214 -1639.832477 -5500.274550
-3886.289373 -1639.863436 -5502.210494
-3886.790532 -1639.894396 -5504.146439
-3887.291691 -1639.925355 -5506.082383
-3887.792850 -1639.956315 -5508.018328
-3888.294010 -1639.987275 -5509.954272
-3888.795169 -1640.018234 -5511.890217
-3889.296328 -1640.049194 -5513.826161
-3889.797487 -1640.080154 -5515.762106
-3890.298646 -1640.111113 -5517.698050
-3890.799805 -1640.142073 -5519.633995
-3891.300964 -1640.173033 -5521.569939
-3891.802123 -1640.203992 -5523.505884
-3892.303282 -1640.234952 -5525.441828
-3892.804441 -1640.265911 -5527.377773
-3893.305600 -1640.296871 -5529.313717
-3893.806759 -1640.327831 -5531.249662
-3894.307918 -1640.358790 -5533.185606
-3894.809077 -1640.389750 -5535.121551
-3895.310236 -1640.420710 -5537.057495
-3895.811395 -1640.451669 -5538.993440
-3896.312554 -1640.482629 -5540.929384
-3896.813713 -1640.513588 -5542.865329
-3897.314872 -1640.544548 -5544.801273
-3897.816031 -1640.575508 -5546.737218
-3898.317190 -1640.606467 -5548.673162
-3898.818349 -1640.637427 -5550.609107
-3899.319509 -1640.668387 -5552.545051
-3899.820668 -1640.699346 -5554.480996
-3900.321827 -1640.730306 -5556.416940
-3900.822986 -1640.761266 -5558.352885
-3901.324145 -1640.792225 -5560.288829
-3901.825304 -1640.823185 -5562.224774
-3902.326463 -1640.854144 -5564.160718
-3902.827622 -1640.885104 -5566.096663
-3903.328781 -1640.916064 -5568.032607
-3903.829940 -1640.947023 -5569.968552
-3904.331099 -1640.977983 -5571.904496
-3904.832258 -1641.008943 -5573.840441
-3905.333417 -1641.039902 -5575.776385
-3905.834576 -1641.070862 -5577.712330
-3906.335735 -1641.101821 -5579.648274
-3906.836894 -1641.132781 -5581.584219
-3907.338053 -1641.163741 -5583.520163
-3907.839212 -1641.194700 -5585.456108
-3908.340371 -1641.225660 -5587.392052
-3908.841530 -1641.256620 -5589.327997
-3909.342689 -1641.287579 -5591.263941
-3909.843848 -1641.318539 -5593.199886
-3910.345008 -1641.349499 -5595.135830
-3910.846167 -1641.380458 -5597.071775
-3911.347326 -1641.411418 -5599.007719
-3911.848485 -1641.442377 -5600.943664
-3912.349644 -1641.473337 -5602.879608
-3912.850803 -1641.504297 -5604.815553
-3913.351962 -1641.535256 -5606.751497
-3913.853121 -1641.566216 -5608.687442
-3914.354280 -1641.597176 -5610.623386
-3914.855439 -1641.628135 -5612.559331
-3915.356598 -1641.659095 -5614.495275
-3915.857757 -1641.690054 -5616.431220
-3916.358916 -1641.721014 -5618.367164
-3916.860075 -1641.751974 -5620.303109
-3917.361234 -1641.782933 -5622.239053
-3917.862393 -1641.813893 -5624.174998
-3918.363552 -1641.844853 -5626.110942
-3918.864711 -1641.875812 -5628.046887
-3919.365870 -1641.906772 -5629.982831
-3919.867029 -1641.937732 -5631.918776
-3920.368188 -1641.968691 -5633.854720
-3920.869348 -1641.999651 -5635.790665
-3921.370507 -1642.030610 -5637.726609
-3921.871666 -1642.061570 -5639.662554
-3922.372825 -1642.092530 -5641.598498
-3922.873984 -1642.123489 -5643.534443
-3923.375143 -1642.154449 -5645.470387
-3923.876302 -1642.185409 -5647.406332
-3924.377461 -1642.216368 -5649.342276
-3924.878620 -1642.247328 -5651.278221
-3925.379779 -1642.278288 -5653.214165
-3925.880938 -1642.309247 -5655.150110
-3926.382097 -1642.340207 -5657.086054
-3926.883256 -1642.371166 -5659.021999
-3927.384415 -1642.402126 -5660.957943
-3927.885574 -1642.433086 -5662.893888
-3928.386733 -1642.464045 -5664.829832
-3928.887892 -1642.495005 -5666.765777
-3929.389051 -1642.525965 -5668.701721
-3929.890210 -1642.556924 -5670.637666
-3930.391369 -1642.587884 -5672.573610
-3930.892528 -1642.618843 -5674.509555
-3931.393687 -1642.649803 -5676.445499
-3931.894847 -1642.680763 -5678.381444
-3932.396006 -1642.711722 -5680.317388
-3932.897165 -1642.742682 -5682.253333
-3933.398324 -1642.773642 -5684.189277
-3933.899483 -1642.804601 -5686.125222
-3934.400642 -1642.835561 -5688.061166
-3934.901801 -1642.866521 -5689.997111
-3935.402960 -1642.897480 -5691.933055
-3935.904119 -1642.928440 -5693.869000
-3936.405278 -1642.959399 -5695.804944
-3936.906437 -1642.990359 -5697.740889
-3937.407596 -1643.021319 -5699.676833
-3937.908755 -1643.052278 -5701.612778
-3938.409914 -1643.083238 -5703.548722
-3938.911073 -1643.114198 -5705.484667
-3939.412232 -1643.145157 -5707.420611
-3939.913391 -1643.176117 -5709.356556
-3940.414550 -1643.207076 -5711.292500
-3940.915709 -1643.238036 -5713.228445
-3941.416868 -1643.268996 -5715.164389
-3941.918027 -1643.299955 -5717.100334
-3942.419187 -1643.330915 -5719.036278
-3942.920346 -1643.361875 -5720.972223
-3943.421505 -1643.392834 -5722.908167
-3943.922664 -1643.423794 -5724.844112
-3944.423823 -1643.454754 -5726.780056
-3944.924982 -1643.485713 -5728.716001
-3945.426141 -1643.516673 -5730.651945
-3945.927300 -1643.547632 -5732.587890
-3946.428459 -1643.578592 -5734.523834
-3946.929618 -1643.609552 -5736.459779
-3947.430777 -1643.640511 -5738.395723
-3947.931936 -1643.671471 -5740.331668
-3948.433095 -1643.702431 -5742.267612
-3948.934254 -1643.733390 -5744.203557
-3949.435413 -1643.764350 -5746.139501
-3949.936572 -1643.795309 -5748.075446
-3950.437731 -1643.826269 -5750.011390
-3950.938890 -1643.857229 -5751.947335
-3951.440049 -1643.888188 -5753.883279
-3951.941208 -1643.919148 -5755.819224
-3952.442367 -1643.950108 -5757.755168
-3952.943526 -1643.981067 -5759.691113
-3953.444686 -1644.012027 -5761.627057
-3953.945845 -1644.042987 -5763.563002
-3954.447004 -1644.073946 -5765.498946
-3954.948163 -1644.104906 -5767.434891
-3955.449322 -1644.135865 -5769.370835
-3955.950481 -1644.166825 -5771.306780
-3956.451640 -1644.197785 -5773.242724
-3956.952799 -1644.228744 -5775.178669
-3957.453958 -1644.259704 -5777.114613
-3957.955117 -1644.290664 -5779.050558
-3958.456276 -1644.321623 -5780.986502
-3958.957435 -1644.352583 -5782.922447
-3959.458594 -1644.383542 -5784.858391
-3959.959753 -1644.414502 -5786.794336
-3960.460912 -1644.445462 -5788.730280
-3960.962071 -1644.476421 -5790.666225
-3961.463230 -1644.507381 -5792.602169
-3961.964389 -1644.538341 -5794.538114
-3962.465548 -1644.569300 -5796.474058
-3962.966707 -1644.600260 -5798.410003
-3963.467866 -1644.631220 -5800.345947
-3963.969025 -1644.662179 -5802.281892
-3964.470185 -1644.693139 -5804.217836
-3964.971344 -1644.724098 -5806.153781
-3965.472503 -1644.755058 -5808.089725
-3965.973662 -1644.786018 -5810.025670
-3966.474821 -1644.816977 -5811.961614
-3966.975980 -1644.847937 -5813.897559
-3967.477139 -1644.878897 -5815.833503
-3967.978298 -1644.909856 -5817.769448
-3968.479457 -1644.940816 -5819.705392
-3968.980616 -1644.971776 -5821.641337
-3969.481775 -1645.002735 -5823.577281
-3969.982934 -1645.033695 -5825.513226
-3970.484093 -1645.064654 -5827.449170
-3970.985252 -1645.095614 -5829.385115
-3971.486411 -1645.126574 -5831.321059
-3971.987570 -1645.157533 -5833.257004
-3972.488729 -1645.188493 -5835.192948
-3972.989888 -1645.219453 -5837.128893
-3973.491047 -1645.250412 -5839.064837
-3973.992206 -1645.281372 -5841.000782
-3974.493365 -1645.312331 -5842.936726
-3974.994525 -1645.343291 -5844.872671
-3975.495684 -1645.374251 -5846.808615
-3975.996843 -1645.405210 -5848.744560
-3976.498002 -1645.436170 -5850.680504
-3976.999161 -1645.467130 -5852.616449
-3977.500320 -1645.498089 -5854.552393
-3978.001479 -1645.529049 -5856.488338
-3978.502638 -1645.560009 -5858.424282
-3979.003797 -1645.590968 -5860.360227
-3979.504956 -1645.621928 -5862.296171
-3980.006115 -1645.652887 -5864.232116
-3980.507274 -1645.683847 -5866.168060
-3981.008433 -1645.714807 -5868.104005
-3981.509592 -1645.745766 -5870.039949
-3982.010751 -1645.776726 -5871.975894
-3982.511910 -1645.807686 -5873.911838
-3983.013069 -1645.838645 -5875.847783
-3983.514228 -1645.869605 -5877.783727
-3984.015387 -1645.900564 -5879.719672
-3984.516546 -1645.931524 -5881.655616
-3985.017705 -1645.962484 -5883.591561
-3985.518864 -1645.993443 -5885.527505
-3986.020024 -1646.024403 -5887.463450
-3986.521183 -1646.055363 -5889.399394
-3987.022342 -1646.086322 -5891.335339
-3987.523501 -1646.117282 -5893.271283
-3988.024660 -1646.148242 -5895.207228
-3988.525819 -1646.179201 -5897.143172
-3989.026978 -1646.210161 -5899.079117
-3989.528137 -1646.241120 -5901.015061
-3990.029296 -1646.272080 -5902.951006
-3990.530455 -1646.303040 -5904.886950
-3991.031614 -1646.333999 -5906.822895
-3991.532773 -1646.364959 -5908.758839
-3992.033932 -1646.395919 -5910.694784
-3992.535091 -1646.426878 -5912.630728
-3993.036250 -1646.457838 -5914.566673
-3993.537409 -1646.488797 -5916.502617
-3994.038568 -1646.519757 -5918.438562
-3994.539727 -1646.550717 -5920.374506
-3995.040886 -1646.581676 -5922.310451
-3995.542045 -1646.612636 -5924.246395
-3996.043204 -1646.643596 -5926.182340
-3996.544364 -1646.674555 -5928.118285
-3997.045523 -1646.705515 -5930.054229
-3997.546682 -1646.736475 -5931.990174
-3998.047841 -1646.767434 -5933.926118
-3998.549000 -1646.798394 -5935.862063
-3999.050159 -1646.829353 -5937.798007
-3999.551318 -1646.860313 -5939.733952
-4000.052477 -1646.891273 -5941.669896
-4000.553636 -1646.922232 -5943.605841
-4001.054795 -1646.953192 -5945.541785
-4001.555954 -1646.984152 -5947.477730
-4002.057113 -1647.015111 -5949.413674
-4002.558272 -1647.046071 -5951.349619
-4003.059431 -1647.077030 -5953.285563
-4003.560590 -1647.107990 -5955.221508
-4004.061749 -1647.138950 -5957.157452
-4004.562908 -1647.169909 -5959.093397
-4005.064067 -1647.200869 -5961.029341
-4005.565226 -1647.231829 -5962.965286
-4006.066385 -1647.262788 -5964.901230
-4006.567544 -1647.293748 -5966.837175
-4007.068703 -1647.324708 -5968.773119
-4007.569863 -1647.355667 -5970.709064
-4008.071022 -1647.386627 -5972.645008
-4008.572181 -1647.417586 -5974.580953
-4009.073340 -1647.448546 -5976.516897
-4009.574499 -1647.479506 -5978.452842
-4010.075658 -1647.510465 -5980.388786
-4010.576817 -1647.541425 -5982.324731
-4011.077976 -1647.572385 -5984.260675
-4011.579135 -1647.603344 -5986.196620
-4012.080294 -1647.634304 -5988.132564
-4012.581453 -1647.665264 -5990.068509
-4013.082612 -1647.696223 -5992.004453
-4013.583771 -1647.727183 -5993.940398
-4014.084930 -1647.758142 -5995.876342
-4014.586089 -1647.789102 -5997.812287
-4015.087248 -1647.820062 -5999.748231
-4015.588407 -1647.851021 -6001.684176
-4016.089566 -1647.881981 -6003.620120
-4016.590725 -1647.912941 -6005.556065
-4017.091884 -1647.943900 -6007.492009
-4017.593043 -1647.974860 -6009.427954
-4018.094202 -1648.005819 -6011.363898
-4018.595362 -1648.036779 -6013.299843
-4019.096521 -1648.067739 -6015.235787
-4019.597680 -1648.098698 -6017.171732
-4020.098839 -1648.129658 -6019.107676
-4020.599998 -1648.160618 -6021.043621
-4021.101157 -1648.191577 -6022.979565
-4021.602316 -1648.222537 -6024.915510
-4022.103475 -1648.253497 -6026.851454
-4022.604634 -1648.284456 -6028.787399
-4023.105793 -1648.315416 -6030.723343
-4023.606952 -1648.346375 -6032.659288
-4024.108111 -1648.377335 -6034.595232
-4024.609270 -1648.408295 -6036.531177
-4025.110429 -1648.439254 -6038.467121
-4025.611588 -1648.470214 -6040.403066
-4026.112747 -1648.501174 -6042.339010
-4026.613906 -1648.532133 -6044.274955
-4027.115065 -1648.563093 -6046.210899
-4027.616224 -1648.594052 -6048.146844
-4028.117383 -1648.625012 -6050.082788
-4028.618542 -1648.655972 -6052.018733
-4029.119702 -1648.686931 -6053.954677
-4029.620861 -1648.717891 -6055.890622
-4030.122020 -1648.748851 -6057.826566
-4030.623179 -1648.779810 -6059.762511
-4031.124338 -1648.810770 -6061.698455
-4031.625497 -1648.841730 -6063.634400
-4032.126656 -1648.872689 -6065.570344
-4032.627815 -1648.903649 -6067.506289
-4033.128974 -1648.934608 -6069.442233
-4033.630133 -1648.965568 -6071.378178
-4034.131292 -1648.996528 -6073.314122
-4034.632451 -1649.027487 -6075.250067
-4035.133610 -1649.058447 -6077.186011
-4035.634769 -1649.089407 -6079.121956
-4036.135928 -1649.120366 -6081.057900
-4036.637087 -1649.151326 -6082.993845
-4037.138246 -1649.182285 -6084.929789
-4037.639405 -1649.213245 -6086.865734
-4038.140564 -1649.244205 -6088.801678
-4038.641723 -1649.275164 -6090.737623
-4039.142882 -1649.306124 -6092.673567
-4039.644041 -1649.337084 -6094.609512
-4040.145201 -1649.368043 -6096.545456
-4040.646360 -1649.399003 -6098.481401
-4041.147519 -1649.429963 -6100.417345
-4041.648678 -1649.460922 -6102.353290
-4042.149837 -1649.491882 -6104.289234
-4042.650996 -1649.522841 -6106.225179
-4043.152155 -1649.553801 -6108.161123
-4043.653314 -1649.584761 -6110.097068
-4044.154473 -1649.615720 -6112.033012
-4044.655632 -1649.646680 -6113.968957
-4045.156791 -1649.677640 -6115.904901
-4045.657950 -1649.708599 -6117.840846
-4046.159109 -1649.739559 -6119.776790
-4046.660268 -1649.770518 -6121.712735
-4047.161427 -1649.801478 -6123.648679
-4047.662586 -1649.832438 -6125.584624
-4048.163745 -1649.863397 -6127.520568
-4048.664904 -1649.894357 -6129.456513
-4049.166063 -1649.925317 -6131.392457
-4049.667222 -1649.956276 -6133.328402
-4050.168381 -1649.987236 -6135.264346
-4050.669541 -1650.018196 -6137.200291
-4051.170700 -1650.049155 -6139.136235
-4051.671859 -1650.080115 -6141.072180
-4052.173018 -1650.111074 -6143.008124
-4052.674177 -1650.142034 -6144.944069
-4053.175336 -1650.172994 -6146.880013
-4053.676495 -1650.203953 -6148.815958
-4054.177654 -1650.234913 -6150.751902
-4054.678813 -1650.265873 -6152.687847
-4055.179972 -1650.296832 -6154.623791
-4055.681131 -1650.327792 -6156.559736
-4056.182290 -1650.358752 -6158.495680
-4056.683449 -1650.389711 -6160.431625
-4057.184608 -1650.420671 -6162.367569
-4057.685767 -1650.451630 -6164.303514
-4058.186926 -1650.482590 -6166.239458
-4058.688085 -1650.513550 -6168.175403
-4059.189244 -1650.544509 -6170.111347
-4059.690403 -1650.575469 -6172.047292
-4060.191562 -1650.606429 -6173.983236
-4060.692721 -1650.637388 -6175.919181
-4061.193880 -1650.668348 -6177.855125
-4061.695040 -1650.699307 -6179.791070
-4062.196199 -1650.730267 -6181.727014
-4062.697358 -1650.761227 -6183.662959
-4063.198517 -1650.792186 -6185.598903
-4063.699676 -1650.823146 -6187.534848
-4064.200835 -1650.854106 -6189.470792
-4064.701994 -1650.885065 -6191.406737
-4065.203153 -1650.916025 -6193.342681
-4065.704312 -1650.946985 -6195.278626
-4066.205471 -1650.977944 -6197.214570
-4066.706630 -1651.008904 -6199.150515
-4067.207789 -1651.039863 -6201.086459
-4067.708948 -1651.070823 -6203.022404
-4068.210107 -1651.101783 -6204.958348
-4068.711266 -1651.132742 -6206.894293
-4069.212425 -1651.163702 -6208.830237
-4069.713584 -1651.194662 -6210.766182
-4070.214743 -1651.225621 -6212.702126
-4070.715902 -1651.256581 -6214.638071
-4071.217061 -1651.287540 -6216.574015
-4071.718220 -1651.318500 -6218.509960
-4072.219379 -1651.349460 -6220.445904
-4072.720539 -1651.380419 -6222.381849
-4073.221698 -1651.411379 -6224.317793
-4073.722857 -1651.442339 -6226.253738
-4074.224016 -1651.473298 -6228.189682
-4074.725175 -1651.504258 -6230.125627
-4075.226334 -1651.535218 -6232.061571
-4075.727493 -1651.566177 -6233.997516
-4076.228652 -1651.597137 -6235.933460
-4076.729811 -1651.628096 -6237.869405
-4077.230970 -1651.659056 -6239.805349
-4077.732129 -1651.690016 -6241.741294
-4078.233288 -1651.720975 -6243.677238
-4078.734447 -1651.751935 -6245.613183
-4079.235606 -1651.782895 -6247.549127
-4079.736765 -1651.813854 -6249.485072
-4080.237924 -1651.844814 -6251.421016
-4080.739083 -1651.875773 -6253.356961
-4081.240242 -1651.906733 -6255.292905
-4081.741401 -1651.937693 -6257.228850
-4082.242560 -1651.968652 -6259.164794
-4082.743719 -1651.999612 -6261.100739
-4083.244879 -1652.030572 -6263.036683
-4083.746038 -1652.061531 -6264.972628
-4084.247197 -1652.092491 -6266.908572
-4084.748356 -1652.123451 -6268.844517
-4085.249515 -1652.154410 -6270.780461
-4085.750674 -1652.185370 -6272.716406
-4086.251833 -1652.216329 -6274.652350
-4086.752992 -1652.247289 -6276.588295
-4087.254151 -1652.278249 -6278.524239
-4087.755310 -1652.309208 -6280.460184
-4088.256469 -1652.340168 -6282.396128
-4088.757628 -1652.371128 -6284.332073
-4089.258787 -1652.402087 -6286.268017
-4089.759946 -1652.433047 -6288.203962
-4090.261105 -1652.464006 -6290.139906
-4090.762264 -1652.494966 -6292.075851
-4091.263423 -1652.525926 -6294.011795
-4091.764582 -1652.556885 -6295.947740
-4092.265741 -1652.587845 -6297.883684
-4092.766900 -1652.618805 -6299.819629
-4093.268059 -1652.649764 -6301.755573
-4093.769218 -1652.680724 -6303.691518
-4094.270378 -1652.711684 -6305.627462
-4094.771537 -1652.742643 -6307.563407
-4095.272696 -1652.773603 -6309.499351
-4095.773855 -1652.804562 -6311.435296
-4096.275014 -1652.835522 -6313.371240
-4096.776173 -1652.866482 -6315.307185
-4097.277332 -1652.897441 -6317.243129
-4097.778491 -1652.928401 -6319.179074
-4098.279650 -1652.959361 -6321.115018
-4098.780809 -1652.990320 -6323.050963
-4099.281968 -1653.021280 -6324.986907
-4099.783127 -1653.052240 -6326.922852
-4100.284286 -1653.083199 -6328.858796
-4100.785445 -1653.114159 -6330.794741
-4101.286604 -1653.145118 -6332.730685
-4101.787763 -1653.176078 -6334.666630
-4102.288922 -1653.207038 -6336.602574
-4102.790081 -1653.237997 -6338.538519
-4103.291240 -1653.268957 -6340.474463
-4103.792399 -1653.299917 -6342.410408
-4104.293558 -1653.330876 -6344.346352
-4104.794717 -1653.361836 -6346.282297
-4105.295877 -1653.392795 -6348.218241
-4105.797036 -1653.423755 -6350.154186
-4106.298195 -1653.454715 -6352.090130
-4106.799354 -1653.485674 -6354.026075
-4107.300513 -1653.516634 -6355.962019
-4107.801672 -1653.547594 -6357.897964
-4108.302831 -1653.578553 -6359.833908
-4108.803990 -1653.609513 -6361.769853
-4109.305149 -1653.640473 -6363.705797
-4109.806308 -1653.671432 -6365.641742
-4110.307467 -1653.702392 -6367.577686
-4110.808626 -1653.733351 -6369.513631
-4111.309785 -1653.764311 -6371.449575
-4111.810944 -1653.795271 -6373.385520
-4112.312103 -1653.826230 -6375.321464
-4112.813262 -1653.857190 -6377.257409
-4113.314421 -1653.888150 -6379.193353
-4113.815580 -1653.919109 -6381.129298
-4114.316739 -1653.950069 -6383.065242
-4114.817898 -1653.981028 -6385.001187
-4115.319057 -1654.011988 -6386.937131
-4115.820217 -1654.042948 -6388.873076
-4116.321376 -1654.073907 -6390.809020
-4116.822535 -1654.104867 -6392.744965
-4117.323694 -1654.135827 -6394.680909
-4117.824853 -1654.166786 -6396.616854
-4118.326012 -1654.197746 -6398.552798
-4118.827171 -1654.228706 -6400.488743
-4119.328330 -1654.259665 -6402.424687
-4119.829489 -1654.290625 -6404.360632
-4120.330648 -1654.321584 -6406.296576
-4120.831807 -1654.352544 -6408.232521
-4121.332966 -1654.383504 -6410.168465
-4121.834125 -1654.414463 -6412.104410
-4122.335284 -1654.445423 -6414.040354
-4122.836443 -1654.476383 -6415.976299
-4123.337602 -1654.507342 -6417.912243
-4123.838761 -1654.538302 -6419.848188
-4124.339920 -1654.569261 -6421.784132
-4124.841079 -1654.600221 -6423.720077
-4125.342238 -1654.631181 -6425.656021
-4125.843397 -1654.662140 -6427.591966
-4126.344556 -1654.693100 -6429.527910
-4126.845716 -1654.724060 -6431.463855
-4127.346875 -1654.755019 -6433.399799
-4127.848034 -1654.785979 -6435.335744
-4128.349193 -1654.816939 -6437.271688
-4128.850352 -1654.847898 -6439.207633
-4129.351511 -1654.878858 -6441.143577
-4129.852670 -1654.909817 -6443.079522
-4130.353829 -1654.940777 -6445.015466
-4130.854988 -1654.971737 -6446.951411
-4131.356147 -1655.002696 -6448.887355
-4131.857306 -1655.033656 -6450.823300
-4132.358465 -1655.064616 -6452.759244
-4132.859624 -1655.095575 -6454.695189
-4133.360783 -1655.126535 -6456.631133
-4133.861942 -1655.157494 -6458.567078
-4134.363101 -1655.188454 -6460.503022
-4134.864260 -1655.219414 -6462.438967
-4135.365419 -1655.250373 -6464.374911
-4135.866578 -1655.281333 -6466.310856
-4136.367737 -1655.312293 -6468.246800
-4136.868896 -1655.343252 -6470.182745
-4137.370056 -1655.374212 -6472.118689
-4137.871215 -1655.405172 -6474.054634
-4138.372374 -1655.436131 -6475.990578
-4138.873533 -1655.467091 -6477.926523
-4139.374692 -1655.498050 -6479.862467
-4139.875851 -1655.529010 -6481.798412
-4140.377010 -1655.559970 -6483.734356
-4140.878169 -1655.590929 -6485.670301
-4141.379328 -1655.621889 -6487.606245
-4141.880487 -1655.652849 -6489.542190
-4142.381646 -1655.683808 -6491.478134
-4142.882805 -1655.714768 -6493.414079
-4143.383964 -1655.745728 -6495.350023
-4143.885123 -1655.776687 -6497.285968
-4144.386282 -1655.807647 -6499.221912
-4144.887441 -1655.838606 -6501.157857
-4145.388600 -1655.869566 -6503.093801
-4145.889759 -1655.900526 -6505.029746
-4146.390918 -1655.931485 -6506.965690
-4146.892077 -1655.962445 -6508.901635
-4147.393236 -1655.993405 -6510.837579
-4147.894395 -1656.024364 -6512.773524
-4148.395555 -1656.055324 -6514.709468
-4148.896714 -1656.086283 -6516.645413
-4149.397873 -1656.117243 -6518.581357
-4149.899032 -1656.148203 -6520.517302
-4150.400191 -1656.179162 -6522.453246
-4150.901350 -1656.210122 -6524.389191
-4151.402509 -1656.241082 -6526.325135
-4151.903668 -1656.272041 -6528.261080
-4152.404827 -1656.303001 -6530.197024
-4152.905986 -1656.333961 -6532.132969
-4153.407145 -1656.364920 -6534.068913
-4153.908304 -1656.395880 -6536.004858
-4154.409463 -1656.426839 -6537.940802
-4154.910622 -1656.457799 -6539.876747
-4155.411781 -1656.488759 -6541.812691
-4155.912940 -1656.519718 -6543.748636
-4156.414099 -1656.550678 -6545.684580
-4156.915258 -1656.581638 -6547.620525
-4157.416417 -1656.612597 -6549.556469
-4157.917576 -1656.643557 -6551.492414
-4158.418735 -1656.674516 -6553.428358
-4158.919894 -1656.705476 -6555.364303
-4159.421054 -1656.736436 -6557.300247
-4159.922213 -1656.767395 -6559.236192
-4160.423372 -1656.798355 -6561.172136
-4160.924531 -1656.829315 -6563.108081
-4161.425690 -1656.860274 -6565.044025
-4161.926849 -1656.891234 -6566.979970
-4162.428008 -1656.922194 -6568.915914
-4162.929167 -1656.953153 -6570.851859
-4163.430326 -1656.984113 -6572.787803
-4163.931485 -1657.015072 -6574.723748
-4164.432644 -1657.046032 -6576.659692
-4164.933803 -1657.076992 -6578.595637
-4165.434962 -1657.107951 -6580.531581
-4165.936121 -1657.138911 -6582.467526
-4166.437280 -1657.169871 -6584.403470
-4166.938439 -1657.200830 -6586.339415
-4167.439598 -1657.231790 -6588.275359
-4167.940757 -1657.262749 -6590.211304
-4168.441916 -1657.293709 -6592.147248
-4168.943075 -1657.324669 -6594.083193
-4169.444234 -1657.355628 -6596.019137
-4169.945394 -1657.386588 -6597.955082
-4170.446553 -1657.417548 -6599.891026
-4170.947712 -1657.448507 -6601.826971
-4171.448871 -1657.479467 -6603.762915
-4171.950030 -1657.510427 -6605.698860
-4172.451189 -1657.541386 -6607.634804
-4172.952348 -1657.572346 -6609.570749
-4173.453507 -1657.603305 -6611.506693
-4173.954666 -1657.634265 -6613.442638
-4174.455825 -1657.665225 -6615.378582
-4174.956984 -1657.696184 -6617.314527
-4175.458143 -1657.727144 -6619.250471
-4175.959302 -1657.758104 -6621.186416
-4176.460461 -1657.789063 -6623.122360
-4176.961620 -1657.820023 -6625.058305
-4177.462779 -1657.850982 -6626.994249
-4177.963938 -1657.881942 -6628.930194
-4178.465097 -1657.912902 -6630.866138
-4178.966256 -1657.943861 -6632.802083
-4179.467415 -1657.974821 -6634.738027
-4179.968574 -1658.005781 -6636.673972
-4180.469733 -1658.036740 -6638.609916
-4180.970893 -1658.067700 -6640.545861
-4181.472052 -1658.098660 -6642.481805
-4181.973211 -1658.129619 -6644.417750
-4182.474370 -1658.160579 -6646.353694
-4182.975529 -1658.191538 -6648.289639
-4183.476688 -1658.222498 -6650.225583
-4183.977847 -1658.253458 -6652.161528
-4184.479006 -1658.284417 -6654.097472
-4184.980165 -1658.315377 -6656.033417
-4185.481324 -1658.346337 -6657.969361
-4185.982483 -1658.377296 -6659.905306
-4186.483642 -1658.408256 -6661.841250
-4186.984801 -1658.439216 -6663.777195
-4187.485960 -1658.470175 -6665.713139
-4187.987119 -1658.501135 -6667.649084
-4188.488278 -1658.532094 -6669.585028
-4188.989437 -1658.563054 -6671.520973
-4189.490596 -1658.594014 -6673.456917
-4189.991755 -1658.624973 -6675.392862
-4190.492914 -1658.655933 -6677.328806
-4190.994073 -1658.686893 -6679.264751
-4191.495233 -1658.717852 -6681.200695
-4191.996392 -1658.748812 -6683.136640
-4192.497551 -1658.779771 -6685.072584
-4192.998710 -1658.810731 -6687.008529
-4193.499869 -1658.841691 -6688.944473
-4194.001028 -1658.872650 -6690.880418
-4194.502187 -1658.903610 -6692.816362
-4195.003346 -1658.934570 -6694.752307
-4195.504505 -1658.965529 -6696.688251
-4196.005664 -1658.996489 -6698.624196
-4196.506823 -1659.027449 -6700.560140
-4197.007982 -1659.058408 -6702.496085
-4197.509141 -1659.089368 -6704.432029
-4198.010300 -1659.120327 -6706.367974
-4198.511459 -1659.151287 -6708.303918
-4199.012618 -1659.182247 -6710.239863
-4199.513777 -1659.213206 -6712.175807
-4200.014936 -1659.244166 -6714.111752
-4200.516095 -1659.275126 -6716.047696
-4201.017254 -1659.306085 -6717.983641
-4201.518413 -1659.337045 -6719.919585
-4202.019572 -1659.368004 -6721.855530
-4202.520732 -1659.398964 -6723.791474
-4203.021891 -1659.429924 -6725.727419
-4203.523050 -1659.460883 -6727.663363
-4204.024209 -1659.491843 -6729.599308
-4204.525368 -1659.522803 -6731.535252
-4205.026527 -1659.553762 -6733.471197
-4205.527686 -1659.584722 -6735.407141
-4206.028845 -1659.615682 -6737.343086
-4206.530004 -1659.646641 -6739.279030
-4207.031163 -1659.677601 -6741.214975
-4207.532322 -1659.708560 -6743.150919
-4208.033481 -1659.739520 -6745.086864
-4208.534640 -1659.770480 -6747.022808
-4209.035799 -1659.801439 -6748.958753
-4209.536958 -1659.832399 -6750.894697
-4210.038117 -1659.863359 -6752.830642
-4210.539276 -1659.894318 -6754.766586
-4211.040435 -1659.925278 -6756.702531
-4211.541594 -1659.956237 -6758.638475
-4212.042753 -1659.987197 -6760.574420
-4212.543912 -1660.018157 -6762.510364
-4213.045071 -1660.049116 -6764.446309
-4213.546231 -1660.080076 -6766.382253
-4214.047390 -1660.111036 -6768.318198
-4214.548549 -1660.141995 -6770.254142
-4215.049708 -1660.172955 -6772.190087
-4215.550867 -1660.203915 -6774.126032
-4216.052026 -1660.234874 -6776.061976
-4216.553185 -1660.265834 -6777.997921
-4217.054344 -1660.296793 -6779.933865
-4217.555503 -1660.327753 -6781.869810
-4218.056662 -1660.358713 -6783.805754
-4218.557821 -1660.389672 -6785.741699
-4219.058980 -1660.420632 -6787.677643
-4219.560139 -1660.451592 -6789.613588
-4220.061298 -1660.482551 -6791.549532
-4220.562457 -1660.513511 -6793.485477
-4221.063616 -1660.544471 -6795.421421
-4221.564775 -1660.575430 -6797.357366
-4222.065934 -1660.606390 -6799.293310
-4222.567093 -1660.637349 -6801.229255
-4223.068252 -1660.668309 -6803.165199
-4223.569411 -1660.699269 -6805.101144
-4224.070571 -1660.730228 -6807.037088
-4224.571730 -1660.761188 -6808.973033
-4225.072889 -1660.792148 -6810.908977
-4225.574048 -1660.823107 -6812.844922
-4226.075207 -1660.854067 -6814.780866
-4226.576366 -1660.885026 -6816.716811
-4227.077525 -1660.915986 -6818.652755
-4227.578684 -1660.946946 -6820.588700
-4228.079843 -1660.977905 -6822.524644
-4228.581002 -1661.008865 -6824.460589
-4229.082161 -1661.039825 -6826.396533
-4229.583320 -1661.070784 -6828.332478
-4230.084479 -1661.101744 -6830.268422
-4230.585638 -1661.132704 -6832.204367
-4231.086797 -1661.163663 -6834.140311
-4231.587956 -1661.194623 -6836.076256
-4232.089115 -1661.225582 -6838.012200
-4232.590274 -1661.256542 -6839.948145
-4233.091433 -1661.287502 -6841.884089
-4233.592592 -1661.318461 -6843.820034
-4234.093751 -1661.349421 -6845.755978
-4234.594910 -1661.380381 -6847.691923
-4235.096070 -1661.411340 -6849.627867
-4235.597229 -1661.442300 -6851.563812
-4236.098388 -1661.473259 -6853.499756
-4236.599547 -1661.504219 -6855.435701
-4237.100706 -1661.535179 -6857.371645
-4237.601865 -1661.566138 -6859.307590
-4238.103024 -1661.597098 -6861.243534
-4238.604183 -1661.628058 -6863.179479
-4239.105342 -1661.659017 -6865.115423
-4239.606501 -1661.689977 -6867.051368
-4240.107660 -1661.720937 -6868.987312
-4240.608819 -1661.751896 -6870.923257
-4241.109978 -1661.782856 -6872.859201
-4241.611137 -1661.813815 -6874.795146
-4242.112296 -1661.844775 -6876.731090
-4242.613455 -1661.875735 -6878.667035
-4243.114614 -1661.906694 -6880.602979
-4243.615773 -1661.937654 -6882.538924
-4244.116932 -1661.968614 -6884.474868
-4244.618091 -1661.999573 -6886.410813
-4245.119250 -1662.030533 -6888.346757
-4245.620410 -1662.061492 -6890.282702
-4246.121569 -1662.092452 -6892.218646
-4246.622728 -1662.123412 -6894.154591
-4247.123887 -1662.154371 -6896.090535
-4247.625046 -1662.185331 -6898.026480
-4248.126205 -1662.216291 -6899.962424
-4248.627364 -1662.247250 -6901.898369
-4249.128523 -1662.278210 -6903.834313
-4249.629682 -1662.309170 -6905.770258
-4250.130841 -1662.340129 -6907.706202
-4250.632000 -1662.371089 -6909.642147
-4251.133159 -1662.402048 -6911.578091
-4251.634318 -1662.433008 -6913.514036
-4252.135477 -1662.463968 -6915.449980
-4252.636636 -1662.494927 -6917.385925
-4253.137795 -1662.525887 -6919.321869
-4253.638954 -1662.556847 -6921.257814
-4254.140113 -1662.587806 -6923.193758
-4254.641272 -1662.618766 -6925.129703
-4255.142431 -1662.649725 -6927.065647
-4255.643590 -1662.680685 -6929.001592
-4256.144749 -1662.711645 -6930.937536
-4256.645909 -1662.742604 -6932.873481
-4257.147068 -1662.773564 -6934.809425
-4257.648227 -1662.804524 -6936.745370
-4258.149386 -1662.835483 -6938.681314
-4258.650545 -1662.866443 -6940.617259
-4259.151704 -1662.897403 -6942.553203
-4259.652863 -1662.928362 -6944.489148
-4260.154022 -1662.959322 -6946.425092
-4260.655181 -1662.990281 -6948.361037
-4261.156340 -1663.021241 -6950.296981
-4261.657499 -1663.052201 -6952.232926
-4262.158658 -1663.083160 -6954.168870
-4262.659817 -1663.114120 -6956.104815
-4263.160976 -1663.145080 -6958.040759
-4263.662135 -1663.176039 -6959.976704
-4264.163294 -1663.206999 -6961.912648
-4264.664453 -1663.237959 -6963.848593
-4265.165612 -1663.268918 -6965.784537
-4265.666771 -1663.299878 -6967.720482
-4266.167930 -1663.330837 -6969.656426
-4266.669089 -1663.361797 -6971.592371
-4267.170248 -1663.392757 -6973.528315
-4267.671408 -1663.423716 -6975.464260
-4268.172567 -1663.454676 -6977.400204
-4268.673726 -1663.485636 -6979.336149
-4269.174885 -1663.516595 -6981.272093
-4269.676044 -1663.547555 -6983.208038
-4270.177203 -1663.578514 -6985.143982
-4270.678362 -1663.609474 -6987.079927
-4271.179521 -1663.640434 -6989.015871
-4271.680680 -1663.671393 -6990.951816
-4272.181839 -1663.702353 -6992.887760
-4272.682998 -1663.733313 -6994.823705
-4273.184157 -1663.764272 -6996.759649
-4273.685316 -1663.795232 -6998.695594
-4274.186475 -1663.826192 -7000.631538
-4274.687634 -1663.857151 -7002.567483
-4275.188793 -1663.888111 -7004.503427
-4275.689952 -1663.919070 -7006.439372
-4276.191111 -1663.950030 -7008.375316
-4276.692270 -1663.980990 -7010.311261
-4277.193429 -1664.011949 -7012.247205
-4277.694588 -1664.042909 -7014.183150
-4278.195748 -1664.073869 -7016.119094
-4278.696907 -1664.104828 -7018.055039
-4279.198066 -1664.135788 -7019.990983
-4279.699225 -1664.166747 -7021.926928
-4280.200384 -1664.197707 -7023.862872
-4280.701543 -1664.228667 -7025.798817
-4281.202702 -1664.259626 -7027.734761
-4281.703861 -1664.290586 -7029.670706
-4282.205020 -1664.321546 -7031.606650
-4282.706179 -1664.352505 -7033.542595
-4283.207338 -1664.383465 -7035.478539
-4283.708497 -1664.414425 -7037.414484
-4284.209656 -1664.445384 -7039.350428
-4284.710815 -1664.476344 -7041.286373
-4285.211974 -1664.507303 -7043.222317
-4285.713133 -1664.538263 -7045.158262
-4286.214292 -1664.569223 -7047.094206
-4286.715451 -1664.600182 -7049.030151
-4287.216610 -1664.631142 -7050.966095
-4287.717769 -1664.662102 -7052.902040
-4288.218928 -1664.693061 -7054.837984
-4288.720087 -1664.724021 -7056.773929
-4289.221247 -1664.754980 -7058.709873
-4289.722406 -1664.785940 -7060.645818
-4290.223565 -1664.816900 -7062.581762
-4290.724724 -1664.847859 -7064.517707
-4291.225883 -1664.878819 -7066.453651
-4291.727042 -1664.909779 -7068.389596
-4292.228201 -1664.940738 -7070.325540
-4292.729360 -1664.971698 -7072.261485
-4293.230519 -1665.002658 -7074.197429
-4293.731678 -1665.033617 -7076.133374
-4294.232837 -1665.064577 -7078.069318
-4294.733996 -1665.095536 -7080.005263
-4295.235155 -1665.126496 -7081.941207
-4295.736314 -1665.157456 -7083.877152
-4296.237473 -1665.188415 -7085.813096
-4296.738632 -1665.219375 -7087.749041
-4297.239791 -1665.250335 -7089.684985
-4297.740950 -1665.281294 -7091.620930
-4298.242109 -1665.312254 -7093.556874
-4298.743268 -1665.343213 -7095.492819
-4299.244427 -1665.374173 -7097.428763
-4299.745586 -1665.405133 -7099.364708
-4300.246746 -1665.436092 -7101.300652
-4300.747905 -1665.467052 -7103.236597
-4301.249064 -1665.498012 -7105.172541
-4301.750223 -1665.528971 -7107.108486
-4302.251382 -1665.559931 -7109.044430
-4302.752541 -1665.590891 -7110.980375
-4303.253700 -1665.621850 -7112.916319
-4303.754859 -1665.652810 -7114.852264
-4304.256018 -1665.683769 -7116.788208
-4304.757177 -1665.714729 -7118.724153
-4305.258336 -1665.745689 -7120.660097
-4305.759495 -1665.776648 -7122.596042
-4306.260654 -1665.807608 -7124.531986
-4306.761813 -1665.838568 -7126.467931
-4307.262972 -1665.869527 -7128.403875
-4307.764131 -1665.900487 -7130.339820
-4308.265290 -1665.931447 -7132.275764
-4308.766449 -1665.962406 -7134.211709
-4309.267608 -1665.993366 -7136.147653
-4309.768767 -1666.024325 -7138.083598
-4310.269926 -1666.055285 -7140.019542
-4310.771086 -1666.086245 -7141.955487
-4311.272245 -1666.117204 -7143.891431
-4311.773404 -1666.148164 -7145.827376
-4312.274563 -1666.179124 -7147.763320
-4312.775722 -1666.210083 -7149.699265
-4313.276881 -1666.241043 -7151.635209
-4313.778040 -1666.272002 -7153.571154
-4314.279199 -1666.302962 -7155.507098
-4314.780358 -1666.333922 -7157.443043
-4315.281517 -1666.364881 -7159.378987
-4315.782676 -1666.395841 -7161.314932
-4316.283835 -1666.426801 -7163.250876
-4316.784994 -1666.457760 -7165.186821
-4317.286153 -1666.488720 -7167.122765
-4317.787312 -1666.519680 -7169.058710
-4318.288471 -1666.550639 -7170.994654
-4318.789630 -1666.581599 -7172.930599
-4319.290789 -1666.612558 -7174.866543
-4319.791948 -1666.643518 -7176.802488
-4320.293107 -1666.674478 -7178.738432
-4320.794266 -1666.705437 -7180.674377
-4321.295425 -1666.736397 -7182.610321
-4321.796585 -1666.767357 -7184.546266
-4322.297744 -1666.798316 -7186.482210
-4322.798903 -1666.829276 -7188.418155
-4323.300062 -1666.860235 -7190.354099
-4323.801221 -1666.891195 -7192.290044
-4324.302380 -1666.922155 -7194.225988
-4324.803539 -1666.953114 -7196.161933
-4325.304698 -1666.984074 -7198.097877
-4325.805857 -1667.015034 -7200.033822
-4326.307016 -1667.045993 -7201.969766
-4326.808175 -1667.076953 -7203.905711
-4327.309334 -1667.107913 -7205.841655
-4327.810493 -1667.138872 -7207.777600
-4328.311652 -1667.169832 -7209.713544
-4328.812811 -1667.200791 -7211.649489
-4329.313970 -1667.231751 -7213.585433
-4329.815129 -1667.262711 -7215.521378
-4330.316288 -1667.293670 -7217.457322
-4330.817447 -1667.324630 -7219.393267
-4331.318606 -1667.355590 -7221.329211
-4331.819765 -1667.386549 -7223.265156
-4332.320925 -1667.417509 -7225.201100
-4332.822084 -1667.448468 -7227.137045
-4333.323243 -1667.479428 -7229.072989
-4333.824402 -1667.510388 -7231.008934
-4334.325561 -1667.541347 -7232.944878
-4334.826720 -1667.572307 -7234.880823
-4335.327879 -1667.603267 -7236.816767
-4335.829038 -1667.634226 -7238.752712
-4336.330197 -1667.665186 -7240.688656
-4336.831356 -1667.696146 -7242.624601
-4337.332515 -1667.727105 -7244.560545
-4337.833674 -1667.758065 -7246.496490
-4338.334833 -1667.789024 -7248.432434
-4338.835992 -1667.819984 -7250.368379
-4339.337151 -1667.850944 -7252.304323
-4339.838310 -1667.881903 -7254.240268
-4340.339469 -1667.912863 -7256.176212
-4340.840628 -1667.943823 -7258.112157
-4341.341787 -1667.974782 -7260.048101
-4341.842946 -1668.005742 -7261.984046
-4342.344105 -1668.036701 -7263.919990
-4342.845264 -1668.067661 -7265.855935
-4343.346424 -1668.098621 -7267.791879
-4343.847583 -1668.129580 -7269.727824
-4344.348742 -1668.160540 -7271.663768
-4344.849901 -1668.191500 -7273.599713
-4345.351060 -1668.222459 -7275.535657
-4345.852219 -1668.253419 -7277.471602
-4346.353378 -1668.284379 -7279.407546
-4346.854537 -1668.315338 -7281.343491
-4347.355696 -1668.346298 -7283.279435
-4347.856855 -1668.377257 -7285.215380
-4348.358014 -1668.408217 -7287.151324
-4348.859173 -1668.439177 -7289.087269
-4349.360332 -1668.470136 -7291.023213
-4349.861491 -1668.501096 -7292.959158
-4350.362650 -1668.532056 -7294.895102
-4350.863809 -1668.563015 -7296.831047
-4351.364968 -1668.593975 -7298.766991
-4351.866127 -1668.624935 -7300.702936
-4352.367286 -1668.655894 -7302.638880
-4352.868445 -1668.686854 -7304.574825
-4353.369604 -1668.717813 -7306.510769
-4353.870763 -1668.748773 -7308.446714
-4354.371923 -1668.779733 -7310.382658
-4354.873082 -1668.810692 -7312.318603
-4355.374241 -1668.841652 -7314.254547
-4355.875400 -1668.872612 -7316.190492
-4356.376559 -1668.903571 -7318.126436
-4356.877718 -1668.934531 -7320.062381
-4357.378877 -1668.965490 -7321.998325
-4357.880036 -1668.996450 -7323.934270
-4358.381195 -1669.027410 -7325.870214
-4358.882354 -1669.058369 -7327.806159
-4359.383513 -1669.089329 -7329.742103
-4359.884672 -1669.120289 -7331.678048
-4360.385831 -1669.151248 -7333.613992
-4360.886990 -1669.182208 -7335.549937
-4361.388149 -1669.213168 -7337.485881
-4361.889308 -1669.244127 -7339.421826
-4362.390467 -1669.275087 -7341.357770
-4362.891626 -1669.306046 -7343.293715
-4363.392785 -1669.337006 -7345.229659
-4363.893944 -1669.367966 -7347.165604
-4364.395103 -1669.398925 -7349.101548
-4364.896263 -1669.429885 -7351.037493
-4365.397422 -1669.460845 -7352.973437
-4365.898581 -1669.491804 -7354.909382
-4366.399740 -1669.522764 -7356.845326
-4366.900899 -1669.553723 -7358.781271
-4367.402058 -1669.584683 -7360.717215
-4367.903217 -1669.615643 -7362.653160
-4368.404376 -1669.646602 -7364.589104
-4368.905535 -1669.677562 -7366.525049
-4369.406694 -1669.708522 -7368.460993
-4369.907853 -1669.739481 -7370.396938
-4370.409012 -1669.770441 -7372.332882
-4370.910171 -1669.801401 -7374.268827
-4371.411330 -1669.832360 -7376.204771
-4371.912489 -1669.863320 -7378.140716
-4372.413648 -1669.894279 -7380.076660
-4372.914807 -1669.925239 -7382.012605
-4373.415966 -1669.956199 -7383.948549
-4373.917125 -1669.987158 -7385.884494
-4374.418284 -1670.018118 -7387.820438
-4374.919443 -1670.049078 -7389.756383
-4375.420602 -1670.080037 -7391.692327
-4375.921762 -1670.110997 -7393.628272
-4376.422921 -1670.141956 -7395.564216
-4376.924080 -1670.172916 -7397.500161
-4377.425239 -1670.203876 -7399.436105
-4377.926398 -1670.234835 -7401.372050
-4378.427557 -1670.265795 -7403.307994
-4378.928716 -1670.296755 -7405.243939
-4379.429875 -1670.327714 -7407.179883
-4379.931034 -1670.358674 -7409.115828
-4380.432193 -1670.389634 -7411.051772
-4380.933352 -1670.420593 -7412.987717
-4381.434511 -1670.451553 -7414.923661
-4381.935670 -1670.482512 -7416.859606
-4382.436829 -1670.513472 -7418.795550
-4382.937988 -1670.544432 -7420.731495
-4383.439147 -1670.575391 -7422.667439
-4383.940306 -1670.606351 -7424.603384
-4384.441465 -1670.637311 -7426.539328
-4384.942624 -1670.668270 -7428.475273
-4385.443783 -1670.699230 -7430.411217
-4385.944942 -1670.730189 -7432.347162
-4386.446102 -1670.761149 -7434.283106
-4386.947261 -1670.792109 -7436.219051
-4387.448420 -1670.823068 -7438.154995
-4387.949579 -1670.854028 -7440.090940
-4388.450738 -1670.884988 -7442.026884
-4388.951897 -1670.915947 -7443.962829
-4389.453056 -1670.946907 -7445.898773
-4389.954215 -1670.977867 -7447.834718
-4390.455374 -1671.008826 -7449.770662
-4390.956533 -1671.039786 -7451.706607
-4391.457692 -1671.070745 -7453.642551
-4391.958851 -1671.101705 -7455.578496
-4392.460010 -1671.132665 -7457.514440
-4392.961169 -1671.163624 -7459.450385
-4393.462328 -1671.194584 -7461.386329
-4393.963487 -1671.225544 -7463.322274
-4394.464646 -1671.256503 -7465.258218
-4394.965805 -1671.287463 -7467.194163
-4395.466964 -1671.318423 -7469.130107
-4395.968123 -1671.349382 -7471.066052
-4396.469282 -1671.380342 -7473.001996
-4396.970441 -1671.411301 -7474.937941
-4397.471601 -1671.442261 -7476.873885
-4397.972760 -1671.473221 -7478.809830
-4398.473919 -1671.504180 -7480.745774
-4398.975078 -1671.535140 -7482.681719
-4399.476237 -1671.566100 -7484.617663
-4399.977396 -1671.597059 -7486.553608
-4400.478555 -1671.628019 -7488.489552
-4400.979714 -1671.658978 -7490.425497
-4401.480873 -1671.689938 -7492.361441
-4401.982032 -1671.720898 -7494.297386
-4402.483191 -1671.751857 -7496.233330
-4402.984350 -1671.782817 -7498.169275
-4403.485509 -1671.813777 -7500.105219
-4403.986668 -1671.844736 -7502.041164
-4404.487827 -1671.875696 -7503.977108
-4404.988986 -1671.906656 -7505.913053
-4405.490145 -1671.937615 -7507.848997
-4405.991304 -1671.968575 -7509.784942
-4406.492463 -1671.999534 -7511.720886
-4406.993622 -1672.030494 -7513.656831
-4407.494781 -1672.061454 -7515.592775
-4407.995940 -1672.092413 -7517.528720
-4408.497100 -1672.123373 -7519.464664
-4408.998259 -1672.154333 -7521.400609
-4409.499418 -1672.185292 -7523.336553
-4410.000577 -1672.216252 -7525.272498
-4410.501736 -1672.247211 -7527.208442
-4411.002895 -1672.278171 -7529.144387
-4411.504054 -1672.309131 -7531.080331
-4412.005213 -1672.340090 -7533.016276
-4412.506372 -1672.371050 -7534.952220
-4413.007531 -1672.402010 -7536.888165
-4413.508690 -1672.432969 -7538.824109
-4414.009849 -1672.463929 -7540.760054
-4414.511008 -1672.494889 -7542.695998
-4415.012167 -1672.525848 -7544.631943
-4415.513326 -1672.556808 -7546.567887
-4416.014485 -1672.587767 -7548.503832
-4416.515644 -1672.618727 -7550.439776
-4417.016803 -1672.649687 -7552.375721
-4417.517962 -1672.680646 -7554.311665
-4418.019121 -1672.711606 -7556.247610
-4418.520280 -1672.742566 -7558.183554
-4419.021440 -1672.773525 -7560.119499
-4419.522599 -1672.804485 -7562.055443
-4420.023758 -1672.835444 -7563.991388
-4420.524917 -1672.866404 -7565.927332
-4421.026076 -1672.897364 -7567.863277
-4421.527235 -1672.928323 -7569.799221
-4422.028394 -1672.959283 -7571.735166
-4422.529553 -1672.990243 -7573.671110
-4423.030712 -1673.021202 -7575.607055
-4423.531871 -1673.052162 -7577.542999
-4424.033030 -1673.083122 -7579.478944
-4424.534189 -1673.114081 -7581.414888
-4425.035348 -1673.145041 -7583.350833
-4425.536507 -1673.176000 -7585.286777
-4426.037666 -1673.206960 -7587.222722
-4426.538825 -1673.237920 -7589.158666
-4427.039984 -1673.268879 -7591.094611
-4427.541143 -1673.299839 -7593.030555
-4428.042302 -1673.330799 -7594.966500
-4428.543461 -1673.361758 -7596.902444
-4429.044620 -1673.392718 -7598.838389
-4429.545779 -1673.423677 -7600.774333
-4430.046939 -1673.454637 -7602.710278
-4430.548098 -1673.485597 -7604.646222
-4431.049257 -1673.516556 -7606.582167
-4431.550416 -1673.547516 -7608.518111
-4432.051575 -1673.578476 -7610.454056
-4432.552734 -1673.609435 -7612.390000
-4433.053893 -1673.640395 -7614.325945
-4433.555052 -1673.671355 -7616.261889
-4434.056211 -1673.702314 -7618.197834
-4434.557370 -1673.733274 -7620.133779
-4435.058529 -1673.764233 -7622.069723
-4435.559688 -1673.795193 -7624.005668
-4436.060847 -1673.826153 -7625.941612
-4436.562006 -1673.857112 -7627.877557
-4437.063165 -1673.888072 -7629.813501
-4437.564324 -1673.919032 -7631.749446
-4438.065483 -1673.949991 -7633.685390
-4438.566642 -1673.980951 -7635.621335
-4439.067801 -1674.011911 -7637.557279
-4439.568960 -1674.042870 -7639.493224
-4440.070119 -1674.073830 -7641.429168
-4440.571279 -1674.104789 -7643.365113
-4441.072438 -1674.135749 -7645.301057
-4441.573597 -1674.166709 -7647.237002
-4442.074756 -1674.197668 -7649.172946
-4442.575915 -1674.228628 -7651.108891
-4443.077074 -1674.259588 -7653.044835
-4443.578233 -1674.290547 -7654.980780
-4444.079392 -1674.321507 -7656.916724
-4444.580551 -1674.352466 -7658.852669
-4445.081710 -1674.383426 -7660.788613
-4445.582869 -1674.414386 -7662.724558
-4446.084028 -1674.445345 -7664.660502
-4446.585187 -1674.476305 -7666.596447
-4447.086346 -1674.507265 -7668.532391
-4447.587505 -1674.538224 -7670.468336
-4448.088664 -1674.569184 -7672.404280
-4448.589823 -1674.600144 -7674.340225
-4449.090982 -1674.631103 -7676.276169
-4449.592141 -1674.662063 -7678.212114
-4450.093300 -1674.693022 -7680.148058
-4450.594459 -1674.723982 -7682.084003
-4451.095618 -1674.754942 -7684.019947
-4451.596778 -1674.785901 -7685.955892
-4452.097937 -1674.816861 -7687.891836
-4452.599096 -1674.847821 -7689.827781
-4453.100255 -1674.878780 -7691.763725
-4453.601414 -1674.909740 -7693.699670
-4454.102573 -1674.940699 -7695.635614
-4454.603732 -1674.971659 -7697.571559
-4455.104891 -1675.002619 -7699.507503
-4455.606050 -1675.033578 -7701.443448
-4456.107209 -1675.064538 -7703.379392
-4456.608368 -1675.095498 -7705.315337
-4457.109527 -1675.126457 -7707.251281
-4457.610686 -1675.157417 -7709.187226
-4458.111845 -1675.188377 -7711.123170
-4458.613004 -1675.219336 -7713.059115
-4459.114163 -1675.250296 -7714.995059
-4459.615322 -1675.281255 -7716.931004
-4460.116481 -1675.312215 -7718.866948
-4460.617640 -1675.343175 -7720.802893
-4461.118799 -1675.374134 -7722.738837
-4461.619958 -1675.405094 -7724.674782
-4462.121117 -1675.436054 -7726.610726
-4462.622277 -1675.467013 -7728.546671
-4463.123436 -1675.497973 -7730.482615
-4463.624595 -1675.528932 -7732.418560
-4464.125754 -1675.559892 -7734.354504
-4464.626913 -1675.590852 -7736.290449
-4465.128072 -1675.621811 -7738.226393
-4465.629231 -1675.652771 -7740.162338
-4466.130390 -1675.683731 -7742.098282
-4466.631549 -1675.714690 -7744.034227
-4467.132708 -1675.745650 -7745.970171
-4467.633867 -1675.776610 -7747.906116
-4468.135026 -1675.807569 -7749.842060
-4468.636185 -1675.838529 -7751.778005
-4469.137344 -1675.869488 -7753.713949
-4469.638503 -1675.900448 -7755.649894
-4470.139662 -1675.931408 -7757.585838
-4470.640821 -1675.962367 -7759.521783
-4471.141980 -1675.993327 -7761.457727
-4471.643139 -1676.024287 -7763.393672
-4472.144298 -1676.055246 -7765.329616
-4472.645457 -1676.086206 -7767.265561
-4473.146617 -1676.117165 -7769.201505
-4473.647776 -1676.148125 -7771.137450
-4474.148935 -1676.179085 -7773.073394
-4474.650094 -1676.210044 -7775.009339
-4475.151253 -1676.241004 -7776.945283
-4475.652412 -1676.271964 -7778.881228
-4476.153571 -1676.302923 -7780.817172
-4476.654730 -1676.333883 -7782.753117
-4477.155889 -1676.364843 -7784.689061
-4477.657048 -1676.395802 -7786.625006
-4478.158207 -1676.426762 -7788.560950
-4478.659366 -1676.457721 -7790.496895
-4479.160525 -1676.488681 -7792.432839
-4479.661684 -1676.519641 -7794.368784
-4480.162843 -1676.550600 -7796.304728
-4480.664002 -1676.581560 -7798.240673
-4481.165161 -1676.612520 -7800.176617
-4481.666320 -1676.643479 -7802.112562
-4482.167479 -1676.674439 -7804.048506
-4482.668638 -1676.705399 -7805.984451
-4483.169797 -1676.736358 -7807.920395
-4483.670956 -1676.767318 -7809.856340
-4484.172116 -1676.798277 -7811.792284
-4484.673275 -1676.829237 -7813.728229
-4485.174434 -1676.860197 -7815.664173
-4485.675593 -1676.891156 -7817.600118
-4486.176752 -1676.922116 -7819.536062
-4486.677911 -1676.953076 -7821.472007
-4487.179070 -1676.984035 -7823.407951
-4487.680229 -1677.014995 -7825.343896
-4488.181388 -1677.045954 -7827.279840
-4488.682547 -1677.076914 -7829.215785
-4489.183706 -1677.107874 -7831.151729
-4489.684865 -1677.138833 -7833.087674
-4490.186024 -1677.169793 -7835.023618
-4490.687183 -1677.200753 -7836.959563
-4491.188342 -1677.231712 -7838.895507
-4491.689501 -1677.262672 -7840.831452
-4492.190660 -1677.293632 -7842.767396
-4492.691819 -1677.324591 -7844.703341
-4493.192978 -1677.355551 -7846.639285
-4493.694137 -1677.386510 -7848.575230
-4494.195296 -1677.417470 -7850.511174
-4494.696455 -1677.448430 -7852.447119
-4495.197615 -1677.479389 -7854.383063
-4495.698774 -1677.510349 -7856.319008
-4496.199933 -1677.541309 -7858.254952
-4496.701092 -1677.572268 -7860.190897
-4497.202251 -1677.603228 -7862.126841
-4497.703410 -1677.634187 -7864.062786
-4498.204569 -1677.665147 -7865.998730
-4498.705728 -1677.696107 -7867.934675
-4499.206887 -1677.727066 -7869.870619
-4499.708046 -1677.758026 -7871.806564
-4500.209205 -1677.788986 -7873.742508
-4500.710364 -1677.819945 -7875.678453
-4501.211523 -1677.850905 -7877.614397
-4501.712682 -1677.881865 -7879.550342
-4502.213841 -1677.912824 -7881.486286
-4502.715000 -1677.943784 -7883.422231
-4503.216159 -1677.974743 -7885.358175
-4503.717318 -1678.005703 -7887.294120
-4504.218477 -1678.036663 -7889.230064
-4504.719636 -1678.067622 -7891.166009
-4505.220795 -1678.098582 -7893.101953
-4505.721955 -1678.129542 -7895.037898
-4506.223114 -1678.160501 -7896.973842
-4506.724273 -1678.191461 -7898.909787
-4507.225432 -1678.222420 -7900.845731
-4507.726591 -1678.253380 -7902.781676
-4508.227750 -1678.284340 -7904.717620
-4508.728909 -1678.315299 -7906.653565
-4509.230068 -1678.346259 -7908.589509
-4509.731227 -1678.377219 -7910.525454
-4510.232386 -1678.408178 -7912.461398
-4510.733545 -1678.439138 -7914.397343
-4511.234704 -1678.470098 -7916.333287
-4511.735863 -1678.501057 -7918.269232
-4512.237022 -1678.532017 -7920.205176
-4512.738181 -1678.562976 -7922.141121
-4513.239340 -1678.593936 -7924.077065
-4513.740499 -1678.624896 -7926.013010
-4514.241658 -1678.655855 -7927.948954
-4514.742817 -1678.686815 -7929.884899
-4515.243976 -1678.717775 -7931.820843
-4515.745135 -1678.748734 -7933.756788
-4516.246294 -1678.779694 -7935.692732
-4516.747454 -1678.810654 -7937.628677
-4517.248613 -1678.841613 -7939.564621
-4517.749772 -1678.872573 -7941.500566
-4518.250931 -1678.903532 -7943.436510
-4518.752090 -1678.934492 -7945.372455
-4519.253249 -1678.965452 -7947.308399
-4519.754408 -1678.996411 -7949.244344
-4520.255567 -1679.027371 -7951.180288
-4520.756726 -1679.058331 -7953.116233
-4521.257885 -1679.089290 -7955.052177
-4521.759044 -1679.120250 -7956.988122
-4522.260203 -1679.151209 -7958.924066
-4522.761362 -1679.182169 -7960.860011
-4523.262521 -1679.213129 -7962.795955
-4523.763680 -1679.244088 -7964.731900
-4524.264839 -1679.275048 -7966.667844
-4524.765998 -1679.306008 -7968.603789
-4525.267157 -1679.336967 -7970.539733
-4525.768316 -1679.367927 -7972.475678
-4526.269475 -1679.398887 -7974.411622
-4526.770634 -1679.429846 -7976.347567
-4527.271794 -1679.460806 -7978.283511
-4527.772953 -1679.491765 -7980.219456
-4528.274112 -1679.522725 -7982.155400
-4528.775271 -1679.553685 -7984.091345
-4529.276430 -1679.584644 -7986.027289
-4529.777589 -1679.615604 -7987.963234
-4530.278748 -1679.646564 -7989.899178
-4530.779907 -1679.677523 -7991.835123
-4531.281066 -1679.708483 -7993.771067
-4531.782225 -1679.739442 -7995.707012
-4532.283384 -1679.770402 -7997.642956
-4532.784543 -1679.801362 -7999.578901
-4533.285702 -1679.832321 -8001.514845
-4533.786861 -1679.863281 -8003.450790
-4534.288020 -1679.894241 -8005.386734
-4534.789179 -1679.925200 -8007.322679
-4535.290338 -1679.956160 -8009.258623
-4536.000000 -1680.000000 -8012.000000
-4537.900624 -1680.540135 -8012.309651
-4539.801248 -1681.080269 -8012.619301
-4541.701872 -1681.620404 -8012.928952
-4543.602496 -1682.160538 -8013.238602
-4545.503119 -1682.700673 -8013.548253
-4547.403743 -1683.240807 -8013.857904
-4549.304367 -1683.780942 -8014.167554
-4551.204991 -1684.321077 -8014.477205
-4553.105615 -1684.861211 -8014.786855
-4555.006239 -1685.401346 -8015.096506
-4556.906863 -1685.941480 -8015.406157
-4558.807487 -1686.481615 -8015.715807
-4560.708111 -1687.021749 -8016.025458
-4562.608734 -1687.561884 -8016.335109
-4564.509358 -1688.102018 -8016.644759
-4566.409982 -1688.642153 -8016.954410
-4568.310606 -1689.182288 -8017.264060
-4570.211230 -1689.722422 -8017.573711
-4572.111854 -1690.262557 -8017.883362
-4574.012478 -1690.802691 -8018.193012
-4575.913102 -1691.342826 -8018.502663
-4577.813725 -1691.882960 -8018.812313
-4579.714349 -1692.423095 -8019.121964
-4581.614973 -1692.963230 -8019.431615
-4583.515597 -1693.503364 -8019.741265
-4585.416221 -1694.043499 -8020.050916
-4587.316845 -1694.583633 -8020.360566
-4589.217469 -1695.123768 -8020.670217
-4591.118093 -1695.663902 -8020.979868
-4593.018717 -1696.204037 -8021.289518
-4594.919340 -1696.744172 -8021.599169
-4596.819964 -1697.284306 -8021.908819
-4598.720588 -1697.824441 -8022.218470
-4600.621212 -1698.364575 -8022.528121
-4602.521836 -1698.904710 -8022.837771
-4604.422460 -1699.444844 -8023.147422
-4606.323084 -1699.984979 -8023.457073
-4608.223708 -1700.525113 -8023.766723
-4610.124332 -1701.065248 -8024.076374
-4612.024955 -1701.605383 -8024.386024
-4613.925579 -1702.145517 -8024.695675
-4615.826203 -1702.685652 -8025.005326
-4617.726827 -1703.225786 -8025.314976
-4619.627451 -1703.765921 -8025.624627
-4621.528075 -1704.306055 -8025.934277
-4623.428699 -1704.846190 -8026.243928
-4625.329323 -1705.386325 -8026.553579
-4627.229946 -1705.926459 -8026.863229
-4629.130570 -1706.466594 -8027.172880
-4631.031194 -1707.006728 -8027.482530
-4632.931818 -1707.546863 -8027.792181
-4634.832442 -1708.086997 -8028.101832
-4636.733066 -1708.627132 -8028.411482
-4638.633690 -1709.167267 -8028.721133
-4640.534314 -1709.707401 -8029.030783
-4642.434938 -1710.247536 -8029.340434
-4644.335561 -1710.787670 -8029.650085
-4646.236185 -1711.327805 -8029.959735
-4648.136809 -1711.867939 -8030.269386
-4650.037433 -1712.408074 -8030.579037
-4651.938057 -1712.948208 -8030.888687
-4653.838681 -1713.488343 -8031.198338
-4655.739305 -1714.028478 -8031.507988
-4657.639929 -1714.568612 -8031.817639
-4659.540553 -1715.108747 -8032.127290
-4661.441176 -1715.648881 -8032.436940
-4663.341800 -1716.189016 -8032.746591
-4665.242424 -1716.729150 -8033.056241
-4667.143048 -1717.269285 -8033.365892
-4669.043672 -1717.809420 -8033.675543
-4670.944296 -1718.349554 -8033.985193
-4672.844920 -1718.889689 -8034.294844
-4674.745544 -1719.429823 -8034.604494
-4676.646167 -1719.969958 -8034.914145
-4678.546791 -1720.510092 -8035.223796
-4680.447415 -1721.050227 -8035.533446
-4682.348039 -1721.590362 -8035.843097
-4684.248663 -1722.130496 -8036.152748
-4686.149287 -1722.670631 -8036.462398
-4688.049911 -1723.210765 -8036.772049
-4689.950535 -1723.750900 -8037.081699
-4691.851159 -1724.291034 -8037.391350
-4693.751782 -1724.831169 -8037.701001
-4695.652406 -1725.371304 -8038.010651
-4697.553030 -1725.911438 -8038.320302
-4699.453654 -1726.451573 -8038.629952
-4701.354278 -1726.991707 -8038.939603
-4703.254902 -1727.531842 -8039.249254
-4705.155526 -1728.071976 -8039.558904
-4707.056150 -1728.612111 -8039.868555
-4708.956774 -1729.152245 -8040.178205
-4710.857397 -1729.692380 -8040.487856
-4712.758021 -1730.232515 -8040.797507
-4714.658645 -1730.772649 -8041.107157
-4716.559269 -1731.312784 -8041.416808
-4718.459893 -1731.852918 -8041.726458
-4720.360517 -1732.393053 -8042.036109
-4722.261141 -1732.933187 -8042.345760
-4724.161765 -1733.473322 -8042.655410
-4726.062388 -1734.013457 -8042.965061
-4727.963012 -1734.553591 -8043.274712
-4729.863636 -1735.093726 -8043.584362
-4731.764260 -1735.633860 -8043.894013
-4733.664884 -1736.173995 -8044.203663
-4735.565508 -1736.714129 -8044.513314
-4737.466132 -1737.254264 -8044.822965
-4739.366756 -1737.794399 -8045.132615
-4741.267380 -1738.334533 -8045.442266
-4743.168003 -1738.874668 -8045.751916
-4745.068627 -1739.414802 -8046.061567
-4746.969251 -1739.954937 -8046.371218
-4748.869875 -1740.495071 -8046.680868
-4750.770499 -1741.035206 -8046.990519
-4752.671123 -1741.575340 -8047.300169
-4754.571747 -1742.115475 -8047.609820
-4756.472371 -1742.655610 -8047.919471
-4758.372995 -1743.195744 -8048.229121
-4760.273618 -1743.735879 -8048.538772
-4762.174242 -1744.276013 -8048.848422
-4764.074866 -1744.816148 -8049.158073
-4765.975490 -1745.356282 -8049.467724
-4767.876114 -1745.896417 -8049.777374
-4769.776738 -1746.436552 -8050.087025
-4771.677362 -1746.976686 -8050.396676
-4773.577986 -1747.516821 -8050.706326
-4775.478609 -1748.056955 -8051.015977
-4777.379233 -1748.597090 -8051.325627
-4779.279857 -1749.137224 -8051.635278
-4781.180481 -1749.677359 -8051.944929
-4783.081105 -1750.217494 -8052.254579
-4784.981729 -1750.757628 -8052.564230
-4786.882353 -1751.297763 -8052.873880
-4788.782977 -1751.837897 -8053.183531
-4790.683601 -1752.378032 -8053.493182
-4792.584224 -1752.918166 -8053.802832
-4794.484848 -1753.458301 -8054.112483
-4796.385472 -1753.998435 -8054.422133
-4798.286096 -1754.538570 -8054.731784
-4800.186720 -1755.078705 -8055.041435
-4802.087344 -1755.618839 -8055.351085
-4803.987968 -1756.158974 -8055.660736
-4805.888592 -1756.699108 -8055.970386
-4807.789216 -1757.239243 -8056.280037
-4809.689839 -1757.779377 -8056.589688
-4811.590463 -1758.319512 -8056.899338
-4813.491087 -1758.859647 -8057.208989
-4815.391711 -1759.399781 -8057.518640
-4817.292335 -1759.939916 -8057.828290
-4819.192959 -1760.480050 -8058.137941
-4821.093583 -1761.020185 -8058.447591
-4822.994207 -1761.560319 -8058.757242
-4824.894830 -1762.100454 -8059.066893
-4826.795454 -1762.640589 -8059.376543
-4828.696078 -1763.180723 -8059.686194
-4830.596702 -1763.720858 -8059.995844
-4832.497326 -1764.260992 -8060.305495
-4834.397950 -1764.801127 -8060.615146
-4836.298574 -1765.341261 -8060.924796
-4838.199198 -1765.881396 -8061.234447
-4840.099822 -1766.421530 -8061.544097
-4842.000445 -1766.961665 -8061.853748
-4843.901069 -1767.501800 -8062.163399
-4845.801693 -1768.041934 -8062.473049
-4847.702317 -1768.582069 -8062.782700
-4849.602941 -1769.122203 -8063.092350
-4851.503565 -1769.662338 -8063.402001
-4853.404189 -1770.202472 -8063.711652
-4855.304813 -1770.742607 -8064.021302
-4857.205437 -1771.282742 -8064.330953
-4859.106060 -1771.822876 -8064.640604
-4861.006684 -1772.363011 -8064.950254
-4862.907308 -1772.903145 -8065.259905
-4864.807932 -1773.443280 -8065.569555
-4866.708556 -1773.983414 -8065.879206
-4868.609180 -1774.523549 -8066.188857
-4870.509804 -1775.063684 -8066.498507
-4872.410428 -1775.603818 -8066.808158
-4874.311051 -1776.143953 -8067.117808
-4876.211675 -1776.684087 -8067.427459
-4878.112299 -1777.224222 -8067.737110
-4880.012923 -1777.764356 -8068.046760
-4881.913547 -1778.304491 -8068.356411
-4883.814171 -1778.844625 -8068.666061
-4885.714795 -1779.384760 -8068.975712
-4887.615419 -1779.924895 -8069.285363
-4889.516043 -1780.465029 -8069.595013
-4891.416666 -1781.005164 -8069.904664
-4893.317290 -1781.545298 -8070.214315
-4895.217914 -1782.085433 -8070.523965
-4897.118538 -1782.625567 -8070.833616
-4899.019162 -1783.165702 -8071.143266
-4900.919786 -1783.705837 -8071.452917
-4902.820410 -1784.245971 -8071.762568
-4904.721034 -1784.786106 -8072.072218
-4906.621658 -1785.326240 -8072.381869
-4908.522281 -1785.866375 -8072.691519
-4910.422905 -1786.406509 -8073.001170
-4912.323529 -1786.946644 -8073.310821
-4914.224153 -1787.486779 -8073.620471
-4916.124777 -1788.026913 -8073.930122
-4918.025401 -1788.567048 -8074.239772
-4919.926025 -1789.107182 -8074.549423
-4921.826649 -1789.647317 -8074.859074
-4923.727272 -1790.187451 -8075.168724
-4925.627896 -1790.727586 -8075.478375
-4927.528520 -1791.267721 -8075.788025
-4929.429144 -1791.807855 -8076.097676
-4931.329768 -1792.347990 -8076.407327
-4933.230392 -1792.888124 -8076.716977
-4935.131016 -1793.428259 -8077.026628
-4937.031640 -1793.968393 -8077.336279
-4938.932264 -1794.508528 -8077.645929
-4940.832887 -1795.048662 -8077.955580
-4942.733511 -1795.588797 -8078.265230
-4944.634135 -1796.128932 -8078.574881
-4946.534759 -1796.669066 -8078.884532
-4948.435383 -1797.209201 -8079.194182
-4950.336007 -1797.749335 -8079.503833
-4952.236631 -1798.289470 -8079.813483
-4954.137255 -1798.829604 -8080.123134
-4956.037879 -1799.369739 -8080.432785
-4957.938502 -1799.909874 -8080.742435
-4959.839126 -1800.450008 -8081.052086
-4961.739750 -1800.990143 -8081.361736
-4963.640374 -1801.530277 -8081.671387
-4965.540998 -1802.070412 -8081.981038
-4967.441622 -1802.610546 -8082.290688
-4969.342246 -1803.150681 -8082.600339
-4971.242870 -1803.690816 -8082.909989
-4973.143493 -1804.230950 -8083.219640
-4975.044117 -1804.771085 -8083.529291
-4976.944741 -1805.311219 -8083.838941
-4978.845365 -1805.851354 -8084.148592
-4980.745989 -1806.391488 -8084.458243
-4982.646613 -1806.931623 -8084.767893
-4984.547237 -1807.471757 -8085.077544
-4986.447861 -1808.011892 -8085.387194
-4988.348485 -1808.552027 -8085.696845
-4990.249108 -1809.092161 -8086.006496
-4992.149732 -1809.632296 -8086.316146
-4994.050356 -1810.172430 -8086.625797
-4995.950980 -1810.712565 -8086.935447
-4997.851604 -1811.252699 -8087.245098
-4999.752228 -1811.792834 -8087.554749
-5001.652852 -1812.332969 -8087.864399
-5003.553476 -1812.873103 -8088.174050
-5005.454100 -1813.413238 -8088.483700
-5007.354723 -1813.953372 -8088.793351
-5009.255347 -1814.493507 -8089.103002
-5011.155971 -1815.033641 -8089.412652
-5013.056595 -1815.573776 -8089.722303
-5014.957219 -1816.113911 -8090.031953
-5016.857843 -1816.654045 -8090.341604
-5018.758467 -1817.194180 -8090.651255
-5020.659091 -1817.734314 -8090.960905
-5022.559715 -1818.274449 -8091.270556
-5024.460338 -1818.814583 -8091.580207
-5026.360962 -1819.354718 -8091.889857
-5028.261586 -1819.894852 -8092.199508
-5030.162210 -1820.434987 -8092.509158
-5032.062834 -1820.975122 -8092.818809
-5033.963458 -1821.515256 -8093.128460
-5035.864082 -1822.055391 -8093.438110
-5037.764706 -1822.595525 -8093.747761
-5039.665329 -1823.135660 -8094.057411
-5041.565953 -1823.675794 -8094.367062
-5043.466577 -1824.215929 -8094.676713
-5045.367201 -1824.756064 -8094.986363
-5047.267825 -1825.296198 -8095.296014
-5049.168449 -1825.836333 -8095.605664
-5051.069073 -1826.376467 -8095.915315
-5052.969697 -1826.916602 -8096.224966
-5054.870321 -1827.456736 -8096.534616
-5056.770944 -1827.996871 -8096.844267
-5058.671568 -1828.537006 -8097.153917
-5060.572192 -1829.077140 -8097.463568
-5062.472816 -1829.617275 -8097.773219
-5064.373440 -1830.157409 -8098.082869
-5066.274064 -1830.697544 -8098.392520
-5068.174688 -1831.237678 -8098.702171
-5070.075312 -1831.777813 -8099.011821
-5071.975936 -1832.317947 -8099.321472
-5073.876559 -1832.858082 -8099.631122
-5075.777183 -1833.398217 -8099.940773
-5077.677807 -1833.938351 -8100.250424
-5079.578431 -1834.478486 -8100.560074
-5081.479055 -1835.018620 -8100.869725
-5083.379679 -1835.558755 -8101.179375
-5085.280303 -1836.098889 -8101.489026
-5087.180927 -1836.639024 -8101.798677
-5089.081550 -1837.179159 -8102.108327
-5090.982174 -1837.719293 -8102.417978
-5092.882798 -1838.259428 -8102.727628
-5094.783422 -1838.799562 -8103.037279
-5096.684046 -1839.339697 -8103.346930
-5098.584670 -1839.879831 -8103.656580
-5100.485294 -1840.419966 -8103.966231
-5102.385918 -1840.960101 -8104.275882
-5104.286542 -1841.500235 -8104.585532
-5106.187165 -1842.040370 -8104.895183
-5108.087789 -1842.580504 -8105.204833
-5109.988413 -1843.120639 -8105.514484
-5111.889037 -1843.660773 -8105.824135
-5113.789661 -1844.200908 -8106.133785
-5115.690285 -1844.741042 -8106.443436
-5117.590909 -1845.281177 -8106.753086
-5119.491533 -1845.821312 -8107.062737
-5121.392157 -1846.361446 -8107.372388
-5123.292780 -1846.901581 -8107.682038
-5125.193404 -1847.441715 -8107.991689
-5127.094028 -1847.981850 -8108.301339
-5128.994652 -1848.521984 -8108.610990
-5130.895276 -1849.062119 -8108.920641
-5132.795900 -1849.602254 -8109.230291
-5134.696524 -1850.142388 -8109.539942
-5136.597148 -1850.682523 -8109.849592
-5138.497771 -1851.222657 -8110.159243
-5140.398395 -1851.762792 -8110.468894
-5142.299019 -1852.302926 -8110.778544
-5144.199643 -1852.843061 -8111.088195
-5146.100267 -1853.383196 -8111.397846
-5148.000891 -1853.923330 -8111.707496
-5149.901515 -1854.463465 -8112.017147
-5151.802139 -1855.003599 -8112.326797
-5153.702763 -1855.543734 -8112.636448
-5155.603386 -1856.083868 -8112.946099
-5157.504010 -1856.624003 -8113.255749
-5159.404634 -1857.164137 -8113.565400
-5161.305258 -1857.704272 -8113.875050
-5163.205882 -1858.244407 -8114.184701
-5165.106506 -1858.784541 -8114.494352
-5167.007130 -1859.324676 -8114.804002
-5168.907754 -1859.864810 -8115.113653
-5170.808378 -1860.404945 -8115.423303
-5172.709001 -1860.945079 -8115.732954
-5174.609625 -1861.485214 -8116.042605
-5176.510249 -1862.025349 -8116.352255
-5178.410873 -1862.565483 -8116.661906
-5180.311497 -1863.105618 -8116.971556
-5182.212121 -1863.645752 -8117.281207
-5184.112745 -1864.185887 -8117.590858
-5186.013369 -1864.726021 -8117.900508
-5187.913992 -1865.266156 -8118.210159
-5189.814616 -1865.806291 -8118.519810
-5191.715240 -1866.346425 -8118.829460
-5193.615864 -1866.886560 -8119.139111
-5195.516488 -1867.426694 -8119.448761
-5197.417112 -1867.966829 -8119.758412
-5199.317736 -1868.506963 -8120.068063
-5201.218360 -1869.047098 -8120.377713
-5203.118984 -1869.587233 -8120.687364
-5205.019607 -1870.127367 -8120.997014
-5206.920231 -1870.667502 -8121.306665
-5208.820855 -1871.207636 -8121.616316
-5210.721479 -1871.747771 -8121.925966
-5212.622103 -1872.287905 -8122.235617
-5214.522727 -1872.828040 -8122.545267
-5216.423351 -1873.368174 -8122.854918
-5218.323975 -1873.908309 -8123.164569
-5220.224599 -1874.448444 -8123.474219
-5222.125222 -1874.988578 -8123.783870
-5224.025846 -1875.528713 -8124.093520
-5225.926470 -1876.068847 -8124.403171
-5227.827094 -1876.608982 -8124.712822
-5229.727718 -1877.149116 -8125.022472
-5231.628342 -1877.689251 -8125.332123
-5233.528966 -1878.229386 -8125.641774
-5235.429590 -1878.769520 -8125.951424
-5237.330213 -1879.309655 -8126.261075
-5239.230837 -1879.849789 -8126.570725
-5241.131461 -1880.389924 -8126.880376
-5243.032085 -1880.930058 -8127.190027
-5244.932709 -1881.470193 -8127.499677
-5246.833333 -1882.010328 -8127.809328
-5248.733957 -1882.550462 -8128.118978
-5250.634581 -1883.090597 -8128.428629
-5252.535205 -1883.630731 -8128.738280
-5254.435828 -1884.170866 -8129.047930
-5256.336452 -1884.711000 -8129.357581
-5258.237076 -1885.251135 -8129.667231
-5260.137700 -1885.791269 -8129.976882
-5262.038324 -1886.331404 -8130.286533
-5263.938948 -1886.871539 -8130.596183
-5265.839572 -1887.411673 -8130.905834
-5267.740196 -1887.951808 -8131.215484
-5269.640820 -1888.491942 -8131.525135
-5271.541443 -1889.032077 -8131.834786
-5273.442067 -1889.572211 -8132.144436
-5275.342691 -1890.112346 -8132.454087
-5277.243315 -1890.652481 -8132.763738
-5279.143939 -1891.192615 -8133.073388
-5281.044563 -1891.732750 -8133.383039
-5282.945187 -1892.272884 -8133.692689
-5284.845811 -1892.813019 -8134.002340
-5286.746434 -1893.353153 -8134.311991
-5288.647058 -1893.893288 -8134.621641
-5290.547682 -1894.433423 -8134.931292
-5292.448306 -1894.973557 -8135.240942
-5294.348930 -1895.513692 -8135.550593
-5296.249554 -1896.053826 -8135.860244
-5298.150178 -1896.593961 -8136.169894
-5300.050802 -1897.134095 -8136.479545
-5301.951426 -1897.674230 -8136.789195
-5303.852049 -1898.214364 -8137.098846
-5305.752673 -1898.754499 -8137.408497
-5307.653297 -1899.294634 -8137.718147
-5309.553921 -1899.834768 -8138.027798
-5311.454545 -1900.374903 -8138.337449
-5313.355169 -1900.915037 -8138.647099
-5315.255793 -1901.455172 -8138.956750
-5317.156417 -1901.995306 -8139.266400
-5319.057041 -1902.535441 -8139.576051
-5320.957664 -1903.075576 -8139.885702
-5322.858288 -1903.615710 -8140.195352
-5324.758912 -1904.155845 -8140.505003
-5326.659536 -1904.695979 -8140.814653
-5328.560160 -1905.236114 -8141.124304
-5330.460784 -1905.776248 -8141.433955
-5332.361408 -1906.316383 -8141.743605
-5334.262032 -1906.856518 -8142.053256
-5336.162655 -1907.396652 -8142.362906
-5338.063279 -1907.936787 -8142.672557
-5339.963903 -1908.476921 -8142.982208
-5341.864527 -1909.017056 -8143.291858
-5343.765151 -1909.557190 -8143.601509
-5345.665775 -1910.097325 -8143.911159
-5347.566399 -1910.637459 -8144.220810
-5349.467023 -1911.177594 -8144.530461
-5351.367647 -1911.717729 -8144.840111
-5353.268270 -1912.257863 -8145.149762
-5355.168894 -1912.797998 -8145.459413
-5357.069518 -1913.338132 -8145.769063
-5358.970142 -1913.878267 -8146.078714
-5360.870766 -1914.418401 -8146.388364
-5362.771390 -1914.958536 -8146.698015
-5364.672014 -1915.498671 -8147.007666
-5366.572638 -1916.038805 -8147.317316
-5368.473262 -1916.578940 -8147.626967
-5370.373885 -1917.119074 -8147.936617
-5372.274509 -1917.659209 -8148.246268
-5374.175133 -1918.199343 -8148.555919
-5376.075757 -1918.739478 -8148.865569
-5377.976381 -1919.279613 -8149.175220
-5379.877005 -1919.819747 -8149.484870
-5381.777629 -1920.359882 -8149.794521
-5383.678253 -1920.900016 -8150.104172
-5385.578876 -1921.440151 -8150.413822
-5387.479500 -1921.980285 -8150.723473
-5389.380124 -1922.520420 -8151.033123
-5391.280748 -1923.060554 -8151.342774
-5393.181372 -1923.600689 -8151.652425
-5395.081996 -1924.140824 -8151.962075
-5396.982620 -1924.680958 -8152.271726
-5398.883244 -1925.221093 -8152.581377
-5400.783868 -1925.761227 -8152.891027
-5402.684491 -1926.301362 -8153.200678
-5404.585115 -1926.841496 -8153.510328
-5406.485739 -1927.381631 -8153.819979
-5408.386363 -1927.921766 -8154.129630
-5410.286987 -1928.461900 -8154.439280
-5412.187611 -1929.002035 -8154.748931
-5414.088235 -1929.542169 -8155.058581
-5415.988859 -1930.082304 -8155.368232
-5417.889483 -1930.622438 -8155.677883
-5419.790106 -1931.162573 -8155.987533
-5421.690730 -1931.702708 -8156.297184
-5423.591354 -1932.242842 -8156.606834
-5425.491978 -1932.782977 -8156.916485
-5427.392602 -1933.323111 -8157.226136
-5429.293226 -1933.863246 -8157.535786
-5431.193850 -1934.403380 -8157.845437
-5433.094474 -1934.943515 -8158.155087
-5434.995098 -1935.483650 -8158.464738
-5436.895721 -1936.023784 -8158.774389
-5438.796345 -1936.563919 -8159.084039
-5440.696969 -1937.104053 -8159.393690
-5442.597593 -1937.644188 -8159.703341
-5444.498217 -1938.184322 -8160.012991
-5446.398841 -1938.724457 -8160.322642
-5448.299465 -1939.264591 -8160.632292
-5450.200089 -1939.804726 -8160.941943
-5452.100712 -1940.344861 -8161.251594
-5454.001336 -1940.884995 -8161.561244
-5455.901960 -1941.425130 -8161.870895
-5457.802584 -1941.965264 -8162.180545
-5459.703208 -1942.505399 -8162.490196
-5461.603832 -1943.045533 -8162.799847
-5463.504456 -1943.585668 -8163.109497
-5465.405080 -1944.125803 -8163.419148
-5467.305704 -1944.665937 -8163.728798
-5469.206327 -1945.206072 -8164.038449
-5471.106951 -1945.746206 -8164.348100
-5473.007575 -1946.286341 -8164.657750
-5474.908199 -1946.826475 -8164.967401
-5476.808823 -1947.366610 -8165.277051
-5478.709447 -1947.906745 -8165.586702
-5480.610071 -1948.446879 -8165.896353
-5482.510695 -1948.987014 -8166.206003
-5484.411319 -1949.527148 -8166.515654
-5486.311942 -1950.067283 -8166.825305
-5488.212566 -1950.607417 -8167.134955
-5490.113190 -1951.147552 -8167.444606
-5492.013814 -1951.687686 -8167.754256
-5493.914438 -1952.227821 -8168.063907
-5495.815062 -1952.767956 -8168.373558
-5497.715686 -1953.308090 -8168.683208
-5499.616310 -1953.848225 -8168.992859
-5501.516933 -1954.388359 -8169.302509
-5503.417557 -1954.928494 -8169.612160
-5505.318181 -1955.468628 -8169.921811
-5507.218805 -1956.008763 -8170.231461
-5509.119429 -1956.548898 -8170.541112
-5511.020053 -1957.089032 -8170.850762
-5512.920677 -1957.629167 -8171.160413
-5514.821301 -1958.169301 -8171.470064
-5516.721925 -1958.709436 -8171.779714
-5518.622548 -1959.249570 -8172.089365
-5520.523172 -1959.789705 -8172.399016
-5522.423796 -1960.329840 -8172.708666
-5524.324420 -1960.869974 -8173.018317
-5526.225044 -1961.410109 -8173.327967
-5528.125668 -1961.950243 -8173.637618
-5530.026292 -1962.490378 -8173.947269
-5531.926916 -1963.030512 -8174.256919
-5533.827540 -1963.570647 -8174.566570
-5535.728163 -1964.110781 -8174.876220
-5537.628787 -1964.650916 -8175.185871
-5539.529411 -1965.191051 -8175.495522
-5541.430035 -1965.731185 -8175.805172
-5543.330659 -1966.271320 -8176.114823
-5545.231283 -1966.811454 -8176.424473
-5547.131907 -1967.351589 -8176.734124
-5549.032531 -1967.891723 -8177.043775
-5550.933154 -1968.431858 -8177.353425
-5552.833778 -1968.971993 -8177.663076
-5554.734402 -1969.512127 -8177.972726
-5556.635026 -1970.052262 -8178.282377
-5558.535650 -1970.592396 -8178.592028
-5560.436274 -1971.132531 -8178.901678
-5562.336898 -1971.672665 -8179.211329
-5564.237522 -1972.212800 -8179.520980
-5566.138146 -1972.752935 -8179.830630
-5568.038769 -1973.293069 -8180.140281
-5569.939393 -1973.833204 -8180.449931
-5571.840017 -1974.373338 -8180.759582
-5573.740641 -1974.913473 -8181.069233
-5575.641265 -1975.453607 -8181.378883
-5577.541889 -1975.993742 -8181.688534
-5579.442513 -1976.533876 -8181.998184
-5581.343137 -1977.074011 -8182.307835
-5583.243761 -1977.614146 -8182.617486
-5585.144384 -1978.154280 -8182.927136
-5587.045008 -1978.694415 -8183.236787
-5588.945632 -1979.234549 -8183.546437
-5590.846256 -1979.774684 -8183.856088
-5592.746880 -1980.314818 -8184.165739
-5594.647504 -1980.854953 -8184.475389
-5596.548128 -1981.395088 -8184.785040
-5598.448752 -1981.935222 -8185.094690
-5600.349375 -1982.475357 -8185.404341
-5602.249999 -1983.015491 -8185.713992
-5604.150623 -1983.555626 -8186.023642
-5606.051247 -1984.095760 -8186.333293
-5607.951871 -1984.635895 -8186.642944
-5609.852495 -1985.176030 -8186.952594
-5611.753119 -1985.716164 -8187.262245
-5613.653743 -1986.256299 -8187.571895
-5615.554367 -1986.796433 -8187.881546
-5617.454990 -1987.336568 -8188.191197
-5619.355614 -1987.876702 -8188.500847
-5621.256238 -1988.416837 -8188.810498
-5623.156862 -1988.956971 -8189.120148
-5625.057486 -1989.497106 -8189.429799
-5626.958110 -1990.037241 -8189.739450
-5628.858734 -1990.577375 -8190.049100
-5630.759358 -1991.117510 -8190.358751
-5632.659982 -1991.657644 -8190.668401
-5634.560605 -1992.197779 -8190.978052
-5636.461229 -1992.737913 -8191.287703
-5638.361853 -1993.278048 -8191.597353
-5640.262477 -1993.818183 -8191.907004
-5642.163101 -1994.358317 -8192.216654
-5644.063725 -1994.898452 -8192.526305
-5645.964349 -1995.438586 -8192.835956
-5647.864973 -1995.978721 -8193.145606
-5649.765596 -1996.518855 -8193.455257
-5651.666220 -1997.058990 -8193.764908
-5653.566844 -1997.599125 -8194.074558
-5655.467468 -1998.139259 -8194.384209
-5657.368092 -1998.679394 -8194.693859
-5659.268716 -1999.219528 -8195.003510
-5661.169340 -1999.759663 -8195.313161
-5663.069964 -2000.299797 -8195.622811
-5664.970588 -2000.839932 -8195.932462
-5666.871211 -2001.380067 -8196.242112
-5668.771835 -2001.920201 -8196.551763
-5670.672459 -2002.460336 -8196.861414
-5672.573083 -2003.000470 -8197.171064
-5674.473707 -2003.540605 -8197.480715
-5676.374331 -2004.080739 -8197.790365
-5678.274955 -2004.620874 -8198.100016
-5680.175579 -2005.161008 -8198.409667
-5682.076203 -2005.701143 -8198.719317
-5683.976826 -2006.241278 -8199.028968
-5685.877450 -2006.781412 -8199.338618
-5687.778074 -2007.321547 -8199.648269
-5689.678698 -2007.861681 -8199.957920
-5691.579322 -2008.401816 -8200.267570
-5693.479946 -2008.941950 -8200.577221
-5695.380570 -2009.482085 -8200.886872
-5697.281194 -2010.022220 -8201.196522
-5699.181817 -2010.562354 -8201.506173
-5701.082441 -2011.102489 -8201.815823
-5702.983065 -2011.642623 -8202.125474
-5704.883689 -2012.182758 -8202.435125
-5706.784313 -2012.722892 -8202.744775
-5708.684937 -2013.263027 -8203.054426
-5710.585561 -2013.803162 -8203.364076
-5712.486185 -2014.343296 -8203.673727
-5714.386809 -2014.883431 -8203.983378
-5716.287432 -2015.423565 -8204.293028
-5718.188056 -2015.963700 -8204.602679
-5720.088680 -2016.503834 -8204.912329
-5721.989304 -2017.043969 -8205.221980
-5723.889928 -2017.584103 -8205.531631
-5725.790552 -2018.124238 -8205.841281
-5727.691176 -2018.664373 -8206.150932
-5729.591800 -2019.204507 -8206.460583
-5731.492424 -2019.744642 -8206.770233
-5733.393047 -2020.284776 -8207.079884
-5735.293671 -2020.824911 -8207.389534
-5737.194295 -2021.365045 -8207.699185
-5739.094919 -2021.905180 -8208.008836
-5740.995543 -2022.445315 -8208.318486
-5742.896167 -2022.985449 -8208.628137
-5744.796791 -2023.525584 -8208.937787
-5746.697415 -2024.065718 -8209.247438
-5748.598038 -2024.605853 -8209.557089
-5750.498662 -2025.145987 -8209.866739
-5752.399286 -2025.686122 -8210.176390
-5754.299910 -2026.226257 -8210.486040
-5756.200534 -2026.766391 -8210.795691
-5758.101158 -2027.306526 -8211.105342
-5760.001782 -2027.846660 -8211.414992
-5761.902406 -2028.386795 -8211.724643
-5763.803030 -2028.926929 -8212.034293
-5765.703653 -2029.467064 -8212.343944
-5767.604277 -2030.007198 -8212.653595
-5769.504901 -2030.547333 -8212.963245
-5771.405525 -2031.087468 -8213.272896
-5773.306149 -2031.627602 -8213.582547
-5775.206773 -2032.167737 -8213.892197
-5777.107397 -2032.707871 -8214.201848
-5779.008021 -2033.248006 -8214.511498
-5780.908645 -2033.788140 -8214.821149
-5782.809268 -2034.328275 -8215.130800
-5784.709892 -2034.868410 -8215.440450
-5786.610516 -2035.408544 -8215.750101
-5788.511140 -2035.948679 -8216.059751
-5790.411764 -2036.488813 -8216.369402
-5792.312388 -2037.028948 -8216.679053
-5794.213012 -2037.569082 -8216.988703
-5796.113636 -2038.109217 -8217.298354
-5798.014259 -2038.649352 -8217.608004
-5799.914883 -2039.189486 -8217.917655
-5801.815507 -2039.729621 -8218.227306
-5803.716131 -2040.269755 -8218.536956
-5805.616755 -2040.809890 -8218.846607
-5807.517379 -2041.350024 -8219.156257
-5809.418003 -2041.890159 -8219.465908
-5811.318627 -2042.430293 -8219.775559
-5813.219251 -2042.970428 -8220.085209
-5815.119874 -2043.510563 -8220.394860
-5817.020498 -2044.050697 -8220.704511
-5818.921122 -2044.590832 -8221.014161
-5820.821746 -2045.130966 -8221.323812
-5822.722370 -2045.671101 -8221.633462
-5824.622994 -2046.211235 -8221.943113
-5826.523618 -2046.751370 -8222.252764
-5828.424242 -2047.291505 -8222.562414
-5830.324866 -2047.831639 -8222.872065
-5832.225489 -2048.371774 -8223.181715
-5834.126113 -2048.911908 -8223.491366
-5836.026737 -2049.452043 -8223.801017
-5837.927361 -2049.992177 -8224.110667
-5839.827985 -2050.532312 -8224.420318
-5841.728609 -2051.072447 -8224.729968
-5843.629233 -2051.612581 -8225.039619
-5845.529857 -2052.152716 -8225.349270
-5847.430480 -2052.692850 -8225.658920
-5849.331104 -2053.232985 -8225.968571
-5851.231728 -2053.773119 -8226.278221
-5853.132352 -2054.313254 -8226.587872
-5855.032976 -2054.853388 -8226.897523
-5856.933600 -2055.393523 -8227.207173
-5858.834224 -2055.933658 -8227.516824
-5860.734848 -2056.473792 -8227.826475
-5862.635472 -2057.013927 -8228.136125
-5864.536095 -2057.554061 -8228.445776
-5866.436719 -2058.094196 -8228.755426
-5868.337343 -2058.634330 -8229.065077
-5870.237967 -2059.174465 -8229.374728
-5872.138591 -2059.714600 -8229.684378
-5874.039215 -2060.254734 -8229.994029
-5875.939839 -2060.794869 -8230.303679
-5877.840463 -2061.335003 -8230.613330
-5879.741087 -2061.875138 -8230.922981
-5881.641710 -2062.415272 -8231.232631
-5883.542334 -2062.955407 -8231.542282
-5885.442958 -2063.495542 -8231.851932
-5887.343582 -2064.035676 -8232.161583
-5889.244206 -2064.575811 -8232.471234
-5891.144830 -2065.115945 -8232.780884
-5893.045454 -2065.656080 -8233.090535
-5894.946078 -2066.196214 -8233.400185
-5896.846702 -2066.736349 -8233.709836
-5898.747325 -2067.276483 -8234.019487
-5900.647949 -2067.816618 -8234.329137
-5902.548573 -2068.356753 -8234.638788
-5904.449197 -2068.896887 -8234.948439
-5906.349821 -2069.437022 -8235.258089
-5908.250445 -2069.977156 -8235.567740
-5910.151069 -2070.517291 -8235.877390
-5912.051693 -2071.057425 -8236.187041
-5913.952316 -2071.597560 -8236.496692
-5915.852940 -2072.137695 -8236.806342
-5917.753564 -2072.677829 -8237.115993
-5919.654188 -2073.217964 -8237.425643
-5921.554812 -2073.758098 -8237.735294
-5923.455436 -2074.298233 -8238.044945
-5925.356060 -2074.838367 -8238.354595
-5927.256684 -2075.378502 -8238.664246
-5929.157308 -2075.918637 -8238.973896
-5931.057931 -2076.458771 -8239.283547
-5932.958555 -2076.998906 -8239.593198
-5934.859179 -2077.539040 -8239.902848
-5936.759803 -2078.079175 -8240.212499
-5938.660427 -2078.619309 -8240.522150
-5940.561051 -2079.159444 -8240.831800
-5942.461675 -2079.699579 -8241.141451
-5944.362299 -2080.239713 -8241.451101
-5946.262923 -2080.779848 -8241.760752
-5948.163546 -2081.319982 -8242.070403
-5950.064170 -2081.860117 -8242.380053
-5951.964794 -2082.400251 -8242.689704
-5953.865418 -2082.940386 -8242.999354
-5955.766042 -2083.480520 -8243.309005
-5957.666666 -2084.020655 -8243.618656
-5959.567290 -2084.560790 -8243.928306
-5961.467914 -2085.100924 -8244.237957
-5963.368537 -2085.641059 -8244.547607
-5965.269161 -2086.181193 -8244.857258
-5967.169785 -2086.721328 -8245.166909
-5969.070409 -2087.261462 -8245.476559
-5970.971033 -2087.801597 -8245.786210
-5972.871657 -2088.341732 -8246.095860
-5974.772281 -2088.881866 -8246.405511
-5976.672905 -2089.422001 -8246.715162
-5978.573529 -2089.962135 -8247.024812
-5980.474152 -2090.502270 -8247.334463
-5982.374776 -2091.042404 -8247.644114
-5984.275400 -2091.582539 -8247.953764
-5986.176024 -2092.122674 -8248.263415
-5988.076648 -2092.662808 -8248.573065
-5989.977272 -2093.202943 -8248.882716
-5991.877896 -2093.743077 -8249.192367
-5993.778520 -2094.283212 -8249.502017
-5995.679144 -2094.823346 -8249.811668
-5997.579767 -2095.363481 -8250.121318
-5999.480391 -2095.903615 -8250.430969
-6001.381015 -2096.443750 -8250.740620
-6003.281639 -2096.983885 -8251.050270
-6005.182263 -2097.524019 -8251.359921
-6007.082887 -2098.064154 -8251.669571
-6008.983511 -2098.604288 -8251.979222
-6010.884135 -2099.144423 -8252.288873
-6012.784758 -2099.684557 -8252.598523
-6014.685382 -2100.224692 -8252.908174
-6016.586006 -2100.764827 -8253.217824
-6018.486630 -2101.304961 -8253.527475
-6020.387254 -2101.845096 -8253.837126
-6022.287878 -2102.385230 -8254.146776
-6024.188502 -2102.925365 -8254.456427
-6026.089126 -2103.465499 -8254.766078
-6027.989750 -2104.005634 -8255.075728
-6029.890373 -2104.545769 -8255.385379
-6031.790997 -2105.085903 -8255.695029
-6033.691621 -2105.626038 -8256.004680
-6035.592245 -2106.166172 -8256.314331
-6037.492869 -2106.706307 -8256.623981
-6039.393493 -2107.246441 -8256.933632
-6041.294117 -2107.786576 -8257.243282
-6043.194741 -2108.326710 -8257.552933
-6045.095365 -2108.866845 -8257.862584
-6046.995988 -2109.406980 -8258.172234
-6048.896612 -2109.947114 -8258.481885
-6050.797236 -2110.487249 -8258.791535
-6052.697860 -2111.027383 -8259.101186
-6054.598484 -2111.567518 -8259.410837
-6056.499108 -2112.107652 -8259.720487
-6058.399732 -2112.647787 -8260.030138
-6060.300356 -2113.187922 -8260.339788
-6062.200979 -2113.728056 -8260.649439
-6064.101603 -2114.268191 -8260.959090
-6066.002227 -2114.808325 -8261.268740
-6067.902851 -2115.348460 -8261.578391
-6069.803475 -2115.888594 -8261.888042
-6071.704099 -2116.428729 -8262.197692
-6073.604723 -2116.968864 -8262.507343
-6075.505347 -2117.508998 -8262.816993
-6077.405971 -2118.049133 -8263.126644
-6079.306594 -2118.589267 -8263.436295
-6081.207218 -2119.129402 -8263.745945
-6083.107842 -2119.669536 -8264.055596
-6085.008466 -2120.209671 -8264.365246
-6086.909090 -2120.749805 -8264.674897
-6088.809714 -2121.289940 -8264.984548
-6090.710338 -2121.830075 -8265.294198
-6092.610962 -2122.370209 -8265.603849
-6094.511586 -2122.910344 -8265.913499
-6096.412209 -2123.450478 -8266.223150
-6098.312833 -2123.990613 -8266.532801
-6100.213457 -2124.530747 -8266.842451
-6102.114081 -2125.070882 -8267.152102
-6104.014705 -2125.611017 -8267.461752
-6105.915329 -2126.151151 -8267.771403
-6107.815953 -2126.691286 -8268.081054
-6109.716577 -2127.231420 -8268.390704
-6111.617200 -2127.771555 -8268.700355
-6113.517824 -2128.311689 -8269.010006
-6115.418448 -2128.851824 -8269.319656
-6117.319072 -2129.391959 -8269.629307
-6119.219696 -2129.932093 -8269.938957
-6121.120320 -2130.472228 -8270.248608
-6123.020944 -2131.012362 -8270.558259
-6124.921568 -2131.552497 -8270.867909
-6126.822192 -2132.092631 -8271.177560
-6128.722815 -2132.632766 -8271.487210
-6130.623439 -2133.172900 -8271.796861
-6132.524063 -2133.713035 -8272.106512
-6134.424687 -2134.253170 -8272.416162
-6136.325311 -2134.793304 -8272.725813
-6138.225935 -2135.333439 -8273.035463
-6140.126559 -2135.873573 -8273.345114
-6142.027183 -2136.413708 -8273.654765
-6143.927807 -2136.953842 -8273.964415
-6145.828430 -2137.493977 -8274.274066
-6147.729054 -2138.034112 -8274.583717
-6149.629678 -2138.574246 -8274.893367
-6151.530302 -2139.114381 -8275.203018
-6153.430926 -2139.654515 -8275.512668
-6155.331550 -2140.194650 -8275.822319
-6157.232174 -2140.734784 -8276.131970
-6159.132798 -2141.274919 -8276.441620
-6161.033421 -2141.815054 -8276.751271
-6162.934045 -2142.355188 -8277.060921
-6164.834669 -2142.895323 -8277.370572
-6166.735293 -2143.435457 -8277.680223
-6168.635917 -2143.975592 -8277.989873
-6170.536541 -2144.515726 -8278.299524
-6172.437165 -2145.055861 -8278.609174
-6174.337789 -2145.595996 -8278.918825
-6176.238413 -2146.136130 -8279.228476
-6178.139036 -2146.676265 -8279.538126
-6180.039660 -2147.216399 -8279.847777
-6181.940284 -2147.756534 -8280.157427
-6183.840908 -2148.296668 -8280.467078
-6185.741532 -2148.836803 -8280.776729
-6187.642156 -2149.376937 -8281.086379
-6189.542780 -2149.917072 -8281.396030
-6191.443404 -2150.457207 -8281.705681
-6193.344028 -2150.997341 -8282.015331
-6195.244651 -2151.537476 -8282.324982
-6197.145275 -2152.077610 -8282.634632
-6199.045899 -2152.617745 -8282.944283
-6200.946523 -2153.157879 -8283.253934
-6202.847147 -2153.698014 -8283.563584
-6204.747771 -2154.238149 -8283.873235
-6206.648395 -2154.778283 -8284.182885
-6208.549019 -2155.318418 -8284.492536
-6210.449642 -2155.858552 -8284.802187
-6212.350266 -2156.398687 -8285.111837
-6214.250890 -2156.938821 -8285.421488
-6216.151514 -2157.478956 -8285.731138
-6218.052138 -2158.019091 -8286.040789
-6219.952762 -2158.559225 -8286.350440
-6221.853386 -2159.099360 -8286.660090
-6223.754010 -2159.639494 -8286.969741
-6225.654634 -2160.179629 -8287.279391
-6227.555257 -2160.719763 -8287.589042
-6229.455881 -2161.259898 -8287.898693
-6231.356505 -2161.800032 -8288.208343
-6233.257129 -2162.340167 -8288.517994
-6235.157753 -2162.880302 -8288.827645
-6237.058377 -2163.420436 -8289.137295
-6238.959001 -2163.960571 -8289.446946
-6240.859625 -2164.500705 -8289.756596
-6242.760249 -2165.040840 -8290.066247
-6244.660872 -2165.580974 -8290.375898
-6246.561496 -2166.121109 -8290.685548
-6248.462120 -2166.661244 -8290.995199
-6250.362744 -2167.201378 -8291.304849
-6252.263368 -2167.741513 -8291.614500
-6254.163992 -2168.281647 -8291.924151
-6256.064616 -2168.821782 -8292.233801
-6257.965240 -2169.361916 -8292.543452
-6259.865863 -2169.902051 -8292.853102
-6261.766487 -2170.442186 -8293.162753
-6263.667111 -2170.982320 -8293.472404
-6265.567735 -2171.522455 -8293.782054
-6267.468359 -2172.062589 -8294.091705
-6269.368983 -2172.602724 -8294.401355
-6271.269607 -2173.142858 -8294.711006
-6273.170231 -2173.682993 -8295.020657
-6275.070855 -2174.223127 -8295.330307
-6276.971478 -2174.763262 -8295.639958
-6278.872102 -2175.303397 -8295.949609
-6280.772726 -2175.843531 -8296.259259
-6282.673350 -2176.383666 -8296.568910
-6284.573974 -2176.923800 -8296.878560
-6286.474598 -2177.463935 -8297.188211
-6288.375222 -2178.004069 -8297.497862
-6290.275846 -2178.544204 -8297.807512
-6292.176470 -2179.084339 -8298.117163
-6294.077093 -2179.624473 -8298.426813
-6295.977717 -2180.164608 -8298.736464
-6297.878341 -2180.704742 -8299.046115
-6299.778965 -2181.244877 -8299.355765
-6301.679589 -2181.785011 -8299.665416
-6303.580213 -2182.325146 -8299.975066
-6305.480837 -2182.865281 -8300.284717
-6307.381461 -2183.405415 -8300.594368
-6309.282084 -2183.945550 -8300.904018
-6311.182708 -2184.485684 -8301.213669
-6313.083332 -2185.025819 -8301.523319
-6314.983956 -2185.565953 -8301.832970
-6316.884580 -2186.106088 -8302.142621
-6318.785204 -2186.646222 -8302.452271
-6320.685828 -2187.186357 -8302.761922
-6322.586452 -2187.726492 -8303.071573
-6324.487076 -2188.266626 -8303.381223
-6326.387699 -2188.806761 -8303.690874
-6328.288323 -2189.346895 -8304.000524
-6330.188947 -2189.887030 -8304.310175
-6332.089571 -2190.427164 -8304.619826
-6333.990195 -2190.967299 -8304.929476
-6335.890819 -2191.507434 -8305.239127
-6337.791443 -2192.047568 -8305.548777
-6339.692067 -2192.587703 -8305.858428
-6341.592691 -2193.127837 -8306.168079
-6343.493314 -2193.667972 -8306.477729
-6345.393938 -2194.208106 -8306.787380
-6347.294562 -2194.748241 -8307.097030
-6349.195186 -2195.288376 -8307.406681
-6351.095810 -2195.828510 -8307.716332
-6352.996434 -2196.368645 -8308.025982
-6354.897058 -2196.908779 -8308.335633
-6356.797682 -2197.448914 -8308.645284
-6358.698306 -2197.989048 -8308.954934
-6360.598929 -2198.529183 -8309.264585
-6362.499553 -2199.069317 -8309.574235
-6364.400177 -2199.609452 -8309.883886
-6366.300801 -2200.149587 -8310.193537
-6368.201425 -2200.689721 -8310.503187
-6370.102049 -2201.229856 -8310.812838
-6372.002673 -2201.769990 -8311.122488
-6373.903297 -2202.310125 -8311.432139
-6375.803920 -2202.850259 -8311.741790
-6377.704544 -2203.390394 -8312.051440
-6379.605168 -2203.930529 -8312.361091
-6381.505792 -2204.470663 -8312.670741
-6383.406416 -2205.010798 -8312.980392
-6385.307040 -2205.550932 -8313.290043
-6387.207664 -2206.091067 -8313.599693
-6389.108288 -2206.631201 -8313.909344
-6391.008912 -2207.171336 -8314.218994
-6392.909535 -2207.711471 -8314.528645
-6394.810159 -2208.251605 -8314.838296
-6396.710783 -2208.791740 -8315.147946
-6398.611407 -2209.331874 -8315.457597
-6400.512031 -2209.872009 -8315.767248
-6402.412655 -2210.412143 -8316.076898
-6404.313279 -2210.952278 -8316.386549
-6408.000000 -2212.000000 -8316.987191
-6409.690530 -2212.356740 -8317.994587
-6411.381060 -2212.713480 -8319.001982
-6413.071590 -2213.070219 -8320.009378
-6414.762119 -2213.426959 -8321.016773
-6416.452649 -2213.783699 -8322.024168
-6418.143179 -2214.140439 -8323.031564
-6419.833709 -2214.497179 -8324.038959
-6421.524239 -2214.853918 -8325.046355
-6423.214769 -2215.210658 -8326.053750
-6424.905298 -2215.567398 -8327.061146
-6426.595828 -2215.924138 -8328.068541
-6428.286358 -2216.280878 -8329.075937
-6429.976888 -2216.637617 -8330.083332
-6431.667418 -2216.994357 -8331.090727
-6433.357948 -2217.351097 -8332.098123
-6435.048477 -2217.707837 -8333.105518
-6436.739007 -2218.064577 -8334.112914
-6438.429537 -2218.421316 -8335.120309
-6440.120067 -2218.778056 -8336.127705
-6441.810597 -2219.134796 -8337.135100
-6443.501127 -2219.491536 -8338.142495
-6445.191657 -2219.848276 -8339.149891
-6446.882186 -2220.205015 -8340.157286
-6448.572716 -2220.561755 -8341.164682
-6450.263246 -2220.918495 -8342.172077
-6451.953776 -2221.275235 -8343.179473
-6453.644306 -2221.631975 -8344.186868
-6455.334836 -2221.988714 -8345.194264
-6457.025365 -2222.345454 -8346.201659
-6458.715895 -2222.702194 -8347.209054
-6460.406425 -2223.058934 -8348.216450
-6462.096955 -2223.415674 -8349.223845
-6463.787485 -2223.772413 -8350.231241
-6465.478015 -2224.129153 -8351.238636
-6467.168544 -2224.485893 -8352.246032
-6468.859074 -2224.842633 -8353.253427
-6470.549604 -2225.199373 -8354.260822
-6472.240134 -2225.556112 -8355.268218
-6473.930664 -2225.912852 -8356.275613
-6475.621194 -2226.269592 -8357.283009
-6477.311723 -2226.626332 -8358.290404
-6479.002253 -2226.983072 -8359.297800
-6480.692783 -2227.339811 -8360.305195
-6482.383313 -2227.696551 -8361.312591
-6484.073843 -2228.053291 -8362.319986
-6485.764373 -2228.410031 -8363.327381
-6487.454903 -2228.766771 -8364.334777
-6489.145432 -2229.123510 -8365.342172
-6490.835962 -2229.480250 -8366.349568
-6492.526492 -2229.836990 -8367.356963
-6494.217022 -2230.193730 -8368.364359
-6495.907552 -2230.550470 -8369.371754
-6497.598082 -2230.907209 -8370.379150
-6499.288611 -2231.263949 -8371.386545
-6500.979141 -2231.620689 -8372.393940
-6502.669671 -2231.977429 -8373.401336
-6504.360201 -2232.334169 -8374.408731
-6506.050731 -2232.690908 -8375.416127
-6507.741261 -2233.047648 -8376.423522
-6509.431790 -2233.404388 -8377.430918
-6511.122320 -2233.761128 -8378.438313
-6512.812850 -2234.117868 -8379.445708
-6514.503380 -2234.474607 -8380.453104
-6516.193910 -2234.831347 -8381.460499
-6517.884440 -2235.188087 -8382.467895
-6519.574970 -2235.544827 -8383.475290
-6521.265499 -2235.901567 -8384.482686
-6522.956029 -2236.258306 -8385.490081
-6524.646559 -2236.615046 -8386.497477
-6526.337089 -2236.971786 -8387.504872
-6528.027619 -2237.328526 -8388.512267
-6529.718149 -2237.685266 -8389.519663
-6531.408678 -2238.042005 -8390.527058
-6533.099208 -2238.398745 -8391.534454
-6534.789738 -2238.755485 -8392.541849
-6536.480268 -2239.112225 -8393.549245
-6538.170798 -2239.468965 -8394.556640
-6539.861328 -2239.825704 -8395.564035
-6541.551857 -2240.182444 -8396.571431
-6543.242387 -2240.539184 -8397.578826
-6544.932917 -2240.895924 -8398.586222
-6546.623447 -2241.252664 -8399.593617
-6548.313977 -2241.609403 -8400.601013
-6550.004507 -2241.966143 -8401.608408
-6551.695037 -2242.322883 -8402.615804
-6553.385566 -2242.679623 -8403.623199
-6555.076096 -2243.036363 -8404.630594
-6556.766626 -2243.393102 -8405.637990
-6558.457156 -2243.749842 -8406.645385
-6560.147686 -2244.106582 -8407.652781
-6561.838216 -2244.463322 -8408.660176
-6563.528745 -2244.820062 -8409.667572
-6565.219275 -2245.176801 -8410.674967
-6566.909805 -2245.533541 -8411.682363
-6568.600335 -2245.890281 -8412.689758
-6570.290865 -2246.247021 -8413.697153
-6571.981395 -2246.603761 -8414.704549
-6573.671924 -2246.960500 -8415.711944
-6575.362454 -2247.317240 -8416.719340
-6577.052984 -2247.673980 -8417.726735
-6578.743514 -2248.030720 -8418.734131
-6580.434044 -2248.387460 -8419.741526
-6582.124574 -2248.744199 -8420.748921
-6583.815104 -2249.100939 -8421.756317
-6585.505633 -2249.457679 -8422.763712
-6587.196163 -2249.814419 -8423.771108
-6588.886693 -2250.171159 -8424.778503
-6590.577223 -2250.527898 -8425.785899
-6592.267753 -2250.884638 -8426.793294
-6593.958283 -2251.241378 -8427.800690
-6595.648812 -2251.598118 -8428.808085
-6597.339342 -2251.954858 -8429.815480
-6599.029872 -2252.311597 -8430.822876
-6600.720402 -2252.668337 -8431.830271
-6602.410932 -2253.025077 -8432.837667
-6604.101462 -2253.381817 -8433.845062
-6605.791991 -2253.738557 -8434.852458
-6607.482521 -2254.095296 -8435.859853
-6609.173051 -2254.452036 -8436.867248
-6610.863581 -2254.808776 -8437.874644
-6612.554111 -2255.165516 -8438.882039
-6614.244641 -2255.522256 -8439.889435
-6615.935170 -2255.878995 -8440.896830
-6617.625700 -2256.235735 -8441.904226
-6619.316230 -2256.592475 -8442.911621
-6621.006760 -2256.949215 -8443.919017
-6622.697290 -2257.305955 -8444.926412
-6624.387820 -2257.662694 -8445.933807
-6626.078350 -2258.019434 -8446.941203
-6627.768879 -2258.376174 -8447.948598
-6629.459409 -2258.732914 -8448.955994
-6631.149939 -2259.089654 -8449.963389
-6632.840469 -2259.446393 -8450.970785
-6634.530999 -2259.803133 -8451.978180
-6636.221529 -2260.159873 -8452.985576
-6637.912058 -2260.516613 -8453.992971
-6639.602588 -2260.873353 -8455.000366
-6641.293118 -2261.230092 -8456.007762
-6642.983648 -2261.586832 -8457.015157
-6644.674178 -2261.943572 -8458.022553
-6646.364708 -2262.300312 -8459.029948
-6648.055237 -2262.657052 -8460.037344
-6649.745767 -2263.013791 -8461.044739
-6651.436297 -2263.370531 -8462.052134
-6653.126827 -2263.727271 -8463.059530
-6654.817357 -2264.084011 -8464.066925
-6656.507887 -2264.440751 -8465.074321
-6658.198417 -2264.797490 -8466.081716
-6659.888946 -2265.154230 -8467.089112
-6661.579476 -2265.510970 -8468.096507
-6663.270006 -2265.867710 -8469.103903
-6664.960536 -2266.224450 -8470.111298
-6666.651066 -2266.581189 -8471.118693
-6668.341596 -2266.937929 -8472.126089
-6670.032125 -2267.294669 -8473.133484
-6671.722655 -2267.651409 -8474.140880
-6673.413185 -2268.008149 -8475.148275
-6675.103715 -2268.364888 -8476.155671
-6676.794245 -2268.721628 -8477.163066
-6678.484775 -2269.078368 -8478.170461
-6680.175304 -2269.435108 -8479.177857
-6681.865834 -2269.791848 -8480.185252
-6683.556364 -2270.148587 -8481.192648
-6685.246894 -2270.505327 -8482.200043
-6686.937424 -2270.862067 -8483.207439
-6688.627954 -2271.218807 -8484.214834
-6690.318484 -2271.575547 -8485.222230
-6692.009013 -2271.932286 -8486.229625
-6693.699543 -2272.289026 -8487.237020
-6695.390073 -2272.645766 -8488.244416
-6697.080603 -2273.002506 -8489.251811
-6698.771133 -2273.359246 -8490.259207
-6700.461663 -2273.715985 -8491.266602
-6702.152192 -2274.072725 -8492.273998
-6703.842722 -2274.429465 -8493.281393
-6705.533252 -2274.786205 -8494.288789
-6707.223782 -2275.142945 -8495.296184
-6708.914312 -2275.499684 -8496.303579
-6710.604842 -2275.856424 -8497.310975
-6712.295371 -2276.213164 -8498.318370
-6713.985901 -2276.569904 -8499.325766
-6715.676431 -2276.926644 -8500.333161
-6717.366961 -2277.283383 -8501.340557
-6719.057491 -2277.640123 -8502.347952
-6720.748021 -2277.996863 -8503.355347
-6722.438550 -2278.353603 -8504.362743
-6724.129080 -2278.710343 -8505.370138
-6725.819610 -2279.067082 -8506.377534
-6727.510140 -2279.423822 -8507.384929
-6729.200670 -2279.780562 -8508.392325
-6730.891200 -2280.137302 -8509.399720
-6732.581730 -2280.494042 -8510.407116
-6734.272259 -2280.850781 -8511.414511
-6735.962789 -2281.207521 -8512.421906
-6737.653319 -2281.564261 -8513.429302
-6739.343849 -2281.921001 -8514.436697
-6741.034379 -2282.277741 -8515.444093
-6742.724909 -2282.634480 -8516.451488
-6744.415438 -2282.991220 -8517.458884
-6746.105968 -2283.347960 -8518.466279
-6747.796498 -2283.704700 -8519.473674
-6749.487028 -2284.061440 -8520.481070
-6751.177558 -2284.418179 -8521.488465
-6752.868088 -2284.774919 -8522.495861
-6754.558617 -2285.131659 -8523.503256
-6756.249147 -2285.488399 -8524.510652
-6757.939677 -2285.845139 -8525.518047
-6759.630207 -2286.201878 -8526.525443
-6761.320737 -2286.558618 -8527.532838
-6763.011267 -2286.915358 -8528.540233
-6764.701797 -2287.272098 -8529.547629
-6766.392326 -2287.628838 -8530.555024
-6768.082856 -2287.985577 -8531.562420
-6769.773386 -2288.342317 -8532.569815
-6771.463916 -2288.699057 -8533.577211
-6773.154446 -2289.055797 -8534.584606
-6774.844976 -2289.412537 -8535.592002
-6776.535505 -2289.769276 -8536.599397
-6778.226035 -2290.126016 -8537.606792
-6779.916565 -2290.482756 -8538.614188
-6781.607095 -2290.839496 -8539.621583
-6783.297625 -2291.196236 -8540.628979
-6784.988155 -2291.552975 -8541.636374
-6786.678684 -2291.909715 -8542.643770
-6788.369214 -2292.266455 -8543.651165
-6790.059744 -2292.623195 -8544.658560
-6791.750274 -2292.979935 -8545.665956
-6793.440804 -2293.336674 -8546.673351
-6795.131334 -2293.693414 -8547.680747
-6796.821864 -2294.050154 -8548.688142
-6798.512393 -2294.406894 -8549.695538
-6800.202923 -2294.763634 -8550.702933
-6801.893453 -2295.120373 -8551.710329
-6803.583983 -2295.477113 -8552.717724
-6805.274513 -2295.833853 -8553.725119
-6806.965043 -2296.190593 -8554.732515
-6808.655572 -2296.547333 -8555.739910
-6810.346102 -2296.904072 -8556.747306
-6812.036632 -2297.260812 -8557.754701
-6813.727162 -2297.617552 -8558.762097
-6815.417692 -2297.974292 -8559.769492
-6817.108222 -2298.331032 -8560.776887
-6818.798751 -2298.687771 -8561.784283
-6820.489281 -2299.044511 -8562.791678
-6822.179811 -2299.401251 -8563.799074
-6823.870341 -2299.757991 -8564.806469
-6825.560871 -2300.114731 -8565.813865
-6827.251401 -2300.471470 -8566.821260
-6828.941930 -2300.828210 -8567.828656
-6830.632460 -2301.184950 -8568.836051
-6832.322990 -2301.541690 -8569.843446
-6834.013520 -2301.898430 -8570.850842
-6835.704050 -2302.255169 -8571.858237
-6837.394580 -2302.611909 -8572.865633
-6839.085110 -2302.968649 -8573.873028
-6840.775639 -2303.325389 -8574.880424
-6842.466169 -2303.682129 -8575.887819
-6844.156699 -2304.038868 -8576.895215
-6845.847229 -2304.395608 -8577.902610
-6847.537759 -2304.752348 -8578.910005
-6849.228289 -2305.109088 -8579.917401
-6850.918818 -2305.465828 -8580.924796
-6852.609348 -2305.822567 -8581.932192
-6854.299878 -2306.179307 -8582.939587
-6855.990408 -2306.536047 -8583.946983
-6857.680938 -2306.892787 -8584.954378
-6859.371468 -2307.249527 -8585.961773
-6861.061997 -2307.606266 -8586.969169
-6862.752527 -2307.963006 -8587.976564
-6864.443057 -2308.319746 -8588.983960
-6866.133587 -2308.676486 -8589.991355
-6867.824117 -2309.033226 -8590.998751
-6869.514647 -2309.389965 -8592.006146
-6871.205177 -2309.746705 -8593.013542
-6872.895706 -2310.103445 -8594.020937
-6874.586236 -2310.460185 -8595.028332
-6876.276766 -2310.816925 -8596.035728
-6877.967296 -2311.173664 -8597.043123
-6879.657826 -2311.530404 -8598.050519
-6881.348356 -2311.887144 -8599.057914
-6883.038885 -2312.243884 -8600.065310
-6884.729415 -2312.600624 -8601.072705
-6886.419945 -2312.957363 -8602.080101
-6888.110475 -2313.314103 -8603.087496
-6889.801005 -2313.670843 -8604.094891
-6891.491535 -2314.027583 -8605.102287
-6893.182064 -2314.384323 -8606.109682
-6894.872594 -2314.741062 -8607.117078
-6896.563124 -2315.097802 -8608.124473
-6898.253654 -2315.454542 -8609.131869
-6899.944184 -2315.811282 -8610.139264
-6901.634714 -2316.168022 -8611.146659
-6903.325244 -2316.524761 -8612.154055
-6905.015773 -2316.881501 -8613.161450
-6906.706303 -2317.238241 -8614.168846
-6908.396833 -2317.594981 -8615.176241
-6910.087363 -2317.951721 -8616.183637
-6911.777893 -2318.308460 -8617.191032
-6913.468423 -2318.665200 -8618.198428
-6915.158952 -2319.021940 -8619.205823
-6916.849482 -2319.378680 -8620.213218
-6918.540012 -2319.735420 -8621.220614
-6920.230542 -2320.092159 -8622.228009
-6921.921072 -2320.448899 -8623.235405
-6923.611602 -2320.805639 -8624.242800
-6925.302131 -2321.162379 -8625.250196
-6926.992661 -2321.519119 -8626.257591
-6928.683191 -2321.875858 -8627.264986
-6930.373721 -2322.232598 -8628.272382
-6932.064251 -2322.589338 -8629.279777
-6933.754781 -2322.946078 -8630.287173
-6935.445311 -2323.302818 -8631.294568
-6937.135840 -2323.659557 -8632.301964
-6938.826370 -2324.016297 -8633.309359
-6940.516900 -2324.373037 -8634.316755
-6942.207430 -2324.729777 -8635.324150
-6943.897960 -2325.086517 -8636.331545
-6945.588490 -2325.443256 -8637.338941
-6947.279019 -2325.799996 -8638.346336
-6948.969549 -2326.156736 -8639.353732
-6950.660079 -2326.513476 -8640.361127
-6952.350609 -2326.870216 -8641.368523
-6954.041139 -2327.226955 -8642.375918
-6955.731669 -2327.583695 -8643.383314
-6957.422198 -2327.940435 -8644.390709
-6959.112728 -2328.297175 -8645.398104
-6960.803258 -2328.653915 -8646.405500
-6962.493788 -2329.010654 -8647.412895
-6964.184318 -2329.367394 -8648.420291
-6965.874848 -2329.724134 -8649.427686
-6967.565377 -2330.080874 -8650.435082
-6969.255907 -2330.437614 -8651.442477
-6970.946437 -2330.794353 -8652.449872
-6972.636967 -2331.151093 -8653.457268
-6974.327497 -2331.507833 -8654.464663
-6976.018027 -2331.864573 -8655.472059
-6977.708557 -2332.221313 -8656.479454
-6979.399086 -2332.578052 -8657.486850
-6981.089616 -2332.934792 -8658.494245
-6982.780146 -2333.291532 -8659.501641
-6984.470676 -2333.648272 -8660.509036
-6986.161206 -2334.005012 -8661.516431
-6987.851736 -2334.361751 -8662.523827
-6989.542265 -2334.718491 -8663.531222
-6991.232795 -2335.075231 -8664.538618
-6992.923325 -2335.431971 -8665.546013
-6994.613855 -2335.788711 -8666.553409
-6996.304385 -2336.145450 -8667.560804
-6997.994915 -2336.502190 -8668.568199
-6999.685444 -2336.858930 -8669.575595
-7001.375974 -2337.215670 -8670.582990
-7003.066504 -2337.572410 -8671.590386
-7004.757034 -2337.929149 -8672.597781
-7006.447564 -2338.285889 -8673.605177
-7008.138094 -2338.642629 -8674.612572
-7009.828624 -2338.999369 -8675.619968
-7011.519153 -2339.356109 -8676.627363
-7013.209683 -2339.712848 -8677.634758
-7014.900213 -2340.069588 -8678.642154
-7016.590743 -2340.426328 -8679.649549
-7018.281273 -2340.783068 -8680.656945
-7019.971803 -2341.139808 -8681.664340
-7021.662332 -2341.496547 -8682.671736
-7023.352862 -2341.853287 -8683.679131
-7025.043392 -2342.210027 -8684.686527
-7026.733922 -2342.566767 -8685.693922
-7028.424452 -2342.923507 -8686.701317
-7030.114982 -2343.280246 -8687.708713
-7031.805511 -2343.636986 -8688.716108
-7033.496041 -2343.993726 -8689.723504
-7035.186571 -2344.350466 -8690.730899
-7036.877101 -2344.707206 -8691.738295
-7038.567631 -2345.063945 -8692.745690
-7040.258161 -2345.420685 -8693.753085
-7041.948691 -2345.777425 -8694.760481
-7043.639220 -2346.134165 -8695.767876
-7045.329750 -2346.490905 -8696.775272
-7047.020280 -2346.847644 -8697.782667
-7048.710810 -2347.204384 -8698.790063
-7050.401340 -2347.561124 -8699.797458
-7052.091870 -2347.917864 -8700.804854
-7053.782399 -2348.274603 -8701.812249
-7055.472929 -2348.631343 -8702.819644
-7057.163459 -2348.988083 -8703.827040
-7058.853989 -2349.344823 -8704.834435
-7060.544519 -2349.701563 -8705.841831
-7062.235049 -2350.058302 -8706.849226
-7063.925578 -2350.415042 -8707.856622
-7065.616108 -2350.771782 -8708.864017
-7067.306638 -2351.128522 -8709.871412
-7068.997168 -2351.485262 -8710.878808
-7070.687698 -2351.842001 -8711.886203
-7072.378228 -2352.198741 -8712.893599
-7074.068757 -2352.555481 -8713.900994
-7075.759287 -2352.912221 -8714.908390
-7077.449817 -2353.268961 -8715.915785
-7079.140347 -2353.625700 -8716.923181
-7080.830877 -2353.982440 -8717.930576
-7082.521407 -2354.339180 -8718.937971
-7084.211937 -2354.695920 -8719.945367
-7085.902466 -2355.052660 -8720.952762
-7087.592996 -2355.409399 -8721.960158
-7089.283526 -2355.766139 -8722.967553
-7090.974056 -2356.122879 -8723.974949
-7092.664586 -2356.479619 -8724.982344
-7094.355116 -2356.836359 -8725.989740
-7096.045645 -2357.193098 -8726.997135
-7097.736175 -2357.549838 -8728.004530
-7099.426705 -2357.906578 -8729.011926
-7101.117235 -2358.263318 -8730.019321
-7102.807765 -2358.620058 -8731.026717
-7104.498295 -2358.976797 -8732.034112
-7106.188824 -2359.333537 -8733.041508
-7107.879354 -2359.690277 -8734.048903
-7109.569884 -2360.047017 -8735.056298
-7111.260414 -2360.403757 -8736.063694
-7112.950944 -2360.760496 -8737.071089
-7114.641474 -2361.117236 -8738.078485
-7116.332004 -2361.473976 -8739.085880
-7118.022533 -2361.830716 -8740.093276
-7119.713063 -2362.187456 -8741.100671
-7121.403593 -2362.544195 -8742.108067
-7123.094123 -2362.900935 -8743.115462
-7124.784653 -2363.257675 -8744.122857
-7126.475183 -2363.614415 -8745.130253
-7128.165712 -2363.971155 -8746.137648
-7129.856242 -2364.327894 -8747.145044
-7131.546772 -2364.684634 -8748.152439
-7133.237302 -2365.041374 -8749.159835
-7134.927832 -2365.398114 -8750.167230
-7136.618362 -2365.754854 -8751.174625
-7138.308891 -2366.111593 -8752.182021
-7139.999421 -2366.468333 -8753.189416
-7141.689951 -2366.825073 -8754.196812
-7143.380481 -2367.181813 -8755.204207
-7145.071011 -2367.538553 -8756.211603
-7146.761541 -2367.895292 -8757.218998
-7148.452071 -2368.252032 -8758.226394
-7150.142600 -2368.608772 -8759.233789
-7151.833130 -2368.965512 -8760.241184
-7153.523660 -2369.322252 -8761.248580
-7155.214190 -2369.678991 -8762.255975
-7156.904720 -2370.035731 -8763.263371
-7158.595250 -2370.392471 -8764.270766
-7160.285779 -2370.749211 -8765.278162
-7161.976309 -2371.105951 -8766.285557
-7163.666839 -2371.462690 -8767.292953
-7165.357369 -2371.819430 -8768.300348
-7167.047899 -2372.176170 -8769.307743
-7168.738429 -2372.532910 -8770.315139
-7170.428958 -2372.889650 -8771.322534
-7172.119488 -2373.246389 -8772.329930
-7173.810018 -2373.603129 -8773.337325
-7175.500548 -2373.959869 -8774.344721
-7177.191078 -2374.316609 -8775.352116
-7178.881608 -2374.673349 -8776.359511
-7180.572138 -2375.030088 -8777.366907
-7182.262667 -2375.386828 -8778.374302
-7183.953197 -2375.743568 -8779.381698
-7185.643727 -2376.100308 -8780.389093
-7187.334257 -2376.457048 -8781.396489
-7189.024787 -2376.813787 -8782.403884
-7190.715317 -2377.170527 -8783.411280
-7192.405846 -2377.527267 -8784.418675
-7194.096376 -2377.884007 -8785.426070
-7195.786906 -2378.240747 -8786.433466
-7197.477436 -2378.597486 -8787.440861
-7199.167966 -2378.954226 -8788.448257
-7200.858496 -2379.310966 -8789.455652
-7202.549025 -2379.667706 -8790.463048
-7204.239555 -2380.024446 -8791.470443
-7205.930085 -2380.381185 -8792.477838
-7207.620615 -2380.737925 -8793.485234
-7209.311145 -2381.094665 -8794.492629
-7211.001675 -2381.451405 -8795.500025
-7212.692204 -2381.808145 -8796.507420
-7214.382734 -2382.164884 -8797.514816
-7216.073264 -2382.521624 -8798.522211
-7217.763794 -2382.878364 -8799.529607
-7219.454324 -2383.235104 -8800.537002
-7221.144854 -2383.591844 -8801.544397
-7222.835384 -2383.948583 -8802.551793
-7224.525913 -2384.305323 -8803.559188
-7226.216443 -2384.662063 -8804.566584
-7227.906973 -2385.018803 -8805.573979
-7229.597503 -2385.375543 -8806.581375
-7231.288033 -2385.732282 -8807.588770
-7232.978563 -2386.089022 -8808.596166
-7234.669092 -2386.445762 -8809.603561
-7236.359622 -2386.802502 -8810.610956
-7238.050152 -2387.159242 -8811.618352
-7239.740682 -2387.515981 -8812.625747
-7241.431212 -2387.872721 -8813.633143
-7243.121742 -2388.229461 -8814.640538
-7244.812271 -2388.586201 -8815.647934
-7246.502801 -2388.942941 -8816.655329
-7248.193331 -2389.299680 -8817.662724
-7249.883861 -2389.656420 -8818.670120
-7251.574391 -2390.013160 -8819.677515
-7253.264921 -2390.369900 -8820.684911
-7254.955451 -2390.726640 -8821.692306
-7256.645980 -2391.083379 -8822.699702
-7258.336510 -2391.440119 -8823.707097
-7260.027040 -2391.796859 -8824.714493
-7261.717570 -2392.153599 -8825.721888
-7263.408100 -2392.510339 -8826.729283
-7265.098630 -2392.867078 -8827.736679
-7266.789159 -2393.223818 -8828.744074
-7268.479689 -2393.580558 -8829.751470
-7270.170219 -2393.937298 -8830.758865
-7271.860749 -2394.294038 -8831.766261
-7273.551279 -2394.650777 -8832.773656
-7275.241809 -2395.007517 -8833.781051
-7276.932338 -2395.364257 -8834.788447
-7278.622868 -2395.720997 -8835.795842
-7280.313398 -2396.077737 -8836.803238
-7282.003928 -2396.434476 -8837.810633
-7283.694458 -2396.791216 -8838.818029
-7285.384988 -2397.147956 -8839.825424
-7287.075518 -2397.504696 -8840.832820
-7288.766047 -2397.861436 -8841.840215
-7290.456577 -2398.218175 -8842.847610
-7292.147107 -2398.574915 -8843.855006
-7293.837637 -2398.931655 -8844.862401
-7295.528167 -2399.288395 -8845.869797
-7297.218697 -2399.645135 -8846.877192
-7298.909226 -2400.001874 -8847.884588
-7300.599756 -2400.358614 -8848.891983
-7302.290286 -2400.715354 -8849.899379
-7303.980816 -2401.072094 -8850.906774
-7305.671346 -2401.428834 -8851.914169
-7307.361876 -2401.785573 -8852.921565
-7309.052405 -2402.142313 -8853.928960
-7310.742935 -2402.499053 -8854.936356
-7312.433465 -2402.855793 -8855.943751
-7314.123995 -2403.212533 -8856.951147
-7315.814525 -2403.569272 -8857.958542
-7317.505055 -2403.926012 -8858.965937
-7319.195584 -2404.282752 -8859.973333
-7320.886114 -2404.639492 -8860.980728
-7322.576644 -2404.996232 -8861.988124
-7324.267174 -2405.352971 -8862.995519
-7325.957704 -2405.709711 -8864.002915
-7327.648234 -2406.066451 -8865.010310
-7329.338764 -2406.423191 -8866.017706
-7331.029293 -2406.779931 -8867.025101
-7332.719823 -2407.136670 -8868.032496
-7334.410353 -2407.493410 -8869.039892
-7336.100883 -2407.850150 -8870.047287
-7337.791413 -2408.206890 -8871.054683
-7339.481943 -2408.563630 -8872.062078
-7341.172472 -2408.920369 -8873.069474
-7342.863002 -2409.277109 -8874.076869
-7344.553532 -2409.633849 -8875.084265
-7346.244062 -2409.990589 -8876.091660
-7347.934592 -2410.347329 -8877.099055
-7349.625122 -2410.704068 -8878.106451
-7351.315651 -2411.060808 -8879.113846
-7353.006181 -2411.417548 -8880.121242
-7354.696711 -2411.774288 -8881.128637
-7356.387241 -2412.131028 -8882.136033
-7358.077771 -2412.487767 -8883.143428
-7359.768301 -2412.844507 -8884.150823
-7361.458831 -2413.201247 -8885.158219
-7363.149360 -2413.557987 -8886.165614
-7364.839890 -2413.914727 -8887.173010
-7366.530420 -2414.271466 -8888.180405
-7368.220950 -2414.628206 -8889.187801
-7369.911480 -2414.984946 -8890.195196
-7371.602010 -2415.341686 -8891.202592
-7373.292539 -2415.698426 -8892.209987
-7374.983069 -2416.055165 -8893.217382
-7376.673599 -2416.411905 -8894.224778
-7378.364129 -2416.768645 -8895.232173
-7380.054659 -2417.125385 -8896.239569
-7381.745189 -2417.482125 -8897.246964
-7383.435718 -2417.838864 -8898.254360
-7385.126248 -2418.195604 -8899.261755
-7386.816778 -2418.552344 -8900.269150
-7388.507308 -2418.909084 -8901.276546
-7390.197838 -2419.265824 -8902.283941
-7391.888368 -2419.622563 -8903.291337
-7393.578898 -2419.979303 -8904.298732
-7395.269427 -2420.336043 -8905.306128
-7396.959957 -2420.692783 -8906.313523
-7398.650487 -2421.049523 -8907.320919
-7400.341017 -2421.406262 -8908.328314
-7402.031547 -2421.763002 -8909.335709
-7403.722077 -2422.119742 -8910.343105
-7405.412606 -2422.476482 -8911.350500
-7407.103136 -2422.833222 -8912.357896
-7408.793666 -2423.189961 -8913.365291
-7410.484196 -2423.546701 -8914.372687
-7412.174726 -2423.903441 -8915.380082
-7413.865256 -2424.260181 -8916.387478
-7415.555785 -2424.616921 -8917.394873
-7417.246315 -2424.973660 -8918.402268
-7418.936845 -2425.330400 -8919.409664
-7420.627375 -2425.687140 -8920.417059
-7422.317905 -2426.043880 -8921.424455
-7424.008435 -2426.400620 -8922.431850
-7425.698964 -2426.757359 -8923.439246
-7427.389494 -2427.114099 -8924.446641
-7429.080024 -2427.470839 -8925.454036
-7430.770554 -2427.827579 -8926.461432
-7432.461084 -2428.184319 -8927.468827
-7434.151614 -2428.541058 -8928.476223
-7435.842144 -2428.897798 -8929.483618
-7437.532673 -2429.254538 -8930.491014
-7439.223203 -2429.611278 -8931.498409
-7440.913733 -2429.968018 -8932.505805
-7442.604263 -2430.324757 -8933.513200
-7444.294793 -2430.681497 -8934.520595
-7445.985323 -2431.038237 -8935.527991
-7447.675852 -2431.394977 -8936.535386
-7449.366382 -2431.751717 -8937.542782
-7451.056912 -2432.108456 -8938.550177
-7452.747442 -2432.465196 -8939.557573
-7454.437972 -2432.821936 -8940.564968
-7456.128502 -2433.178676 -8941.572363
-7457.819031 -2433.535416 -8942.579759
-7459.509561 -2433.892155 -8943.587154
-7461.200091 -2434.248895 -8944.594550
-7462.890621 -2434.605635 -8945.601945
-7464.581151 -2434.962375 -8946.609341
-7466.271681 -2435.319115 -8947.616736
-7467.962211 -2435.675854 -8948.624132
-7469.652740 -2436.032594 -8949.631527
-7471.343270 -2436.389334 -8950.638922
-7473.033800 -2436.746074 -8951.646318
-7474.724330 -2437.102814 -8952.653713
-7476.414860 -2437.459553 -8953.661109
-7478.105390 -2437.816293 -8954.668504
-7479.795919 -2438.173033 -8955.675900
-7481.486449 -2438.529773 -8956.683295
-7483.176979 -2438.886513 -8957.690691
-7484.867509 -2439.243252 -8958.698086
-7486.558039 -2439.599992 -8959.705481
-7488.248569 -2439.956732 -8960.712877
-7489.939098 -2440.313472 -8961.720272
-7491.629628 -2440.670212 -8962.727668
-7493.320158 -2441.026951 -8963.735063
-7495.010688 -2441.383691 -8964.742459
-7496.701218 -2441.740431 -8965.749854
-7498.391748 -2442.097171 -8966.757249
-7500.082278 -2442.453911 -8967.764645
-7501.772807 -2442.810650 -8968.772040
-7503.463337 -2443.167390 -8969.779436
-7505.153867 -2443.524130 -8970.786831
-7506.844397 -2443.880870 -8971.794227
-7508.534927 -2444.237610 -8972.801622
-7510.225457 -2444.594349 -8973.809018
-7511.915986 -2444.951089 -8974.816413
-7513.606516 -2445.307829 -8975.823808
-7515.297046 -2445.664569 -8976.831204
-7516.987576 -2446.021309 -8977.838599
-7518.678106 -2446.378048 -8978.845995
-7520.368636 -2446.734788 -8979.853390
-7522.059165 -2447.091528 -8980.860786
-7523.749695 -2447.448268 -8981.868181
-7525.440225 -2447.805008 -8982.875576
-7527.130755 -2448.161747 -8983.882972
-7528.821285 -2448.518487 -8984.890367
-7530.511815 -2448.875227 -8985.897763
-7532.202345 -2449.231967 -8986.905158
-7533.892874 -2449.588707 -8987.912554
-7535.583404 -2449.945446 -8988.919949
-7537.273934 -2450.302186 -8989.927345
-7538.964464 -2450.658926 -8990.934740
-7540.654994 -2451.015666 -8991.942135
-7542.345524 -2451.372406 -8992.949531
-7544.036053 -2451.729145 -8993.956926
-7545.726583 -2452.085885 -8994.964322
-7547.417113 -2452.442625 -8995.971717
-7549.107643 -2452.799365 -8996.979113
-7550.798173 -2453.156105 -8997.986508
-7552.488703 -2453.512844 -8998.993904
-7554.179232 -2453.869584 -9000.001299
-7555.869762 -2454.226324 -9001.008694
-7557.560292 -2454.583064 -9002.016090
-7559.250822 -2454.939804 -9003.023485
-7560.941352 -2455.296543 -9004.030881
-7562.631882 -2455.653283 -9005.038276
-7564.322411 -2456.010023 -9006.045672
-7566.012941 -2456.366763 -9007.053067
-7567.703471 -2456.723503 -9008.060462
-7569.394001 -2457.080242 -9009.067858
-7571.084531 -2457.436982 -9010.075253
-7572.775061 -2457.793722 -9011.082649
-7574.465591 -2458.150462 -9012.090044
-7576.156120 -2458.507202 -9013.097440
-7577.846650 -2458.863941 -9014.104835
-7579.537180 -2459.220681 -9015.112231
-7581.227710 -2459.577421 -9016.119626
-7582.918240 -2459.934161 -9017.127021
-7584.608770 -2460.290901 -9018.134417
-7586.299299 -2460.647640 -9019.141812
-7587.989829 -2461.004380 -9020.149208
-7589.680359 -2461.361120 -9021.156603
-7591.370889 -2461.717860 -9022.163999
-7593.061419 -2462.074600 -9023.171394
-7594.751949 -2462.431339 -9024.178789
-7596.442478 -2462.788079 -9025.186185
-7598.133008 -2463.144819 -9026.193580
-7599.823538 -2463.501559 -9027.200976
-7601.514068 -2463.858299 -9028.208371
-7603.204598 -2464.215038 -9029.215767
-7604.895128 -2464.571778 -9030.223162
-7606.585658 -2464.928518 -9031.230558
-7608.276187 -2465.285258 -9032.237953
-7609.966717 -2465.641998 -9033.245348
-7611.657247 -2465.998737 -9034.252744
-7613.347777 -2466.355477 -9035.260139
-7615.038307 -2466.712217 -9036.267535
-7616.728837 -2467.068957 -9037.274930
-7618.419366 -2467.425697 -9038.282326
-7620.109896 -2467.782436 -9039.289721
-7621.800426 -2468.139176 -9040.297117
-7623.490956 -2468.495916 -9041.304512
-7625.181486 -2468.852656 -9042.311907
-7626.872016 -2469.209396 -9043.319303
-7628.562545 -2469.566135 -9044.326698
-7630.253075 -2469.922875 -9045.334094
-7631.943605 -2470.279615 -9046.341489
-7633.634135 -2470.636355 -9047.348885
-7635.324665 -2470.993095 -9048.356280
-7637.015195 -2471.349834 -9049.363675
-7638.705725 -2471.706574 -9050.371071
-7640.396254 -2472.063314 -9051.378466
-7642.086784 -2472.420054 -9052.385862
-7643.777314 -2472.776794 -9053.393257
-7645.467844 -2473.133533 -9054.400653
-7647.158374 -2473.490273 -9055.408048
-7648.848904 -2473.847013 -9056.415444
-7650.539433 -2474.203753 -9057.422839
-7652.229963 -2474.560493 -9058.430234
-7653.920493 -2474.917232 -9059.437630
-7655.611023 -2475.273972 -9060.445025
-7657.301553 -2475.630712 -9061.452421
-7658.992083 -2475.987452 -9062.459816
-7660.682612 -2476.344192 -9063.467212
-7662.373142 -2476.700931 -9064.474607
-7664.063672 -2477.057671 -9065.482002
-7665.754202 -2477.414411 -9066.489398
-7667.444732 -2477.771151 -9067.496793
-7669.135262 -2478.127891 -9068.504189
-7670.825791 -2478.484630 -9069.511584
-7672.516321 -2478.841370 -9070.518980
-7674.206851 -2479.198110 -9071.526375
-7675.897381 -2479.554850 -9072.533771
-7677.587911 -2479.911590 -9073.541166
-7679.278441 -2480.268329 -9074.548561
-7680.968971 -2480.625069 -9075.555957
-7682.659500 -2480.981809 -9076.563352
-7684.350030 -2481.338549 -9077.570748
-7686.040560 -2481.695289 -9078.578143
-7687.731090 -2482.052028 -9079.585539
-7689.421620 -2482.408768 -9080.592934
-7691.112150 -2482.765508 -9081.600330
-7692.802679 -2483.122248 -9082.607725
-7694.493209 -2483.478988 -9083.615120
-7696.183739 -2483.835727 -9084.622516
-7697.874269 -2484.192467 -9085.629911
-7699.564799 -2484.549207 -9086.637307
-7701.255329 -2484.905947 -9087.644702
-7702.945858 -2485.262687 -9088.652098
-7704.636388 -2485.619426 -9089.659493
-7706.326918 -2485.976166 -9090.666888
-7708.017448 -2486.332906 -9091.674284
-7709.707978 -2486.689646 -9092.681679
-7711.398508 -2487.046386 -9093.689075
-7713.089038 -2487.403125 -9094.696470
-7714.779567 -2487.759865 -9095.703866
-7716.470097 -2488.116605 -9096.711261
-7718.160627 -2488.473345 -9097.718657
-7719.851157 -2488.830085 -9098.726052
-7721.541687 -2489.186824 -9099.733447
-7723.232217 -2489.543564 -9100.740843
-7724.922746 -2489.900304 -9101.748238
-7726.613276 -2490.257044 -9102.755634
-7728.303806 -2490.613784 -9103.763029
-7729.994336 -2490.970523 -9104.770425
-7731.684866 -2491.327263 -9105.777820
-7733.375396 -2491.684003 -9106.785215
-7735.065925 -2492.040743 -9107.792611
-7736.756455 -2492.397483 -9108.800006
-7738.446985 -2492.754222 -9109.807402
-7740.137515 -2493.110962 -9110.814797
-7741.828045 -2493.467702 -9111.822193
-7743.518575 -2493.824442 -9112.829588
-7745.209105 -2494.181182 -9113.836984
-7746.899634 -2494.537921 -9114.844379
-7748.590164 -2494.894661 -9115.851774
-7750.280694 -2495.251401 -9116.859170
-7751.971224 -2495.608141 -9117.866565
-7753.661754 -2495.964881 -9118.873961
-7755.352284 -2496.321620 -9119.881356
-7757.042813 -2496.678360 -9120.888752
-7758.733343 -2497.035100 -9121.896147
-7760.423873 -2497.391840 -9122.903543
-7762.114403 -2497.748580 -9123.910938
-7763.804933 -2498.105319 -9124.918333
-7765.495463 -2498.462059 -9125.925729
-7767.185992 -2498.818799 -9126.933124
-7768.876522 -2499.175539 -9127.940520
-7770.567052 -2499.532279 -9128.947915
-7772.257582 -2499.889018 -9129.955311
-7773.948112 -2500.245758 -9130.962706
-7775.638642 -2500.602498 -9131.970101
-7777.329172 -2500.959238 -9132.977497
-7779.019701 -2501.315978 -9133.984892
-7780.710231 -2501.672717 -9134.992288
-7782.400761 -2502.029457 -9135.999683
-7784.091291 -2502.386197 -9137.007079
-7785.781821 -2502.742937 -9138.014474
-7787.472351 -2503.099677 -9139.021870
-7789.162880 -2503.456416 -9140.029265
-7790.853410 -2503.813156 -9141.036660
-7792.543940 -2504.169896 -9142.044056
-7794.234470 -2504.526636 -9143.051451
-7795.925000 -2504.883376 -9144.058847
-7797.615530 -2505.240115 -9145.066242
-7799.306059 -2505.596855 -9146.073638
-7800.996589 -2505.953595 -9147.081033
-7802.687119 -2506.310335 -9148.088429
-7804.377649 -2506.667075 -9149.095824
-7806.068179 -2507.023814 -9150.103219
-7807.758709 -2507.380554 -9151.110615
-7809.449238 -2507.737294 -9152.118010
-7811.139768 -2508.094034 -9153.125406
-7812.830298 -2508.450774 -9154.132801
-7814.520828 -2508.807513 -9155.140197
-7816.211358 -2509.164253 -9156.147592
-7817.901888 -2509.520993 -9157.154987
-7819.592418 -2509.877733 -9158.162383
-7821.282947 -2510.234473 -9159.169778
-7822.973477 -2510.591212 -9160.177174
-7824.664007 -2510.947952 -9161.184569
-7826.354537 -2511.304692 -9162.191965
-7828.045067 -2511.661432 -9163.199360
-7829.735597 -2512.018172 -9164.206756
-7831.426126 -2512.374911 -9165.214151
-7833.116656 -2512.731651 -9166.221546
-7834.807186 -2513.088391 -9167.228942
-7836.497716 -2513.445131 -9168.236337
-7838.188246 -2513.801871 -9169.243733
-7839.878776 -2514.158610 -9170.251128
-7841.569305 -2514.515350 -9171.258524
-7843.259835 -2514.872090 -9172.265919
-7844.950365 -2515.228830 -9173.273314
-7846.640895 -2515.585570 -9174.280710
-7848.331425 -2515.942309 -9175.288105
-7850.021955 -2516.299049 -9176.295501
-7851.712485 -2516.655789 -9177.302896
-7853.403014 -2517.012529 -9178.310292
-7855.093544 -2517.369269 -9179.317687
-7856.784074 -2517.726008 -9180.325083
-7858.474604 -2518.082748 -9181.332478
-7860.165134 -2518.439488 -9182.339873
-7861.855664 -2518.796228 -9183.347269
-7863.546193 -2519.152968 -9184.354664
-7865.236723 -2519.509707 -9185.362060
-7866.927253 -2519.866447 -9186.369455
-7868.617783 -2520.223187 -9187.376851
-7870.308313 -2520.579927 -9188.384246
-7871.998843 -2520.936667 -9189.391642
-7873.689372 -2521.293406 -9190.399037
-7875.379902 -2521.650146 -9191.406432
-7877.070432 -2522.006886 -9192.413828
-7878.760962 -2522.363626 -9193.421223
-7880.451492 -2522.720366 -9194.428619
-7882.142022 -2523.077105 -9195.436014
-7883.832552 -2523.433845 -9196.443410
-7885.523081 -2523.790585 -9197.450805
-7887.213611 -2524.147325 -9198.458200
-7888.904141 -2524.504065 -9199.465596
-7890.594671 -2524.860804 -9200.472991
-7892.285201 -2525.217544 -9201.480387
-7893.975731 -2525.574284 -9202.487782
-7895.666260 -2525.931024 -9203.495178
-7897.356790 -2526.287764 -9204.502573
-7899.047320 -2526.644503 -9205.509969
-7900.737850 -2527.001243 -9206.517364
-7902.428380 -2527.357983 -9207.524759
-7904.118910 -2527.714723 -9208.532155
-7905.809439 -2528.071463 -9209.539550
-7907.499969 -2528.428202 -9210.546946
-7909.190499 -2528.784942 -9211.554341
-7910.881029 -2529.141682 -9212.561737
-7912.571559 -2529.498422 -9213.569132
-7914.262089 -2529.855162 -9214.576527
-7915.952618 -2530.211901 -9215.583923
-7917.643148 -2530.568641 -9216.591318
-7919.333678 -2530.925381 -9217.598714
-7921.024208 -2531.282121 -9218.606109
-7922.714738 -2531.638861 -9219.613505
-7924.405268 -2531.995600 -9220.620900
-7926.095798 -2532.352340 -9221.628296
-7927.786327 -2532.709080 -9222.635691
-7929.476857 -2533.065820 -9223.643086
-7931.167387 -2533.422560 -9224.650482
-7932.857917 -2533.779299 -9225.657877
-7934.548447 -2534.136039 -9226.665273
-7936.238977 -2534.492779 -9227.672668
-7937.929506 -2534.849519 -9228.680064
-7939.620036 -2535.206259 -9229.687459
-7941.310566 -2535.562998 -9230.694855
-7943.001096 -2535.919738 -9231.702250
-7944.691626 -2536.276478 -9232.709645
-7946.382156 -2536.633218 -9233.717041
-7948.072685 -2536.989958 -9234.724436
-7949.763215 -2537.346697 -9235.731832
-7951.453745 -2537.703437 -9236.739227
-7953.144275 -2538.060177 -9237.746623
-7954.834805 -2538.416917 -9238.754018
-7956.525335 -2538.773657 -9239.761413
-7958.215865 -2539.130396 -9240.768809
-7959.906394 -2539.487136 -9241.776204
-7961.596924 -2539.843876 -9242.783600
-7963.287454 -2540.200616 -9243.790995
-7964.977984 -2540.557356 -9244.798391
-7966.668514 -2540.914095 -9245.805786
-7968.359044 -2541.270835 -9246.813182
-7970.049573 -2541.627575 -9247.820577
-7971.740103 -2541.984315 -9248.827972
-7973.430633 -2542.341055 -9249.835368
-7975.121163 -2542.697794 -9250.842763
-7976.811693 -2543.054534 -9251.850159
-7978.502223 -2543.411274 -9252.857554
-7980.192752 -2543.768014 -9253.864950
-7981.883282 -2544.124754 -9254.872345
-7983.573812 -2544.481493 -9255.879740
-7985.264342 -2544.838233 -9256.887136
-7986.954872 -2545.194973 -9257.894531
-7988.645402 -2545.551713 -9258.901927
-7990.335932 -2545.908453 -9259.909322
-7992.026461 -2546.265192 -9260.916718
-7993.716991 -2546.621932 -9261.924113
-7995.407521 -2546.978672 -9262.931509
-7997.098051 -2547.335412 -9263.938904
-7998.788581 -2547.692152 -9264.946299
-8000.479111 -2548.048891 -9265.953695
-8002.169640 -2548.405631 -9266.961090
-8003.860170 -2548.762371 -9267.968486
-8005.550700 -2549.119111 -9268.975881
-8007.241230 -2549.475851 -9269.983277
-8008.931760 -2549.832590 -9270.990672
-8010.622290 -2550.189330 -9271.998068
-8012.312819 -2550.546070 -9273.005463
-8014.003349 -2550.902810 -9274.012858
-8015.693879 -2551.259550 -9275.020254
-8017.384409 -2551.616289 -9276.027649
-8019.074939 -2551.973029 -9277.035045
-8020.765469 -2552.329769 -9278.042440
-8022.455998 -2552.686509 -9279.049836
-8024.146528 -2553.043249 -9280.057231
-8025.837058 -2553.399988 -9281.064626
-8027.527588 -2553.756728 -9282.072022
-8029.218118 -2554.113468 -9283.079417
-8030.908648 -2554.470208 -9284.086813
-8032.599178 -2554.826948 -9285.094208
-8034.289707 -2555.183687 -9286.101604
-8035.980237 -2555.540427 -9287.108999
-8037.670767 -2555.897167 -9288.116395
-8039.361297 -2556.253907 -9289.123790
-8041.051827 -2556.610647 -9290.131185
-8042.742357 -2556.967386 -9291.138581
-8044.432886 -2557.324126 -9292.145976
-8046.123416 -2557.680866 -9293.153372
-8047.813946 -2558.037606 -9294.160767
-8049.504476 -2558.394346 -9295.168163
-8051.195006 -2558.751085 -9296.175558
-8052.885536 -2559.107825 -9297.182953
-8054.576065 -2559.464565 -9298.190349
-8056.266595 -2559.821305 -9299.197744
-8057.957125 -2560.178045 -9300.205140
-8059.647655 -2560.534784 -9301.212535
-8061.338185 -2560.891524 -9302.219931
-8063.028715 -2561.248264 -9303.227326
-8064.719245 -2561.605004 -9304.234722
-8066.409774 -2561.961744 -9305.242117
-8068.100304 -2562.318483 -9306.249512
-8069.790834 -2562.675223 -9307.256908
-8071.481364 -2563.031963 -9308.264303
-8073.171894 -2563.388703 -9309.271699
-8074.862424 -2563.745443 -9310.279094
-8076.552953 -2564.102182 -9311.286490
-8078.243483 -2564.458922 -9312.293885
-8079.934013 -2564.815662 -9313.301281
-8081.624543 -2565.172402 -9314.308676
-8083.315073 -2565.529142 -9315.316071
-8085.005603 -2565.885881 -9316.323467
-8086.696132 -2566.242621 -9317.330862
-8088.386662 -2566.599361 -9318.338258
-8090.077192 -2566.956101 -9319.345653
-8091.767722 -2567.312841 -9320.353049
-8093.458252 -2567.669580 -9321.360444
-8095.148782 -2568.026320 -9322.367839
-8096.839312 -2568.383060 -9323.375235
-8098.529841 -2568.739800 -9324.382630
-8100.220371 -2569.096540 -9325.390026
-8101.910901 -2569.453279 -9326.397421
-8103.601431 -2569.810019 -9327.404817
-8105.291961 -2570.166759 -9328.412212
-8106.982491 -2570.523499 -9329.419608
-8108.673020 -2570.880239 -9330.427003
-8110.363550 -2571.236978 -9331.434398
-8112.054080 -2571.593718 -9332.441794
-8113.744610 -2571.950458 -9333.449189
-8115.435140 -2572.307198 -9334.456585
-8117.125670 -2572.663938 -9335.463980
-8118.816199 -2573.020677 -9336.471376
-8120.506729 -2573.377417 -9337.478771
-8122.197259 -2573.734157 -9338.486166
-8123.887789 -2574.090897 -9339.493562
-8125.578319 -2574.447637 -9340.500957
-8127.268849 -2574.804376 -9341.508353
-8128.959379 -2575.161116 -9342.515748
-8130.649908 -2575.517856 -9343.523144
-8132.340438 -2575.874596 -9344.530539
-8134.030968 -2576.231336 -9345.537935
-8135.721498 -2576.588075 -9346.545330
-8137.412028 -2576.944815 -9347.552725
-8139.102558 -2577.301555 -9348.560121
-8140.793087 -2577.658295 -9349.567516
-8142.483617 -2578.015035 -9350.574912
-8144.174147 -2578.371774 -9351.582307
-8145.864677 -2578.728514 -9352.589703
-8147.555207 -2579.085254 -9353.597098
-8149.245737 -2579.441994 -9354.604494
-8150.936266 -2579.798734 -9355.611889
-8152.626796 -2580.155473 -9356.619284
-8154.317326 -2580.512213 -9357.626680
-8156.007856 -2580.868953 -9358.634075
-8157.698386 -2581.225693 -9359.641471
-8159.388916 -2581.582433 -9360.648866
-8161.079445 -2581.939172 -9361.656262
-8162.769975 -2582.295912 -9362.663657
-8164.460505 -2582.652652 -9363.671052
-8166.151035 -2583.009392 -9364.678448
-8167.841565 -2583.366132 -9365.685843
-8169.532095 -2583.722871 -9366.693239
-8171.222625 -2584.079611 -9367.700634
-8172.913154 -2584.436351 -9368.708030
-8174.603684 -2584.793091 -9369.715425
-8176.294214 -2585.149831 -9370.722821
-8177.984744 -2585.506570 -9371.730216
-8179.675274 -2585.863310 -9372.737611
-8181.365804 -2586.220050 -9373.745007
-8183.056333 -2586.576790 -9374.752402
-8184.746863 -2586.933530 -9375.759798
-8186.437393 -2587.290269 -9376.767193
-8188.127923 -2587.647009 -9377.774589
-8189.818453 -2588.003749 -9378.781984
-8191.508983 -2588.360489 -9379.789379
-8193.199512 -2588.717229 -9380.796775
-8194.890042 -2589.073968 -9381.804170
-8196.580572 -2589.430708 -9382.811566
-8198.271102 -2589.787448 -9383.818961
-8199.961632 -2590.144188 -9384.826357
-8201.652162 -2590.500928 -9385.833752
-8203.342692 -2590.857667 -9386.841148
-8205.033221 -2591.214407 -9387.848543
-8206.723751 -2591.571147 -9388.855938
-8208.414281 -2591.927887 -9389.863334
-8210.104811 -2592.284627 -9390.870729
-8211.795341 -2592.641366 -9391.878125
-8213.485871 -2592.998106 -9392.885520
-8215.176400 -2593.354846 -9393.892916
-8216.866930 -2593.711586 -9394.900311
-8218.557460 -2594.068326 -9395.907707
-8220.247990 -2594.425065 -9396.915102
-8221.938520 -2594.781805 -9397.922497
-8223.629050 -2595.138545 -9398.929893
-8225.319579 -2595.495285 -9399.937288
-8227.010109 -2595.852025 -9400.944684
-8228.700639 -2596.208764 -9401.952079
-8230.391169 -2596.565504 -9402.959475
-8232.081699 -2596.922244 -9403.966870
-8233.772229 -2597.278984 -9404.974265
-8235.462759 -2597.635724 -9405.981661
-8237.153288 -2597.992463 -9406.989056
-8238.843818 -2598.349203 -9407.996452
-8240.534348 -2598.705943 -9409.003847
-8242.224878 -2599.062683 -9410.011243
-8243.915408 -2599.419423 -9411.018638
-8245.605938 -2599.776162 -9412.026034
-8247.296467 -2600.132902 -9413.033429
-8248.986997 -2600.489642 -9414.040824
-8250.677527 -2600.846382 -9415.048220
-8252.368057 -2601.203122 -9416.055615
-8254.058587 -2601.559861 -9417.063011
-8255.749117 -2601.916601 -9418.070406
-8257.439646 -2602.273341 -9419.077802
-8259.130176 -2602.630081 -9420.085197
-8260.820706 -2602.986821 -9421.092593
-8262.511236 -2603.343560 -9422.099988
-8264.201766 -2603.700300 -9423.107383
-8265.892296 -2604.057040 -9424.114779
-8267.582825 -2604.413780 -9425.122174
-8269.273355 -2604.770520 -9426.129570
-8270.963885 -2605.127259 -9427.136965
-8272.654415 -2605.483999 -9428.144361
-8274.344945 -2605.840739 -9429.151756
-8276.035475 -2606.197479 -9430.159151
-8277.726005 -2606.554219 -9431.166547
-8279.416534 -2606.910958 -9432.173942
-8281.107064 -2607.267698 -9433.181338
-8282.797594 -2607.624438 -9434.188733
-8284.488124 -2607.981178 -9435.196129
-8286.178654 -2608.337918 -9436.203524
-8287.869184 -2608.694657 -9437.210920
-8289.559713 -2609.051397 -9438.218315
-8291.250243 -2609.408137 -9439.225710
-8292.940773 -2609.764877 -9440.233106
-8294.631303 -2610.121617 -9441.240501
-8296.321833 -2610.478356 -9442.247897
-8298.012363 -2610.835096 -9443.255292
-8299.702892 -2611.191836 -9444.262688
-8301.393422 -2611.548576 -9445.270083
-8303.083952 -2611.905316 -9446.277478
-8304.774482 -2612.262055 -9447.284874
-8306.465012 -2612.618795 -9448.292269
-8308.155542 -2612.975535 -9449.299665
-8309.846072 -2613.332275 -9450.307060
-8311.536601 -2613.689015 -9451.314456
-8313.227131 -2614.045754 -9452.321851
-8314.917661 -2614.402494 -9453.329247
-8316.608191 -2614.759234 -9454.336642
-8318.298721 -2615.115974 -9455.344037
-8319.989251 -2615.472714 -9456.351433
-8321.679780 -2615.829453 -9457.358828
-8323.370310 -2616.186193 -9458.366224
-8325.060840 -2616.542933 -9459.373619
-8326.751370 -2616.899673 -9460.381015
-8328.441900 -2617.256413 -9461.388410
-8330.132430 -2617.613152 -9462.395806
-8331.822959 -2617.969892 -9463.403201
-8333.513489 -2618.326632 -9464.410596
-8335.204019 -2618.683372 -9465.417992
-8336.894549 -2619.040111 -9466.425387
-8338.585079 -2619.396851 -9467.432783
-8340.275609 -2619.753591 -9468.440178
-8341.966139 -2620.110331 -9469.447574
-8343.656668 -2620.467071 -9470.454969
-8345.347198 -2620.823810 -9471.462364
-8347.037728 -2621.180550 -9472.469760
-8348.728258 -2621.537290 -9473.477155
-8350.418788 -2621.894030 -9474.484551
-8352.109318 -2622.250770 -9475.491946
-8353.799847 -2622.607509 -9476.499342
-8355.490377 -2622.964249 -9477.506737
-8357.180907 -2623.320989 -9478.514133
-8358.871437 -2623.677729 -9479.521528
-8360.561967 -2624.034469 -9480.528923
-8362.252497 -2624.391208 -9481.536319
-8363.943026 -2624.747948 -9482.543714
-8365.633556 -2625.104688 -9483.551110
-8367.324086 -2625.461428 -9484.558505
-8369.014616 -2625.818168 -9485.565901
-8370.705146 -2626.174907 -9486.573296
-8372.395676 -2626.531647 -9487.580691
-8374.086206 -2626.888387 -9488.588087
-8375.776735 -2627.245127 -9489.595482
-8377.467265 -2627.601867 -9490.602878
-8379.157795 -2627.958606 -9491.610273
-8380.848325 -2628.315346 -9492.617669
-8382.538855 -2628.672086 -9493.625064
-8384.229385 -2629.028826 -9494.632460
-8385.919914 -2629.385566 -9495.639855
-8387.610444 -2629.742305 -9496.647250
-8389.300974 -2630.099045 -9497.654646
-8390.991504 -2630.455785 -9498.662041
-8392.682034 -2630.812525 -9499.669437
-8394.372564 -2631.169265 -9500.676832
-8396.063093 -2631.526004 -9501.684228
-8397.753623 -2631.882744 -9502.691623
-8399.444153 -2632.239484 -9503.699019
-8401.134683 -2632.596224 -9504.706414
-8402.825213 -2632.952964 -9505.713809
-8404.515743 -2633.309703 -9506.721205
-8406.206272 -2633.666443 -9507.728600
-8407.896802 -2634.023183 -9508.735996
-8409.587332 -2634.379923 -9509.743391
-8411.277862 -2634.736663 -9510.750787
-8412.968392 -2635.093402 -9511.758182
-8414.658922 -2635.450142 -9512.765577
-8416.349452 -2635.806882 -9513.772973
-8418.039981 -2636.163622 -9514.780368
-8419.730511 -2636.520362 -9515.787764
-8421.421041 -2636.877101 -9516.795159
-8423.111571 -2637.233841 -9517.802555
-8424.802101 -2637.590581 -9518.809950
-8426.492631 -2637.947321 -9519.817346
-8428.183160 -2638.304061 -9520.824741
-8429.873690 -2638.660800 -9521.832136
-8431.564220 -2639.017540 -9522.839532
-8433.254750 -2639.374280 -9523.846927
-8434.945280 -2639.731020 -9524.854323
-8436.635810 -2640.087760 -9525.861718
-8438.326339 -2640.444499 -9526.869114
-8440.016869 -2640.801239 -9527.876509
-8441.707399 -2641.157979 -9528.883904
-8443.397929 -2641.514719 -9529.891300
-8445.088459 -2641.871459 -9530.898695
-8446.778989 -2642.228198 -9531.906091
-8448.469519 -2642.584938 -9532.913486
-8450.160048 -2642.941678 -9533.920882
-8451.850578 -2643.298418 -9534.928277
-8453.541108 -2643.655158 -9535.935673
-8455.231638 -2644.011897 -9536.943068
-8456.922168 -2644.368637 -9537.950463
-8458.612698 -2644.725377 -9538.957859
-8460.303227 -2645.082117 -9539.965254
-8461.993757 -2645.438857 -9540.972650
-8463.684287 -2645.795596 -9541.980045
-8465.374817 -2646.152336 -9542.987441
-8467.065347 -2646.509076 -9543.994836
-8468.755877 -2646.865816 -9545.002232
-8470.446406 -2647.222556 -9546.009627
-8472.136936 -2647.579295 -9547.017022
-8473.827466 -2647.936035 -9548.024418
-8475.517996 -2648.292775 -9549.031813
-8477.208526 -2648.649515 -9550.039209
-8478.899056 -2649.006255 -9551.046604
-8480.589586 -2649.362994 -9552.054000
-8482.280115 -2649.719734 -9553.061395
-8483.970645 -2650.076474 -9554.068790
-8485.661175 -2650.433214 -9555.076186
-8487.351705 -2650.789954 -9556.083581
-8489.042235 -2651.146693 -9557.090977
-8490.732765 -2651.503433 -9558.098372
-8492.423294 -2651.860173 -9559.105768
-8494.113824 -2652.216913 -9560.113163
-8495.804354 -2652.573653 -9561.120559
-8497.494884 -2652.930392 -9562.127954
-8499.185414 -2653.287132 -9563.135349
-8500.875944 -2653.643872 -9564.142745
-8502.566473 -2654.000612 -9565.150140
-8504.257003 -2654.357352 -9566.157536
-8505.947533 -2654.714091 -9567.164931
-8507.638063 -2655.070831 -9568.172327
-8509.328593 -2655.427571 -9569.179722
-8511.019123 -2655.784311 -9570.187117
-8512.709652 -2656.141051 -9571.194513
-8514.400182 -2656.497790 -9572.201908
-8516.090712 -2656.854530 -9573.209304
-8517.781242 -2657.211270 -9574.216699
-8519.471772 -2657.568010 -9575.224095
-8521.162302 -2657.924750 -9576.231490
-8522.852832 -2658.281489 -9577.238886
-8524.543361 -2658.638229 -9578.246281
-8526.233891 -2658.994969 -9579.253676
-8527.924421 -2659.351709 -9580.261072
-8529.614951 -2659.708449 -9581.268467
-8531.305481 -2660.065188 -9582.275863
-8532.996011 -2660.421928 -9583.283258
-8534.686540 -2660.778668 -9584.290654
-8536.377070 -2661.135408 -9585.298049
-8538.067600 -2661.492148 -9586.305445
-8539.758130 -2661.848887 -9587.312840
-8541.448660 -2662.205627 -9588.320235
-8543.139190 -2662.562367 -9589.327631
-8544.829719 -2662.919107 -9590.335026
-8546.520249 -2663.275847 -9591.342422
-8548.210779 -2663.632586 -9592.349817
-8549.901309 -2663.989326 -9593.357213
-8551.591839 -2664.346066 -9594.364608
-8553.282369 -2664.702806 -9595.372003
-8554.972899 -2665.059546 -9596.379399
-8556.663428 -2665.416285 -9597.386794
-8558.353958 -2665.773025 -9598.394190
-8560.044488 -2666.129765 -9599.401585
-8561.735018 -2666.486505 -9600.408981
-8563.425548 -2666.843245 -9601.416376
-8565.116078 -2667.199984 -9602.423772
-8566.806607 -2667.556724 -9603.431167
-8568.497137 -2667.913464 -9604.438562
-8570.187667 -2668.270204 -9605.445958
-8571.878197 -2668.626944 -9606.453353
-8573.568727 -2668.983683 -9607.460749
-8575.259257 -2669.340423 -9608.468144
-8576.949786 -2669.697163 -9609.475540
-8578.640316 -2670.053903 -9610.482935
-8580.330846 -2670.410643 -9611.490330
-8582.021376 -2670.767382 -9612.497726
-8583.711906 -2671.124122 -9613.505121
-8585.402436 -2671.480862 -9614.512517
-8587.092966 -2671.837602 -9615.519912
-8588.783495 -2672.194342 -9616.527308
-8590.474025 -2672.551081 -9617.534703
-8592.164555 -2672.907821 -9618.542099
-8593.855085 -2673.264561 -9619.549494
-8595.545615 -2673.621301 -9620.556889
-8597.236145 -2673.978041 -9621.564285
-8598.926674 -2674.334780 -9622.571680
-8600.617204 -2674.691520 -9623.579076
-8602.307734 -2675.048260 -9624.586471
-8603.998264 -2675.405000 -9625.593867
-8605.688794 -2675.761740 -9626.601262
-8607.379324 -2676.118479 -9627.608658
-8609.069853 -2676.475219 -9628.616053
-8610.760383 -2676.831959 -9629.623448
-8612.450913 -2677.188699 -9630.630844
-8614.141443 -2677.545439 -9631.638239
-8615.831973 -2677.902178 -9632.645635
-8617.522503 -2678.258918 -9633.653030
-8619.213033 -2678.615658 -9634.660426
-8620.903562 -2678.972398 -9635.667821
-8622.594092 -2679.329138 -9636.675216
-8624.284622 -2679.685877 -9637.682612
-8625.975152 -2680.042617 -9638.690007
-8627.665682 -2680.399357 -9639.697403
-8629.356212 -2680.756097 -9640.704798
-8631.046741 -2681.112837 -9641.712194
-8632.737271 -2681.469576 -9642.719589
-8634.427801 -2681.826316 -9643.726985
-8636.118331 -2682.183056 -9644.734380
-8637.808861 -2682.539796 -9645.741775
-8639.499391 -2682.896536 -9646.749171
-8641.189920 -2683.253275 -9647.756566
-8642.880450 -2683.610015 -9648.763962
-8644.570980 -2683.966755 -9649.771357
-8646.261510 -2684.323495 -9650.778753
-8647.952040 -2684.680235 -9651.786148
-8649.642570 -2685.036974 -9652.793543
-8651.333099 -2685.393714 -9653.800939
-8653.023629 -2685.750454 -9654.808334
-8654.714159 -2686.107194 -9655.815730
-8656.404689 -2686.463934 -9656.823125
-8658.095219 -2686.820673 -9657.830521
-8659.785749 -2687.177413 -9658.837916
-8661.476279 -2687.534153 -9659.845312
-8663.166808 -2687.890893 -9660.852707
-8664.857338 -2688.247633 -9661.860102
-8666.547868 -2688.604372 -9662.867498
-8668.238398 -2688.961112 -9663.874893
-8669.928928 -2689.317852 -9664.882289
-8671.619458 -2689.674592 -9665.889684
-8673.309987 -2690.031332 -9666.897080
-8675.000517 -2690.388071 -9667.904475
-8676.691047 -2690.744811 -9668.911871
-8678.381577 -2691.101551 -9669.919266
-8680.072107 -2691.458291 -9670.926661
-8681.762637 -2691.815031 -9671.934057
-8683.453166 -2692.171770 -9672.941452
-8685.143696 -2692.528510 -9673.948848
-8686.834226 -2692.885250 -9674.956243
-8688.524756 -2693.241990 -9675.963639
-8690.215286 -2693.598730 -9676.971034
-8691.905816 -2693.955469 -9677.978429
-8693.596346 -2694.312209 -9678.985825
-8695.286875 -2694.668949 -9679.993220
-8696.977405 -2695.025689 -9681.000616
-8698.667935 -2695.382429 -9682.008011
-8700.358465 -2695.739168 -9683.015407
-8702.048995 -2696.095908 -9684.022802
-8703.739525 -2696.452648 -9685.030198
-8705.430054 -2696.809388 -9686.037593
-8707.120584 -2697.166128 -9687.044988
-8708.811114 -2697.522867 -9688.052384
-8710.501644 -2697.879607 -9689.059779
-8712.192174 -2698.236347 -9690.067175
-8713.882704 -2698.593087 -9691.074570
-8715.573233 -2698.949827 -9692.081966
-8717.263763 -2699.306566 -9693.089361
-8718.954293 -2699.663306 -9694.096757
-8720.644823 -2700.020046 -9695.104152
-8722.335353 -2700.376786 -9696.111547
-8724.025883 -2700.733526 -9697.118943
-8725.716413 -2701.090265 -9698.126338
-8727.406942 -2701.447005 -9699.133734
-8729.097472 -2701.803745 -9700.141129
-8730.788002 -2702.160485 -9701.148525
-8732.478532 -2702.517225 -9702.155920
-8734.169062 -2702.873964 -9703.163315
-8735.859592 -2703.230704 -9704.170711
-8737.550121 -2703.587444 -9705.178106
-8739.240651 -2703.944184 -9706.185502
-8740.931181 -2704.300924 -9707.192897
-8742.621711 -2704.657663 -9708.200293
-8744.312241 -2705.014403 -9709.207688
-8746.002771 -2705.371143 -9710.215084
-8747.693300 -2705.727883 -9711.222479
-8749.383830 -2706.084623 -9712.229874
-8751.074360 -2706.441362 -9713.237270
-8752.764890 -2706.798102 -9714.244665
-8754.455420 -2707.154842 -9715.252061
-8756.145950 -2707.511582 -9716.259456
-8757.836479 -2707.868322 -9717.266852
-8759.527009 -2708.225061 -9718.274247
-8761.217539 -2708.581801 -9719.281642
-8762.908069 -2708.938541 -9720.289038
-8764.598599 -2709.295281 -9721.296433
-8766.289129 -2709.652021 -9722.303829
-8767.979659 -2710.008760 -9723.311224
-8769.670188 -2710.365500 -9724.318620
-8771.360718 -2710.722240 -9725.326015
-8773.051248 -2711.078980 -9726.333411
-8774.741778 -2711.435720 -9727.340806
-8776.432308 -2711.792459 -9728.348201
-8778.122838 -2712.149199 -9729.355597
-8779.813367 -2712.505939 -9730.362992
-8781.503897 -2712.862679 -9731.370388
-8783.194427 -2713.219419 -9732.377783
-8784.884957 -2713.576158 -9733.385179
-8786.575487 -2713.932898 -9734.392574
-8788.266017 -2714.289638 -9735.399970
-8789.956546 -2714.646378 -9736.407365
-8791.647076 -2715.003118 -9737.414760
-8793.337606 -2715.359857 -9738.422156
-8795.028136 -2715.716597 -9739.429551
-8796.718666 -2716.073337 -9740.436947
-8798.409196 -2716.430077 -9741.444342
-8800.099726 -2716.786817 -9742.451738
-8801.790255 -2717.143556 -9743.459133
-8803.480785 -2717.500296 -9744.466528
-8805.171315 -2717.857036 -9745.473924
-8806.861845 -2718.213776 -9746.481319
-8808.552375 -2718.570516 -9747.488715
-8810.242905 -2718.927255 -9748.496110
-8811.933434 -2719.283995 -9749.503506
-8813.623964 -2719.640735 -9750.510901
-8815.314494 -2719.997475 -9751.518297
-8817.005024 -2720.354215 -9752.525692
-8818.695554 -2720.710954 -9753.533087
-8820.386084 -2721.067694 -9754.540483
-8822.076613 -2721.424434 -9755.547878
-8823.767143 -2721.781174 -9756.555274
-8825.457673 -2722.137914 -9757.562669
-8827.148203 -2722.494653 -9758.570065
-8828.838733 -2722.851393 -9759.577460
-8830.529263 -2723.208133 -9760.584855
-8832.219793 -2723.564873 -9761.592251
-8833.910322 -2723.921613 -9762.599646
-8835.600852 -2724.278352 -9763.607042
-8837.291382 -2724.635092 -9764.614437
-8838.981912 -2724.991832 -9765.621833
-8840.672442 -2725.348572 -9766.629228
-8842.362972 -2725.705312 -9767.636624
-8844.053501 -2726.062051 -9768.644019
-8845.744031 -2726.418791 -9769.651414
-8847.434561 -2726.775531 -9770.658810
-8849.125091 -2727.132271 -9771.666205
-8850.815621 -2727.489011 -9772.673601
-8852.506151 -2727.845750 -9773.680996
-8854.196680 -2728.202490 -9774.688392
-8855.887210 -2728.559230 -9775.695787
-8857.577740 -2728.915970 -9776.703183
-8859.268270 -2729.272710 -9777.710578
-8860.958800 -2729.629449 -9778.717973
-8862.649330 -2729.986189 -9779.725369
-8864.339859 -2730.342929 -9780.732764
-8866.030389 -2730.699669 -9781.740160
-8867.720919 -2731.056409 -9782.747555
-8869.411449 -2731.413148 -9783.754951
-8871.101979 -2731.769888 -9784.762346
-8872.792509 -2732.126628 -9785.769741
-8874.483039 -2732.483368 -9786.777137
-8876.173568 -2732.840108 -9787.784532
-8877.864098 -2733.196847 -9788.791928
-8879.554628 -2733.553587 -9789.799323
-8881.245158 -2733.910327 -9790.806719
-8882.935688 -2734.267067 -9791.814114
-8884.626218 -2734.623807 -9792.821510
-8886.316747 -2734.980546 -9793.828905
-8888.007277 -2735.337286 -9794.836300
-8889.697807 -2735.694026 -9795.843696
-8891.388337 -2736.050766 -9796.851091
-8893.078867 -2736.407506 -9797.858487
-8894.769397 -2736.764245 -9798.865882
-8896.459926 -2737.120985 -9799.873278
-8898.150456 -2737.477725 -9800.880673
-8899.840986 -2737.834465 -9801.888068
-8901.531516 -2738.191205 -9802.895464
-8903.222046 -2738.547944 -9803.902859
-8904.912576 -2738.904684 -9804.910255
-8906.603106 -2739.261424 -9805.917650
-8908.293635 -2739.618164 -9806.925046
-8909.984165 -2739.974904 -9807.932441
-8911.674695 -2740.331643 -9808.939837
-8913.365225 -2740.688383 -9809.947232
-8915.055755 -2741.045123 -9810.954627
-8916.746285 -2741.401863 -9811.962023
-8918.436814 -2741.758603 -9812.969418
-8920.127344 -2742.115342 -9813.976814
-8921.817874 -2742.472082 -9814.984209
-8923.508404 -2742.828822 -9815.991605
-8925.198934 -2743.185562 -9816.999000
-8926.889464 -2743.542302 -9818.006396
-8928.579993 -2743.899041 -9819.013791
-8930.270523 -2744.255781 -9820.021186
-8931.961053 -2744.612521 -9821.028582
-8933.651583 -2744.969261 -9822.035977
-8935.342113 -2745.326001 -9823.043373
-8937.032643 -2745.682740 -9824.050768
-8938.723173 -2746.039480 -9825.058164
-8940.413702 -2746.396220 -9826.065559
-8942.104232 -2746.752960 -9827.072954
-8943.794762 -2747.109700 -9828.080350
-8945.485292 -2747.466439 -9829.087745
-8947.175822 -2747.823179 -9830.095141
-8948.866352 -2748.179919 -9831.102536
-8950.556881 -2748.536659 -9832.109932
-8952.247411 -2748.893399 -9833.117327
-8953.937941 -2749.250138 -9834.124723
-8955.628471 -2749.606878 -9835.132118
-8957.319001 -2749.963618 -9836.139513
-8959.009531 -2750.320358 -9837.146909
-8960.700060 -2750.677098 -9838.154304
-8962.390590 -2751.033837 -9839.161700
-8964.081120 -2751.390577 -9840.169095
-8965.771650 -2751.747317 -9841.176491
-8967.462180 -2752.104057 -9842.183886
-8969.152710 -2752.460797 -9843.191281
-8970.843240 -2752.817536 -9844.198677
-8972.533769 -2753.174276 -9845.206072
-8974.224299 -2753.531016 -9846.213468
-8975.914829 -2753.887756 -9847.220863
-8977.605359 -2754.244496 -9848.228259
-8979.295889 -2754.601235 -9849.235654
-8980.986419 -2754.957975 -9850.243050
-8982.676948 -2755.314715 -9851.250445
-8984.367478 -2755.671455 -9852.257840
-8986.058008 -2756.028195 -9853.265236
-8987.748538 -2756.384934 -9854.272631
-8989.439068 -2756.741674 -9855.280027
-8991.129598 -2757.098414 -9856.287422
-8992.820127 -2757.455154 -9857.294818
-8994.510657 -2757.811894 -9858.302213
-8996.201187 -2758.168633 -9859.309609
-8997.891717 -2758.525373 -9860.317004
-8999.582247 -2758.882113 -9861.324399
-9001.272777 -2759.238853 -9862.331795
-9002.963306 -2759.595593 -9863.339190
-9004.653836 -2759.952332 -9864.346586
-9006.344366 -2760.309072 -9865.353981
-9008.034896 -2760.665812 -9866.361377
-9009.725426 -2761.022552 -9867.368772
-9011.415956 -2761.379292 -9868.376167
-9013.106486 -2761.736031 -9869.383563
-9014.797015 -2762.092771 -9870.390958
-9016.487545 -2762.449511 -9871.398354
-9018.178075 -2762.806251 -9872.405749
-9019.868605 -2763.162991 -9873.413145
-9021.559135 -2763.519730 -9874.420540
-9023.249665 -2763.876470 -9875.427936
-9024.940194 -2764.233210 -9876.435331
-9026.630724 -2764.589950 -9877.442726
-9028.321254 -2764.946690 -9878.450122
-9030.011784 -2765.303429 -9879.457517
-9031.702314 -2765.660169 -9880.464913
-9033.392844 -2766.016909 -9881.472308
-9035.083373 -2766.373649 -9882.479704
-9036.773903 -2766.730389 -9883.487099
-9038.464433 -2767.087128 -9884.494494
-9040.154963 -2767.443868 -9885.501890
-9041.845493 -2767.800608 -9886.509285
-9043.536023 -2768.157348 -9887.516681
-9045.226553 -2768.514088 -9888.524076
-9046.917082 -2768.870827 -9889.531472
-9048.607612 -2769.227567 -9890.538867
-9050.298142 -2769.584307 -9891.546263
-9051.988672 -2769.941047 -9892.553658
-9053.679202 -2770.297787 -9893.561053
-9055.369732 -2770.654526 -9894.568449
-9057.060261 -2771.011266 -9895.575844
-9058.750791 -2771.368006 -9896.583240
-9060.441321 -2771.724746 -9897.590635
-9062.131851 -2772.081486 -9898.598031
-9063.822381 -2772.438225 -9899.605426
-9065.512911 -2772.794965 -9900.612822
-9067.203440 -2773.151705 -9901.620217
-9068.893970 -2773.508445 -9902.627612
-9070.584500 -2773.865185 -9903.635008
-9072.275030 -2774.221924 -9904.642403
-9073.965560 -2774.578664 -9905.649799
-9075.656090 -2774.935404 -9906.657194
-9077.346620 -2775.292144 -9907.664590
-9079.037149 -2775.648884 -9908.671985
-9080.727679 -2776.005623 -9909.679380
-9082.418209 -2776.362363 -9910.686776
-9084.108739 -2776.719103 -9911.694171
-9085.799269 -2777.075843 -9912.701567
-9087.489799 -2777.432583 -9913.708962
-9089.180328 -2777.789322 -9914.716358
-9090.870858 -2778.146062 -9915.723753
-9092.561388 -2778.502802 -9916.731149
-9094.251918 -2778.859542 -9917.738544
-9095.942448 -2779.216282 -9918.745939
-9097.632978 -2779.573021 -9919.753335
-9099.323507 -2779.929761 -9920.760730
-9101.014037 -2780.286501 -9921.768126
-9102.704567 -2780.643241 -9922.775521
-9104.395097 -2780.999981 -9923.782917
-9106.085627 -2781.356720 -9924.790312
-9107.776157 -2781.713460 -9925.797707
-9109.466686 -2782.070200 -9926.805103
-9111.157216 -2782.426940 -9927.812498
-9112.847746 -2782.783680 -9928.819894
-9114.538276 -2783.140419 -9929.827289
-9116.228806 -2783.497159 -9930.834685
-9117.919336 -2783.853899 -9931.842080
-9119.609866 -2784.210639 -9932.849476
-9121.300395 -2784.567379 -9933.856871
-9122.990925 -2784.924118 -9934.864266
-9124.681455 -2785.280858 -9935.871662
-9126.371985 -2785.637598 -9936.879057
-9128.062515 -2785.994338 -9937.886453
-9129.753045 -2786.351078 -9938.893848
-9131.443574 -2786.707817 -9939.901244
-9133.134104 -2787.064557 -9940.908639
-9134.824634 -2787.421297 -9941.916035
-9136.515164 -2787.778037 -9942.923430
-9138.205694 -2788.134777 -9943.930825
-9139.896224 -2788.491516 -9944.938221
-9141.586753 -2788.848256 -9945.945616
-9143.277283 -2789.204996 -9946.953012
-9144.967813 -2789.561736 -9947.960407
-9146.658343 -2789.918476 -9948.967803
-9148.348873 -2790.275215 -9949.975198
-9150.039403 -2790.631955 -9950.982593
-9151.729933 -2790.988695 -9951.989989
-9153.420462 -2791.345435 -9952.997384
-9155.110992 -2791.702175 -9954.004780
-9156.801522 -2792.058914 -9955.012175
-9158.492052 -2792.415654 -9956.019571
-9160.182582 -2792.772394 -9957.026966
-9161.873112 -2793.129134 -9958.034362
-9163.563641 -2793.485874 -9959.041757
-9165.254171 -2793.842613 -9960.049152
-9166.944701 -2794.199353 -9961.056548
-9168.635231 -2794.556093 -9962.063943
-9170.325761 -2794.912833 -9963.071339
-9172.016291 -2795.269573 -9964.078734
-9173.706820 -2795.626312 -9965.086130
-9175.397350 -2795.983052 -9966.093525
-9177.087880 -2796.339792 -9967.100921
-9178.778410 -2796.696532 -9968.108316
-9180.468940 -2797.053272 -9969.115711
-9182.159470 -2797.410011 -9970.123107
-9183.850000 -2797.766751 -9971.130502
-9185.540529 -2798.123491 -9972.137898
-9187.231059 -2798.480231 -9973.145293
-9188.921589 -2798.836971 -9974.152689
-9190.612119 -2799.193710 -9975.160084
-9192.302649 -2799.550450 -9976.167479
-9193.993179 -2799.907190 -9977.174875
-9195.683708 -2800.263930 -9978.182270
-9197.374238 -2800.620670 -9979.189666
-9199.064768 -2800.977409 -9980.197061
-9200.755298 -2801.334149 -9981.204457
-9202.445828 -2801.690889 -9982.211852
-9204.136358 -2802.047629 -9983.219248
-9205.826887 -2802.404369 -9984.226643
-9207.517417 -2802.761108 -9985.234038
-9209.207947 -2803.117848 -9986.241434
-9210.898477 -2803.474588 -9987.248829
-9212.589007 -2803.831328 -9988.256225
-9214.279537 -2804.188068 -9989.263620
-9215.970067 -2804.544807 -9990.271016
-9217.660596 -2804.901547 -9991.278411
-9219.351126 -2805.258287 -9992.285806
-9221.041656 -2805.615027 -9993.293202
-9222.732186 -2805.971767 -9994.300597
-9224.422716 -2806.328506 -9995.307993
-9226.113246 -2806.685246 -9996.315388
-9227.803775 -2807.041986 -9997.322784
-9229.494305 -2807.398726 -9998.330179
-9231.184835 -2807.755466 -9999.337575
-9232.875365 -2808.112205 -10000.344970
-9234.565895 -2808.468945 -10001.352365
-9236.256425 -2808.825685 -10002.359761
-9237.946954 -2809.182425 -10003.367156
-9239.637484 -2809.539165 -10004.374552
-9241.328014 -2809.895904 -10005.381947
-9243.018544 -2810.252644 -10006.389343
-9244.709074 -2810.609384 -10007.396738
-9246.399604 -2810.966124 -10008.404134
-9248.090133 -2811.322864 -10009.411529
-9249.780663 -2811.679603 -10010.418924
-9251.471193 -2812.036343 -10011.426320
-9253.161723 -2812.393083 -10012.433715
-9254.852253 -2812.749823 -10013.441111
-9256.542783 -2813.106563 -10014.448506
-9258.233313 -2813.463302 -10015.455902
-9259.923842 -2813.820042 -10016.463297
-9261.614372 -2814.176782 -10017.470692
-9263.304902 -2814.533522 -10018.478088
-9264.995432 -2814.890262 -10019.485483
-9266.685962 -2815.247001 -10020.492879
-9268.376492 -2815.603741 -10021.500274
-9270.067021 -2815.960481 -10022.507670
-9271.757551 -2816.317221 -10023.515065
-9273.448081 -2816.673961 -10024.522461
-9275.138611 -2817.030700 -10025.529856
-9276.829141 -2817.387440 -10026.537251
-9278.519671 -2817.744180 -10027.544647
-9280.210200 -2818.100920 -10028.552042
-9281.900730 -2818.457660 -10029.559438
-9283.591260 -2818.814399 -10030.566833
-9285.281790 -2819.171139 -10031.574229
-9286.972320 -2819.527879 -10032.581624
-9288.662850 -2819.884619 -10033.589019
-9290.353380 -2820.241359 -10034.596415
-9292.043909 -2820.598098 -10035.603810
-9293.734439 -2820.954838 -10036.611206
-9295.424969 -2821.311578 -10037.618601
-9297.115499 -2821.668318 -10038.625997
-9298.806029 -2822.025058 -10039.633392
-9300.496559 -2822.381797 -10040.640788
-9302.187088 -2822.738537 -10041.648183
-9303.877618 -2823.095277 -10042.655578
-9305.568148 -2823.452017 -10043.662974
-9307.258678 -2823.808757 -10044.670369
-9308.949208 -2824.165496 -10045.677765
-9310.639738 -2824.522236 -10046.685160
-9312.330267 -2824.878976 -10047.692556
-9314.020797 -2825.235716 -10048.699951
-9315.711327 -2825.592456 -10049.707347
-9317.401857 -2825.949195 -10050.714742
-9319.092387 -2826.305935 -10051.722137
-9320.782917 -2826.662675 -10052.729533
-9322.473447 -2827.019415 -10053.736928
-9324.163976 -2827.376155 -10054.744324
-9325.854506 -2827.732894 -10055.751719
-9327.545036 -2828.089634 -10056.759115
-9329.235566 -2828.446374 -10057.766510
-9330.926096 -2828.803114 -10058.773905
-9332.616626 -2829.159854 -10059.781301
-9334.307155 -2829.516593 -10060.788696
-9335.997685 -2829.873333 -10061.796092
-9337.688215 -2830.230073 -10062.803487
-9339.378745 -2830.586813 -10063.810883
-9341.069275 -2830.943553 -10064.818278
-9342.759805 -2831.300292 -10065.825674
-9344.450334 -2831.657032 -10066.833069
-9346.140864 -2832.013772 -10067.840464
-9347.831394 -2832.370512 -10068.847860
-9349.521924 -2832.727252 -10069.855255
-9351.212454 -2833.083991 -10070.862651
-9352.902984 -2833.440731 -10071.870046
-9354.593513 -2833.797471 -10072.877442
-9356.284043 -2834.154211 -10073.884837
-9357.974573 -2834.510951 -10074.892232
-9359.665103 -2834.867690 -10075.899628
-9361.355633 -2835.224430 -10076.907023
-9363.046163 -2835.581170 -10077.914419
-9364.736693 -2835.937910 -10078.921814
-9366.427222 -2836.294650 -10079.929210
-9368.117752 -2836.651389 -10080.936605
-9369.808282 -2837.008129 -10081.944001
-9371.498812 -2837.364869 -10082.951396
-9373.189342 -2837.721609 -10083.958791
-9374.879872 -2838.078349 -10084.966187
-9376.570401 -2838.435088 -10085.973582
-9378.260931 -2838.791828 -10086.980978
-9379.951461 -2839.148568 -10087.988373
-9381.641991 -2839.505308 -10088.995769
-9383.332521 -2839.862048 -10090.003164
-9385.023051 -2840.218787 -10091.010560
-9386.713580 -2840.575527 -10092.017955
-9388.404110 -2840.932267 -10093.025350
-9390.094640 -2841.289007 -10094.032746
-9391.785170 -2841.645747 -10095.040141
-9393.475700 -2842.002486 -10096.047537
-9395.166230 -2842.359226 -10097.054932
-9396.856760 -2842.715966 -10098.062328
-9398.547289 -2843.072706 -10099.069723
-9400.237819 -2843.429446 -10100.077118
-9401.928349 -2843.786185 -10101.084514
-9403.618879 -2844.142925 -10102.091909
-9405.309409 -2844.499665 -10103.099305
-9406.999939 -2844.856405 -10104.106700
-9408.690468 -2845.213145 -10105.114096
-9410.380998 -2845.569884 -10106.121491
-9412.071528 -2845.926624 -10107.128887
-9413.762058 -2846.283364 -10108.136282
-9415.452588 -2846.640104 -10109.143677
-9417.143118 -2846.996844 -10110.151073
-9418.833647 -2847.353583 -10111.158468
-9420.524177 -2847.710323 -10112.165864
-9422.214707 -2848.067063 -10113.173259
-9423.905237 -2848.423803 -10114.180655
-9425.595767 -2848.780543 -10115.188050
-9427.286297 -2849.137282 -10116.195445
-9428.976827 -2849.494022 -10117.202841
-9430.667356 -2849.850762 -10118.210236
-9432.357886 -2850.207502 -10119.217632
-9434.048416 -2850.564242 -10120.225027
-9435.738946 -2850.920981 -10121.232423
-9437.429476 -2851.277721 -10122.239818
-9439.120006 -2851.634461 -10123.247214
-9440.810535 -2851.991201 -10124.254609
-9442.501065 -2852.347941 -10125.262004
-9444.191595 -2852.704680 -10126.269400
-9445.882125 -2853.061420 -10127.276795
-9447.572655 -2853.418160 -10128.284191
-9449.263185 -2853.774900 -10129.291586
-9450.953714 -2854.131640 -10130.298982
-9452.644244 -2854.488379 -10131.306377
-9454.334774 -2854.845119 -10132.313773
-9456.025304 -2855.201859 -10133.321168
-9457.715834 -2855.558599 -10134.328563
-9459.406364 -2855.915339 -10135.335959
-9461.096893 -2856.272078 -10136.343354
-9462.787423 -2856.628818 -10137.350750
-9464.477953 -2856.985558 -10138.358145
-9466.168483 -2857.342298 -10139.365541
-9467.859013 -2857.699038 -10140.372936
-9469.549543 -2858.055777 -10141.380331
-9471.240073 -2858.412517 -10142.387727
-9472.930602 -2858.769257 -10143.395122
-9474.621132 -2859.125997 -10144.402518
-9476.311662 -2859.482737 -10145.409913
-9478.002192 -2859.839476 -10146.417309
-9479.692722 -2860.196216 -10147.424704
-9481.383252 -2860.552956 -10148.432100
-9483.073781 -2860.909696 -10149.439495
-9484.764311 -2861.266436 -10150.446890
-9486.454841 -2861.623175 -10151.454286
-9488.145371 -2861.979915 -10152.461681
-9489.835901 -2862.336655 -10153.469077
-9491.526431 -2862.693395 -10154.476472
-9493.216960 -2863.050135 -10155.483868
-9494.907490 -2863.406874 -10156.491263
-9496.598020 -2863.763614 -10157.498658
-9498.288550 -2864.120354 -10158.506054
-9499.979080 -2864.477094 -10159.513449
-9501.669610 -2864.833834 -10160.520845
-9503.360140 -2865.190573 -10161.528240
-9505.050669 -2865.547313 -10162.535636
-9506.741199 -2865.904053 -10163.543031
-9508.431729 -2866.260793 -10164.550427
-9510.122259 -2866.617533 -10165.557822
-9511.812789 -2866.974272 -10166.565217
-9513.503319 -2867.331012 -10167.572613
-9515.193848 -2867.687752 -10168.580008
-9516.884378 -2868.044492 -10169.587404
-9518.574908 -2868.401232 -10170.594799
-9520.265438 -2868.757971 -10171.602195
-9521.955968 -2869.114711 -10172.609590
-9523.646498 -2869.471451 -10173.616986
-9525.337027 -2869.828191 -10174.624381
-9527.027557 -2870.184931 -10175.631776
-9528.718087 -2870.541670 -10176.639172
-9530.408617 -2870.898410 -10177.646567
-9532.099147 -2871.255150 -10178.653963
-9533.789677 -2871.611890 -10179.661358
-9535.480207 -2871.968630 -10180.668754
-9537.170736 -2872.325369 -10181.676149
-9538.861266 -2872.682109 -10182.683544
-9540.551796 -2873.038849 -10183.690940
-9542.242326 -2873.395589 -10184.698335
-9543.932856 -2873.752329 -10185.705731
-9545.623386 -2874.109068 -10186.713126
-9547.313915 -2874.465808 -10187.720522
-9549.004445 -2874.822548 -10188.727917
-9550.694975 -2875.179288 -10189.735313
-9552.385505 -2875.536028 -10190.742708
-9554.076035 -2875.892767 -10191.750103
-9555.766565 -2876.249507 -10192.757499
-9557.457094 -2876.606247 -10193.764894
-9559.147624 -2876.962987 -10194.772290
-9560.838154 -2877.319727 -10195.779685
-9562.528684 -2877.676466 -10196.787081
-9564.219214 -2878.033206 -10197.794476
-9565.909744 -2878.389946 -10198.801871
-9567.600274 -2878.746686 -10199.809267
-9569.290803 -2879.103426 -10200.816662
-9570.981333 -2879.460165 -10201.824058
-9572.671863 -2879.816905 -10202.831453
-9574.362393 -2880.173645 -10203.838849
-9576.052923 -2880.530385 -10204.846244
-9577.743453 -2880.887125 -10205.853640
-9579.433982 -2881.243864 -10206.861035
-9581.124512 -2881.600604 -10207.868430
-9582.815042 -2881.957344 -10208.875826
-9584.505572 -2882.314084 -10209.883221
-9586.196102 -2882.670824 -10210.890617
-9587.886632 -2883.027563 -10211.898012
-9589.577161 -2883.384303 -10212.905408
-9591.267691 -2883.741043 -10213.912803
-9592.958221 -2884.097783 -10214.920199
-9594.648751 -2884.454523 -10215.927594
-9596.339281 -2884.811262 -10216.934989
-9598.029811 -2885.168002 -10217.942385
-9599.720340 -2885.524742 -10218.949780
-9601.410870 -2885.881482 -10219.957176
-9603.101400 -2886.238222 -10220.964571
-9604.791930 -2886.594961 -10221.971967
-9606.482460 -2886.951701 -10222.979362
-9608.172990 -2887.308441 -10223.986757
-9609.863520 -2887.665181 -10224.994153
-9611.554049 -2888.021921 -10226.001548
-9613.244579 -2888.378660 -10227.008944
-9614.935109 -2888.735400 -10228.016339
-9616.625639 -2889.092140 -10229.023735
-9618.316169 -2889.448880 -10230.031130
-9620.006699 -2889.805619 -10231.038526
-9621.697228 -2890.162359 -10232.045921
-9623.387758 -2890.519099 -10233.053316
-9625.078288 -2890.875839 -10234.060712
-9626.768818 -2891.232579 -10235.068107
-9628.459348 -2891.589318 -10236.075503
-9630.149878 -2891.946058 -10237.082898
-9631.840407 -2892.302798 -10238.090294
-9633.530937 -2892.659538 -10239.097689
-9635.221467 -2893.016278 -10240.105085
-9636.911997 -2893.373017 -10241.112480
-9638.602527 -2893.729757 -10242.119875
-9640.293057 -2894.086497 -10243.127271
-9641.983587 -2894.443237 -10244.134666
-9643.674116 -2894.799977 -10245.142062
-9645.364646 -2895.156716 -10246.149457
-9647.055176 -2895.513456 -10247.156853
-9648.745706 -2895.870196 -10248.164248
-9650.436236 -2896.226936 -10249.171643
-9652.126766 -2896.583676 -10250.179039
-9653.817295 -2896.940415 -10251.186434
-9655.507825 -2897.297155 -10252.193830
-9657.198355 -2897.653895 -10253.201225
-9658.888885 -2898.010635 -10254.208621
-9660.579415 -2898.367375 -10255.216016
-9662.269945 -2898.724114 -10256.223412
-9663.960474 -2899.080854 -10257.230807
-9665.651004 -2899.437594 -10258.238202
-9667.341534 -2899.794334 -10259.245598
-9669.032064 -2900.151074 -10260.252993
-9670.722594 -2900.507813 -10261.260389
-9672.413124 -2900.864553 -10262.267784
-9674.103654 -2901.221293 -10263.275180
-9675.794183 -2901.578033 -10264.282575
-9677.484713 -2901.934773 -10265.289970
-9679.175243 -2902.291512 -10266.297366
-9680.865773 -2902.648252 -10267.304761
-9682.556303 -2903.004992 -10268.312157
-9684.246833 -2903.361732 -10269.319552
-9685.937362 -2903.718472 -10270.326948
-9687.627892 -2904.075211 -10271.334343
-9689.318422 -2904.431951 -10272.341739
-9691.008952 -2904.788691 -10273.349134
-9692.699482 -2905.145431 -10274.356529
-9694.390012 -2905.502171 -10275.363925
-9696.080541 -2905.858910 -10276.371320
-9697.771071 -2906.215650 -10277.378716
-9699.461601 -2906.572390 -10278.386111
-9701.152131 -2906.929130 -10279.393507
-9702.842661 -2907.285870 -10280.400902
-9704.533191 -2907.642609 -10281.408298
-9706.223720 -2907.999349 -10282.415693
-9707.914250 -2908.356089 -10283.423088
-9709.604780 -2908.712829 -10284.430484
-9711.295310 -2909.069569 -10285.437879
-9712.985840 -2909.426308 -10286.445275
-9714.676370 -2909.783048 -10287.452670
-9716.366900 -2910.139788 -10288.460066
-9718.057429 -2910.496528 -10289.467461
-9719.747959 -2910.853268 -10290.474856
-9721.438489 -2911.210007 -10291.482252
-9723.129019 -2911.566747 -10292.489647
-9724.819549 -2911.923487 -10293.497043
-9726.510079 -2912.280227 -10294.504438
-9728.200608 -2912.636967 -10295.511834
-9729.891138 -2912.993706 -10296.519229
-9731.581668 -2913.350446 -10297.526625
-9733.272198 -2913.707186 -10298.534020
-9734.962728 -2914.063926 -10299.541415
-9736.653258 -2914.420666 -10300.548811
-9738.343787 -2914.777405 -10301.556206
-9740.034317 -2915.134145 -10302.563602
-9741.724847 -2915.490885 -10303.570997
-9743.415377 -2915.847625 -10304.578393
-9745.105907 -2916.204365 -10305.585788
-9746.796437 -2916.561104 -10306.593183
-9748.486967 -2916.917844 -10307.600579
-9750.177496 -2917.274584 -10308.607974
-9751.868026 -2917.631324 -10309.615370
-9753.558556 -2917.988064 -10310.622765
-9755.249086 -2918.344803 -10311.630161
-9756.939616 -2918.701543 -10312.637556
-9758.630146 -2919.058283 -10313.644952
-9760.320675 -2919.415023 -10314.652347
-9762.011205 -2919.771763 -10315.659742
-9763.701735 -2920.128502 -10316.667138
-9765.392265 -2920.485242 -10317.674533
-9767.082795 -2920.841982 -10318.681929
-9768.773325 -2921.198722 -10319.689324
-9770.463854 -2921.555462 -10320.696720
-9772.154384 -2921.912201 -10321.704115
-9773.844914 -2922.268941 -10322.711511
-9775.535444 -2922.625681 -10323.718906
-9777.225974 -2922.982421 -10324.726301
-9778.916504 -2923.339161 -10325.733697
-9780.607034 -2923.695900 -10326.741092
-9782.297563 -2924.052640 -10327.748488
-9783.988093 -2924.409380 -10328.755883
-9785.678623 -2924.766120 -10329.763279
-9787.369153 -2925.122860 -10330.770674
-9789.059683 -2925.479599 -10331.778069
-9790.750213 -2925.836339 -10332.785465
-9792.440742 -2926.193079 -10333.792860
-9794.131272 -2926.549819 -10334.800256
-9795.821802 -2926.906559 -10335.807651
-9797.512332 -2927.263298 -10336.815047
-9799.202862 -2927.620038 -10337.822442
-9800.893392 -2927.976778 -10338.829838
-9802.583921 -2928.333518 -10339.837233
-9804.274451 -2928.690258 -10340.844628
-9805.964981 -2929.046997 -10341.852024
-9807.655511 -2929.403737 -10342.859419
-9809.346041 -2929.760477 -10343.866815
-9811.036571 -2930.117217 -10344.874210
-9812.727101 -2930.473957 -10345.881606
-9814.417630 -2930.830696 -10346.889001
-9816.108160 -2931.187436 -10347.896396
-9817.798690 -2931.544176 -10348.903792
-9819.489220 -2931.900916 -10349.911187
-9821.179750 -2932.257656 -10350.918583
-9822.870280 -2932.614395 -10351.925978
-9824.560809 -2932.971135 -10352.933374
-9826.251339 -2933.327875 -10353.940769
-9827.941869 -2933.684615 -10354.948165
-9829.632399 -2934.041355 -10355.955560
-9831.322929 -2934.398094 -10356.962955
-9833.013459 -2934.754834 -10357.970351
-9834.703988 -2935.111574 -10358.977746
-9836.394518 -2935.468314 -10359.985142
-9838.085048 -2935.825054 -10360.992537
-9839.775578 -2936.181793 -10361.999933
-9841.466108 -2936.538533 -10363.007328
-9843.156638 -2936.895273 -10364.014724
-9844.847167 -2937.252013 -10365.022119
-9846.537697 -2937.608753 -10366.029514
-9848.228227 -2937.965492 -10367.036910
-9849.918757 -2938.322232 -10368.044305
-9851.609287 -2938.678972 -10369.051701
-9853.299817 -2939.035712 -10370.059096
-9854.990347 -2939.392452 -10371.066492
-9856.680876 -2939.749191 -10372.073887
-9858.371406 -2940.105931 -10373.081282
-9860.061936 -2940.462671 -10374.088678
-9861.752466 -2940.819411 -10375.096073
-9863.442996 -2941.176151 -10376.103469
-9865.133526 -2941.532890 -10377.110864
-9866.824055 -2941.889630 -10378.118260
-9868.514585 -2942.246370 -10379.125655
-9870.205115 -2942.603110 -10380.133051
-9871.895645 -2942.959850 -10381.140446
-9873.586175 -2943.316589 -10382.147841
-9875.276705 -2943.673329 -10383.155237
-9876.967234 -2944.030069 -10384.162632
-9878.657764 -2944.386809 -10385.170028
-9880.348294 -2944.743549 -10386.177423
-9882.038824 -2945.100288 -10387.184819
-9883.729354 -2945.457028 -10388.192214
-9885.419884 -2945.813768 -10389.199609
-9887.110414 -2946.170508 -10390.207005
-9888.800943 -2946.527248 -10391.214400
-9890.491473 -2946.883987 -10392.221796
-9892.182003 -2947.240727 -10393.229191
-9893.872533 -2947.597467 -10394.236587
-9895.563063 -2947.954207 -10395.243982
-9897.253593 -2948.310947 -10396.251378
-9898.944122 -2948.667686 -10397.258773
-9900.634652 -2949.024426 -10398.266168
-9902.325182 -2949.381166 -10399.273564
-9904.015712 -2949.737906 -10400.280959
-9905.706242 -2950.094646 -10401.288355
-9907.396772 -2950.451385 -10402.295750
-9909.087301 -2950.808125 -10403.303146
-9910.777831 -2951.164865 -10404.310541
-9912.468361 -2951.521605 -10405.317937
-9914.158891 -2951.878345 -10406.325332
-9915.849421 -2952.235084 -10407.332727
-9917.539951 -2952.591824 -10408.340123
-9919.230481 -2952.948564 -10409.347518
-9920.921010 -2953.305304 -10410.354914
-9922.611540 -2953.662044 -10411.362309
-9924.302070 -2954.018783 -10412.369705
-9925.992600 -2954.375523 -10413.377100
-9927.683130 -2954.732263 -10414.384495
-9929.373660 -2955.089003 -10415.391891
-9931.064189 -2955.445743 -10416.399286
-9932.754719 -2955.802482 -10417.406682
-9934.445249 -2956.159222 -10418.414077
-9936.135779 -2956.515962 -10419.421473
-9937.826309 -2956.872702 -10420.428868
-9939.516839 -2957.229442 -10421.436264
-9941.207368 -2957.586181 -10422.443659
-9942.897898 -2957.942921 -10423.451054
-9944.588428 -2958.299661 -10424.458450
-9946.278958 -2958.656401 -10425.465845
-9947.969488 -2959.013141 -10426.473241
-9949.660018 -2959.369880 -10427.480636
-9951.350547 -2959.726620 -10428.488032
-9953.041077 -2960.083360 -10429.495427
-9954.731607 -2960.440100 -10430.502822
-9956.422137 -2960.796840 -10431.510218
-9958.112667 -2961.153579 -10432.517613
-9959.803197 -2961.510319 -10433.525009
-9961.493727 -2961.867059 -10434.532404
-9963.184256 -2962.223799 -10435.539800
-9964.874786 -2962.580539 -10436.547195
-9966.565316 -2962.937278 -10437.554591
-9968.255846 -2963.294018 -10438.561986
-9969.946376 -2963.650758 -10439.569381
-9971.636906 -2964.007498 -10440.576777
-9973.327435 -2964.364238 -10441.584172
-9975.017965 -2964.720977 -10442.591568
-9976.708495 -2965.077717 -10443.598963
-9978.399025 -2965.434457 -10444.606359
-9980.089555 -2965.791197 -10445.613754
-9981.780085 -2966.147937 -10446.621150
-9983.470614 -2966.504676 -10447.628545
-9985.161144 -2966.861416 -10448.635940
-9986.851674 -2967.218156 -10449.643336
-9988.542204 -2967.574896 -10450.650731
-9990.232734 -2967.931636 -10451.658127
-9991.923264 -2968.288375 -10452.665522
-9993.613794 -2968.645115 -10453.672918
-9995.304323 -2969.001855 -10454.680313
-9996.994853 -2969.358595 -10455.687708
-9998.685383 -2969.715335 -10456.695104
-10000.375913 -2970.072074 -10457.702499
-10002.066443 -2970.428814 -10458.709895
-10003.756973 -2970.785554 -10459.717290
-10005.447502 -2971.142294 -10460.724686
-10007.138032 -2971.499034 -10461.732081
-10008.828562 -2971.855773 -10462.739477
-10010.519092 -2972.212513 -10463.746872
-10012.209622 -2972.569253 -10464.754267
-10013.900152 -2972.925993 -10465.761663
-10015.590681 -2973.282733 -10466.769058
-10017.281211 -2973.639472 -10467.776454
-10018.971741 -2973.996212 -10468.783849
-10020.662271 -2974.352952 -10469.791245
-10022.352801 -2974.709692 -10470.798640
-10024.043331 -2975.066432 -10471.806036
-10025.733861 -2975.423171 -10472.813431
-10027.424390 -2975.779911 -10473.820826
-10029.114920 -2976.136651 -10474.828222
-10030.805450 -2976.493391 -10475.835617
-10032.495980 -2976.850131 -10476.843013
-10034.186510 -2977.206870 -10477.850408
-10035.877040 -2977.563610 -10478.857804
-10037.567569 -2977.920350 -10479.865199
-10039.258099 -2978.277090 -10480.872594
-10040.948629 -2978.633830 -10481.879990
-10042.639159 -2978.990569 -10482.887385
-10044.329689 -2979.347309 -10483.894781
-10046.020219 -2979.704049 -10484.902176
-10047.710748 -2980.060789 -10485.909572
-10049.401278 -2980.417529 -10486.916967
-10051.091808 -2980.774268 -10487.924363
-10052.782338 -2981.131008 -10488.931758
-10054.472868 -2981.487748 -10489.939153
-10056.163398 -2981.844488 -10490.946549
-10057.853927 -2982.201228 -10491.953944
-10059.544457 -2982.557967 -10492.961340
-10061.234987 -2982.914707 -10493.968735
-10062.925517 -2983.271447 -10494.976131
-10064.616047 -2983.628187 -10495.983526
-10066.306577 -2983.984927 -10496.990921
-10067.997107 -2984.341666 -10497.998317
-10069.687636 -2984.698406 -10499.005712
-10071.378166 -2985.055146 -10500.013108
-10073.068696 -2985.411886 -10501.020503
-10074.759226 -2985.768626 -10502.027899
-10076.449756 -2986.125365 -10503.035294
-10078.140286 -2986.482105 -10504.042690
-10079.830815 -2986.838845 -10505.050085
-10081.521345 -2987.195585 -10506.057480
-10083.211875 -2987.552325 -10507.064876
-10084.902405 -2987.909064 -10508.072271
-10086.592935 -2988.265804 -10509.079667
-10088.283465 -2988.622544 -10510.087062
-10089.973994 -2988.979284 -10511.094458
-10091.664524 -2989.336024 -10512.101853
-10093.355054 -2989.692763 -10513.109249
-10095.045584 -2990.049503 -10514.116644
-10096.736114 -2990.406243 -10515.124039
-10098.426644 -2990.762983 -10516.131435
-10100.117174 -2991.119723 -10517.138830
-10101.807703 -2991.476462 -10518.146226
-10103.498233 -2991.833202 -10519.153621
-10105.188763 -2992.189942 -10520.161017
-10106.879293 -2992.546682 -10521.168412
-10108.569823 -2992.903422 -10522.175807
-10110.260353 -2993.260161 -10523.183203
-10111.950882 -2993.616901 -10524.190598
-10113.641412 -2993.973641 -10525.197994
-10115.331942 -2994.330381 -10526.205389
-10117.022472 -2994.687121 -10527.212785
-10118.713002 -2995.043860 -10528.220180
-10120.403532 -2995.400600 -10529.227576
-10122.094061 -2995.757340 -10530.234971
-10123.784591 -2996.114080 -10531.242366
-10125.475121 -2996.470820 -10532.249762
-10127.165651 -2996.827559 -10533.257157
-10128.856181 -2997.184299 -10534.264553
-10130.546711 -2997.541039 -10535.271948
-10132.237241 -2997.897779 -10536.279344
-10133.927770 -2998.254519 -10537.286739
-10135.618300 -2998.611258 -10538.294134
-10137.308830 -2998.967998 -10539.301530
-10138.999360 -2999.324738 -10540.308925
-10140.689890 -2999.681478 -10541.316321
-10142.380420 -3000.038218 -10542.323716
-10144.070949 -3000.394957 -10543.331112
-10145.761479 -3000.751697 -10544.338507
-10147.452009 -3001.108437 -10545.345903
-10149.142539 -3001.465177 -10546.353298
-10150.833069 -3001.821917 -10547.360693
-10152.523599 -3002.178656 -10548.368089
-10154.214128 -3002.535396 -10549.375484
-10155.904658 -3002.892136 -10550.382880
-10157.595188 -3003.248876 -10551.390275
-10159.285718 -3003.605616 -10552.397671
-10160.976248 -3003.962355 -10553.405066
-10162.666778 -3004.319095 -10554.412462
-10164.357308 -3004.675835 -10555.419857
-10166.047837 -3005.032575 -10556.427252
-10167.738367 -3005.389315 -10557.434648
-10169.428897 -3005.746054 -10558.442043
-10171.119427 -3006.102794 -10559.449439
-10172.809957 -3006.459534 -10560.456834
-10174.500487 -3006.816274 -10561.464230
-10176.191016 -3007.173014 -10562.471625
-10177.881546 -3007.529753 -10563.479020
-10179.572076 -3007.886493 -10564.486416
-10181.262606 -3008.243233 -10565.493811
-10182.953136 -3008.599973 -10566.501207
-10184.643666 -3008.956713 -10567.508602
-10186.334195 -3009.313452 -10568.515998
-10188.024725 -3009.670192 -10569.523393
-10189.715255 -3010.026932 -10570.530789
-10191.405785 -3010.383672 -10571.538184
-10193.096315 -3010.740412 -10572.545579
-10194.786845 -3011.097151 -10573.552975
-10196.477374 -3011.453891 -10574.560370
-10198.167904 -3011.810631 -10575.567766
-10199.858434 -3012.167371 -10576.575161
-10201.548964 -3012.524111 -10577.582557
-10203.239494 -3012.880850 -10578.589952
-10204.930024 -3013.237590 -10579.597347
-10206.620554 -3013.594330 -10580.604743
-10208.311083 -3013.951070 -10581.612138
-10210.001613 -3014.307810 -10582.619534
-10211.692143 -3014.664549 -10583.626929
-10213.382673 -3015.021289 -10584.634325
-10215.073203 -3015.378029 -10585.641720
-10216.763733 -3015.734769 -10586.649116
-10218.454262 -3016.091509 -10587.656511
-10220.144792 -3016.448248 -10588.663906
-10221.835322 -3016.804988 -10589.671302
-10223.525852 -3017.161728 -10590.678697
-10225.216382 -3017.518468 -10591.686093
-10226.906912 -3017.875208 -10592.693488
-10228.597441 -3018.231947 -10593.700884
-10230.287971 -3018.588687 -10594.708279
-10231.978501 -3018.945427 -10595.715675
-10233.669031 -3019.302167 -10596.723070
-10235.359561 -3019.658907 -10597.730465
-10237.050091 -3020.015646 -10598.737861
-10238.740621 -3020.372386 -10599.745256
-10240.431150 -3020.729126 -10600.752652
-10242.121680 -3021.085866 -10601.760047
-10243.812210 -3021.442606 -10602.767443
-10245.502740 -3021.799345 -10603.774838
-10247.193270 -3022.156085 -10604.782233
-10248.883800 -3022.512825 -10605.789629
-10250.574329 -3022.869565 -10606.797024
-10252.264859 -3023.226305 -10607.804420
-10253.955389 -3023.583044 -10608.811815
-10255.645919 -3023.939784 -10609.819211
-10257.336449 -3024.296524 -10610.826606
-10259.026979 -3024.653264 -10611.834002
-10260.717508 -3025.010004 -10612.841397
-10262.408038 -3025.366743 -10613.848792
-10264.098568 -3025.723483 -10614.856188
-10265.789098 -3026.080223 -10615.863583
-10267.479628 -3026.436963 -10616.870979
-10269.170158 -3026.793703 -10617.878374
-10270.860688 -3027.150442 -10618.885770
-10272.551217 -3027.507182 -10619.893165
-10274.241747 -3027.863922 -10620.900560
-10275.932277 -3028.220662 -10621.907956
-10277.622807 -3028.577402 -10622.915351
-10279.313337 -3028.934141 -10623.922747
-10281.003867 -3029.290881 -10624.930142
-10282.694396 -3029.647621 -10625.937538
-10284.384926 -3030.004361 -10626.944933
-10286.075456 -3030.361101 -10627.952329
-10287.765986 -3030.717840 -10628.959724
-10289.456516 -3031.074580 -10629.967119
-10291.147046 -3031.431320 -10630.974515
-10292.837575 -3031.788060 -10631.981910
-10294.528105 -3032.144800 -10632.989306
-10296.218635 -3032.501539 -10633.996701
-10297.909165 -3032.858279 -10635.004097
-10299.599695 -3033.215019 -10636.011492
-10301.290225 -3033.571759 -10637.018888
-10302.980754 -3033.928499 -10638.026283
-10304.671284 -3034.285238 -10639.033678
-10306.361814 -3034.641978 -10640.041074
-10308.052344 -3034.998718 -10641.048469
-10309.742874 -3035.355458 -10642.055865
-10311.433404 -3035.712198 -10643.063260
-10313.123934 -3036.068937 -10644.070656
-10314.814463 -3036.425677 -10645.078051
-10316.504993 -3036.782417 -10646.085446
-10318.195523 -3037.139157 -10647.092842
-10319.886053 -3037.495897 -10648.100237
-10321.576583 -3037.852636 -10649.107633
-10323.267113 -3038.209376 -10650.115028
-10324.957642 -3038.566116 -10651.122424
-10326.648172 -3038.922856 -10652.129819
-10328.338702 -3039.279596 -10653.137215
-10330.029232 -3039.636335 -10654.144610
-10331.719762 -3039.993075 -10655.152005
-10333.410292 -3040.349815 -10656.159401
-10335.100821 -3040.706555 -10657.166796
-10336.791351 -3041.063295 -10658.174192
-10338.481881 -3041.420034 -10659.181587
-10340.172411 -3041.776774 -10660.188983
-10341.862941 -3042.133514 -10661.196378
-10343.553471 -3042.490254 -10662.203773
-10345.244001 -3042.846994 -10663.211169
-10346.934530 -3043.203733 -10664.218564
-10348.625060 -3043.560473 -10665.225960
-10350.315590 -3043.917213 -10666.233355
-10352.006120 -3044.273953 -10667.240751
-10353.696650 -3044.630693 -10668.248146
-10355.387180 -3044.987432 -10669.255542
-10357.077709 -3045.344172 -10670.262937
-10358.768239 -3045.700912 -10671.270332
-10360.458769 -3046.057652 -10672.277728
-10362.149299 -3046.414392 -10673.285123
-10363.839829 -3046.771131 -10674.292519
-10365.530359 -3047.127871 -10675.299914
-10367.220888 -3047.484611 -10676.307310
-10368.911418 -3047.841351 -10677.314705
-10370.601948 -3048.198091 -10678.322101
-10372.292478 -3048.554830 -10679.329496
-10373.983008 -3048.911570 -10680.336891
-10375.673538 -3049.268310 -10681.344287
-10377.364068 -3049.625050 -10682.351682
-10379.054597 -3049.981790 -10683.359078
-10380.745127 -3050.338529 -10684.366473
-10382.435657 -3050.695269 -10685.373869
-10384.126187 -3051.052009 -10686.381264
-10385.816717 -3051.408749 -10687.388659
-10387.507247 -3051.765489 -10688.396055
-10389.197776 -3052.122228 -10689.403450
-10390.888306 -3052.478968 -10690.410846
-10392.578836 -3052.835708 -10691.418241
-10394.269366 -3053.192448 -10692.425637
-10395.959896 -3053.549188 -10693.433032
-10397.650426 -3053.905927 -10694.440428
-10399.340955 -3054.262667 -10695.447823
-10401.031485 -3054.619407 -10696.455218
-10402.722015 -3054.976147 -10697.462614
-10404.412545 -3055.332887 -10698.470009
-10406.103075 -3055.689626 -10699.477405
-10407.793605 -3056.046366 -10700.484800
-10409.484135 -3056.403106 -10701.492196
-10411.174664 -3056.759846 -10702.499591
-10412.865194 -3057.116586 -10703.506986
-10414.555724 -3057.473325 -10704.514382
-10416.246254 -3057.830065 -10705.521777
-10417.936784 -3058.186805 -10706.529173
-10419.627314 -3058.543545 -10707.536568
-10421.317843 -3058.900285 -10708.543964
-10423.008373 -3059.257024 -10709.551359
-10424.698903 -3059.613764 -10710.558755
-10426.389433 -3059.970504 -10711.566150
-10428.079963 -3060.327244 -10712.573545
-10429.770493 -3060.683984 -10713.580941
-10431.461022 -3061.040723 -10714.588336
-10433.151552 -3061.397463 -10715.595732
-10434.842082 -3061.754203 -10716.603127
-10436.532612 -3062.110943 -10717.610523
-10438.223142 -3062.467683 -10718.617918
-10439.913672 -3062.824422 -10719.625314
-10441.604201 -3063.181162 -10720.632709
-10443.294731 -3063.537902 -10721.640104
-10444.985261 -3063.894642 -10722.647500
-10446.675791 -3064.251382 -10723.654895
-10448.366321 -3064.608121 -10724.662291
-10450.056851 -3064.964861 -10725.669686
-10451.747381 -3065.321601 -10726.677082
-10453.437910 -3065.678341 -10727.684477
-10455.128440 -3066.035081 -10728.691872
-10456.818970 -3066.391820 -10729.699268
-10458.509500 -3066.748560 -10730.706663
-10460.200030 -3067.105300 -10731.714059
-10461.890560 -3067.462040 -10732.721454
-10463.581089 -3067.818780 -10733.728850
-10465.271619 -3068.175519 -10734.736245
-10466.962149 -3068.532259 -10735.743641
-10468.652679 -3068.888999 -10736.751036
-10470.343209 -3069.245739 -10737.758431
-10472.033739 -3069.602479 -10738.765827
-10473.724268 -3069.959218 -10739.773222
-10475.414798 -3070.315958 -10740.780618
-10477.105328 -3070.672698 -10741.788013
-10478.795858 -3071.029438 -10742.795409
-10480.486388 -3071.386178 -10743.802804
-10482.176918 -3071.742917 -10744.810200
-10483.867448 -3072.099657 -10745.817595
-10485.557977 -3072.456397 -10746.824990
-10487.248507 -3072.813137 -10747.832386
-10488.939037 -3073.169877 -10748.839781
-10490.629567 -3073.526616 -10749.847177
-10492.320097 -3073.883356 -10750.854572
-10494.010627 -3074.240096 -10751.861968
-10495.701156 -3074.596836 -10752.869363
-10497.391686 -3074.953576 -10753.876758
-10499.082216 -3075.310315 -10754.884154
-10500.772746 -3075.667055 -10755.891549
-10502.463276 -3076.023795 -10756.898945
-10504.153806 -3076.380535 -10757.906340
-10505.844335 -3076.737275 -10758.913736
-10507.534865 -3077.094014 -10759.921131
-10509.225395 -3077.450754 -10760.928527
-10510.915925 -3077.807494 -10761.935922
-10512.606455 -3078.164234 -10762.943317
-10514.296985 -3078.520974 -10763.950713
-10515.987515 -3078.877713 -10764.958108
-10517.678044 -3079.234453 -10765.965504
-10519.368574 -3079.591193 -10766.972899
-10521.059104 -3079.947933 -10767.980295
-10522.749634 -3080.304673 -10768.987690
-10524.440164 -3080.661412 -10769.995085
-10526.130694 -3081.018152 -10771.002481
-10527.821223 -3081.374892 -10772.009876
-10529.511753 -3081.731632 -10773.017272
-10531.202283 -3082.088372 -10774.024667
-10532.892813 -3082.445111 -10775.032063
-10534.583343 -3082.801851 -10776.039458
-10536.273873 -3083.158591 -10777.046854
-10537.964402 -3083.515331 -10778.054249
-10539.654932 -3083.872071 -10779.061644
-10541.345462 -3084.228810 -10780.069040
-10543.035992 -3084.585550 -10781.076435
-10544.726522 -3084.942290 -10782.083831
-10546.417052 -3085.299030 -10783.091226
-10548.107581 -3085.655770 -10784.098622
-10549.798111 -3086.012509 -10785.106017
-10551.488641 -3086.369249 -10786.113413
-10553.179171 -3086.725989 -10787.120808
-10554.869701 -3087.082729 -10788.128203
-10556.560231 -3087.439469 -10789.135599
-10558.250761 -3087.796208 -10790.142994
-10559.941290 -3088.152948 -10791.150390
-10561.631820 -3088.509688 -10792.157785
-10563.322350 -3088.866428 -10793.165181
-10565.012880 -3089.223168 -10794.172576
-10566.703410 -3089.579907 -10795.179971
-10568.393940 -3089.936647 -10796.187367
-10570.084469 -3090.293387 -10797.194762
-10571.774999 -3090.650127 -10798.202158
-10573.465529 -3091.006867 -10799.209553
-10575.156059 -3091.363606 -10800.216949
-10576.846589 -3091.720346 -10801.224344
-10578.537119 -3092.077086 -10802.231740
-10580.227648 -3092.433826 -10803.239135
-10581.918178 -3092.790566 -10804.246530
-10583.608708 -3093.147305 -10805.253926
-10585.299238 -3093.504045 -10806.261321
-10586.989768 -3093.860785 -10807.268717
-10588.680298 -3094.217525 -10808.276112
-10590.370828 -3094.574265 -10809.283508
-10592.061357 -3094.931004 -10810.290903
-10593.751887 -3095.287744 -10811.298298
-10595.442417 -3095.644484 -10812.305694
-10597.132947 -3096.001224 -10813.313089
-10598.823477 -3096.357964 -10814.320485
-10600.514007 -3096.714703 -10815.327880
-10602.204536 -3097.071443 -10816.335276
-10603.895066 -3097.428183 -10817.342671
-10605.585596 -3097.784923 -10818.350067
-10607.276126 -3098.141663 -10819.357462
-10608.966656 -3098.498402 -10820.364857
-10610.657186 -3098.855142 -10821.372253
-10612.347715 -3099.211882 -10822.379648
-10614.038245 -3099.568622 -10823.387044
-10615.728775 -3099.925362 -10824.394439
-10617.419305 -3100.282101 -10825.401835
-10619.109835 -3100.638841 -10826.409230
-10620.800365 -3100.995581 -10827.416626
-10622.490895 -3101.352321 -10828.424021
-10624.181424 -3101.709061 -10829.431416
-10625.871954 -3102.065800 -10830.438812
-10627.562484 -3102.422540 -10831.446207
-10629.253014 -3102.779280 -10832.453603
-10630.943544 -3103.136020 -10833.460998
-10632.634074 -3103.492760 -10834.468394
-10634.324603 -3103.849499 -10835.475789
-10636.015133 -3104.206239 -10836.483184
-10637.705663 -3104.562979 -10837.490580
-10639.396193 -3104.919719 -10838.497975
-10641.086723 -3105.276459 -10839.505371
-10642.777253 -3105.633198 -10840.512766
-10644.467782 -3105.989938 -10841.520162
-10646.158312 -3106.346678 -10842.527557
-10647.848842 -3106.703418 -10843.534953
-10649.539372 -3107.060158 -10844.542348
-10651.229902 -3107.416897 -10845.549743
-10652.920432 -3107.773637 -10846.557139
-10654.610962 -3108.130377 -10847.564534
-10656.301491 -3108.487117 -10848.571930
-10657.992021 -3108.843857 -10849.579325
-10659.682551 -3109.200596 -10850.586721
-10661.373081 -3109.557336 -10851.594116
-10663.063611 -3109.914076 -10852.601511
-10664.754141 -3110.270816 -10853.608907
-10666.444670 -3110.627556 -10854.616302
-10668.135200 -3110.984295 -10855.623698
-10669.825730 -3111.341035 -10856.631093
-10671.516260 -3111.697775 -10857.638489
-10673.206790 -3112.054515 -10858.645884
-10674.897320 -3112.411255 -10859.653280
-10676.587849 -3112.767994 -10860.660675
-10678.278379 -3113.124734 -10861.668070
-10679.968909 -3113.481474 -10862.675466
-10681.659439 -3113.838214 -10863.682861
-10683.349969 -3114.194954 -10864.690257
-10685.040499 -3114.551693 -10865.697652
-10686.731028 -3114.908433 -10866.705048
-10688.421558 -3115.265173 -10867.712443
-10690.112088 -3115.621913 -10868.719839
-10691.802618 -3115.978653 -10869.727234
-10693.493148 -3116.335392 -10870.734629
-10695.183678 -3116.692132 -10871.742025
-10696.874208 -3117.048872 -10872.749420
-10698.564737 -3117.405612 -10873.756816
-10700.255267 -3117.762352 -10874.764211
-10701.945797 -3118.119091 -10875.771607
-10703.636327 -3118.475831 -10876.779002
-10705.326857 -3118.832571 -10877.786397
-10707.017387 -3119.189311 -10878.793793
-10708.707916 -3119.546051 -10879.801188
-10710.398446 -3119.902790 -10880.808584
-10712.088976 -3120.259530 -10881.815979
-10713.779506 -3120.616270 -10882.823375
-10715.470036 -3120.973010 -10883.830770
-10717.160566 -3121.329750 -10884.838166
-10718.851095 -3121.686489 -10885.845561
-10720.541625 -3122.043229 -10886.852956
-10722.232155 -3122.399969 -10887.860352
-10723.922685 -3122.756709 -10888.867747
-10725.613215 -3123.113449 -10889.875143
-10727.303745 -3123.470188 -10890.882538
-10728.994275 -3123.826928 -10891.889934
-10730.684804 -3124.183668 -10892.897329
-10732.375334 -3124.540408 -10893.904724
-10734.065864 -3124.897148 -10894.912120
-10735.756394 -3125.253887 -10895.919515
-10737.446924 -3125.610627 -10896.926911
-10739.137454 -3125.967367 -10897.934306
-10740.827983 -3126.324107 -10898.941702
-10742.518513 -3126.680847 -10899.949097
-10744.209043 -3127.037586 -10900.956493
-10745.899573 -3127.394326 -10901.963888
-10747.590103 -3127.751066 -10902.971283
-10749.280633 -3128.107806 -10903.978679
-10750.971162 -3128.464546 -10904.986074
-10752.661692 -3128.821285 -10905.993470
-10754.352222 -3129.178025 -10907.000865
-10756.042752 -3129.534765 -10908.008261
-10757.733282 -3129.891505 -10909.015656
-10759.423812 -3130.248245 -10910.023052
-10761.114342 -3130.604984 -10911.030447
-10762.804871 -3130.961724 -10912.037842
-10764.495401 -3131.318464 -10913.045238
-10766.185931 -3131.675204 -10914.052633
-10767.876461 -3132.031944 -10915.060029
-10769.566991 -3132.388683 -10916.067424
-10771.257521 -3132.745423 -10917.074820
-10772.948050 -3133.102163 -10918.082215
-10774.638580 -3133.458903 -10919.089610
-10776.329110 -3133.815643 -10920.097006
-10778.019640 -3134.172382 -10921.104401
-10779.710170 -3134.529122 -10922.111797
-10781.400700 -3134.885862 -10923.119192
-10783.091229 -3135.242602 -10924.126588
-10784.781759 -3135.599342 -10925.133983
-10786.472289 -3135.956081 -10926.141379
-10788.162819 -3136.312821 -10927.148774
-10789.853349 -3136.669561 -10928.156169
-10791.543879 -3137.026301 -10929.163565
-10793.234408 -3137.383041 -10930.170960
-10794.924938 -3137.739780 -10931.178356
-10796.615468 -3138.096520 -10932.185751
-10798.305998 -3138.453260 -10933.193147
-10799.996528 -3138.810000 -10934.200542
-10801.687058 -3139.166740 -10935.207937
-10803.377588 -3139.523479 -10936.215333
-10805.068117 -3139.880219 -10937.222728
-10806.758647 -3140.236959 -10938.230124
-10808.449177 -3140.593699 -10939.237519
-10810.139707 -3140.950439 -10940.244915
-10811.830237 -3141.307178 -10941.252310
-10813.520767 -3141.663918 -10942.259706
-10815.211296 -3142.020658 -10943.267101
-10816.901826 -3142.377398 -10944.274496
-10818.592356 -3142.734138 -10945.281892
-10820.282886 -3143.090877 -10946.289287
-10821.973416 -3143.447617 -10947.296683
-10823.663946 -3143.804357 -10948.304078
-10825.354475 -3144.161097 -10949.311474
-10827.045005 -3144.517837 -10950.318869
-10828.735535 -3144.874576 -10951.326265
-10830.426065 -3145.231316 -10952.333660
-10832.116595 -3145.588056 -10953.341055
-10833.807125 -3145.944796 -10954.348451
-10835.497655 -3146.301536 -10955.355846
-10837.188184 -3146.658275 -10956.363242
-10838.878714 -3147.015015 -10957.370637
-10840.569244 -3147.371755 -10958.378033
-10842.259774 -3147.728495 -10959.385428
-10843.950304 -3148.085235 -10960.392823
-10845.640834 -3148.441974 -10961.400219
-10847.331363 -3148.798714 -10962.407614
-10849.021893 -3149.155454 -10963.415010
-10850.712423 -3149.512194 -10964.422405
-10852.402953 -3149.868934 -10965.429801
-10854.093483 -3150.225673 -10966.437196
-10855.784013 -3150.582413 -10967.444592
-10857.474542 -3150.939153 -10968.451987
-10859.165072 -3151.295893 -10969.459382
-10860.855602 -3151.652633 -10970.466778
-10862.546132 -3152.009372 -10971.474173
-10864.236662 -3152.366112 -10972.481569
-10865.927192 -3152.722852 -10973.488964
-10867.617722 -3153.079592 -10974.496360
-10869.308251 -3153.436332 -10975.503755
-10870.998781 -3153.793071 -10976.511150
-10872.689311 -3154.149811 -10977.518546
-10874.379841 -3154.506551 -10978.525941
-10876.070371 -3154.863291 -10979.533337
-10877.760901 -3155.220031 -10980.540732
-10879.451430 -3155.576770 -10981.548128
-10881.141960 -3155.933510 -10982.555523
-10882.832490 -3156.290250 -10983.562919
-10884.523020 -3156.646990 -10984.570314
-10886.213550 -3157.003730 -10985.577709
-10887.904080 -3157.360469 -10986.585105
-10889.594609 -3157.717209 -10987.592500
-10891.285139 -3158.073949 -10988.599896
-10892.975669 -3158.430689 -10989.607291
-10894.666199 -3158.787429 -10990.614687
-10896.356729 -3159.144168 -10991.622082
-10898.047259 -3159.500908 -10992.629478
-10899.737788 -3159.857648 -10993.636873
-10901.428318 -3160.214388 -10994.644268
-10903.118848 -3160.571127 -10995.651664
-10904.809378 -3160.927867 -10996.659059
-10906.499908 -3161.284607 -10997.666455
-10908.190438 -3161.641347 -10998.673850
-10909.880968 -3161.998087 -10999.681246
-10911.571497 -3162.354826 -11000.688641
-10913.262027 -3162.711566 -11001.696036
-10914.952557 -3163.068306 -11002.703432
-10916.643087 -3163.425046 -11003.710827
-10918.333617 -3163.781786 -11004.718223
-10920.024147 -3164.138525 -11005.725618
-10921.714676 -3164.495265 -11006.733014
-10923.405206 -3164.852005 -11007.740409
-10925.095736 -3165.208745 -11008.747805
-10926.786266 -3165.565485 -11009.755200
-10928.476796 -3165.922224 -11010.762595
-10930.167326 -3166.278964 -11011.769991
-10931.857855 -3166.635704 -11012.777386
-10933.548385 -3166.992444 -11013.784782
-10935.238915 -3167.349184 -11014.792177
-10936.929445 -3167.705923 -11015.799573
-10938.619975 -3168.062663 -11016.806968
-10940.310505 -3168.419403 -11017.814364
-10942.001035 -3168.776143 -11018.821759
-10943.691564 -3169.132883 -11019.829154
-10945.382094 -3169.489622 -11020.836550
-10947.072624 -3169.846362 -11021.843945
-10948.763154 -3170.203102 -11022.851341
-10950.453684 -3170.559842 -11023.858736
-10952.144214 -3170.916582 -11024.866132
-10953.834743 -3171.273321 -11025.873527
-10955.525273 -3171.630061 -11026.880922
-10957.215803 -3171.986801 -11027.888318
-10958.906333 -3172.343541 -11028.895713
-10960.596863 -3172.700281 -11029.903109
-10962.287393 -3173.057020 -11030.910504
-10963.977922 -3173.413760 -11031.917900
-10965.668452 -3173.770500 -11032.925295
-10967.358982 -3174.127240 -11033.932691
-10969.049512 -3174.483980 -11034.940086
-10970.740042 -3174.840719 -11035.947481
-10972.430572 -3175.197459 -11036.954877
-10974.121102 -3175.554199 -11037.962272
-10975.811631 -3175.910939 -11038.969668
-10977.502161 -3176.267679 -11039.977063
-10979.192691 -3176.624418 -11040.984459
-10980.883221 -3176.981158 -11041.991854
-10982.573751 -3177.337898 -11042.999249
-10984.264281 -3177.694638 -11044.006645
-10985.954810 -3178.051378 -11045.014040
-10987.645340 -3178.408117 -11046.021436
-10989.335870 -3178.764857 -11047.028831
-10991.026400 -3179.121597 -11048.036227
-10992.716930 -3179.478337 -11049.043622
-10994.407460 -3179.835077 -11050.051018
-10996.097989 -3180.191816 -11051.058413
-10997.788519 -3180.548556 -11052.065808
-10999.479049 -3180.905296 -11053.073204
-11001.169579 -3181.262036 -11054.080599
-11002.860109 -3181.618776 -11055.087995
-11004.550639 -3181.975515 -11056.095390
-11006.241169 -3182.332255 -11057.102786
-11007.931698 -3182.688995 -11058.110181
-11009.622228 -3183.045735 -11059.117577
-11011.312758 -3183.402475 -11060.124972
-11013.003288 -3183.759214 -11061.132367
-11014.693818 -3184.115954 -11062.139763
-11016.384348 -3184.472694 -11063.147158
-11018.074877 -3184.829434 -11064.154554
-11019.765407 -3185.186174 -11065.161949
-11021.455937 -3185.542913 -11066.169345
-11023.146467 -3185.899653 -11067.176740
-11024.836997 -3186.256393 -11068.184135
-11026.527527 -3186.613133 -11069.191531
-11028.218056 -3186.969873 -11070.198926
-11029.908586 -3187.326612 -11071.206322
-11031.599116 -3187.683352 -11072.213717
-11033.289646 -3188.040092 -11073.221113
-11034.980176 -3188.396832 -11074.228508
-11036.670706 -3188.753572 -11075.235904
-11038.361235 -3189.110311 -11076.243299
-11040.051765 -3189.467051 -11077.250694
-11041.742295 -3189.823791 -11078.258090
-11043.432825 -3190.180531 -11079.265485
-11045.123355 -3190.537271 -11080.272881
-11046.813885 -3190.894010 -11081.280276
-11048.504415 -3191.250750 -11082.287672
-11050.194944 -3191.607490 -11083.295067
-11051.885474 -3191.964230 -11084.302462
-11053.576004 -3192.320970 -11085.309858
-11055.266534 -3192.677709 -11086.317253
-11056.957064 -3193.034449 -11087.324649
-11058.647594 -3193.391189 -11088.332044
-11060.338123 -3193.747929 -11089.339440
-11062.028653 -3194.104669 -11090.346835
-11063.719183 -3194.461408 -11091.354231
-11065.409713 -3194.818148 -11092.361626
-11067.100243 -3195.174888 -11093.369021
-11068.790773 -3195.531628 -11094.376417
-11070.481302 -3195.888368 -11095.383812
-11072.171832 -3196.245107 -11096.391208
-11073.862362 -3196.601847 -11097.398603
-11075.552892 -3196.958587 -11098.405999
-11077.243422 -3197.315327 -11099.413394
-11078.933952 -3197.672067 -11100.420790
-11080.624482 -3198.028806 -11101.428185
-11082.315011 -3198.385546 -11102.435580
-11084.005541 -3198.742286 -11103.442976
-11085.696071 -3199.099026 -11104.450371
-11087.386601 -3199.455766 -11105.457767
-11089.077131 -3199.812505 -11106.465162
-11090.767661 -3200.169245 -11107.472558
-11092.458190 -3200.525985 -11108.479953
-11094.148720 -3200.882725 -11109.487348
-11095.839250 -3201.239465 -11110.494744
-11097.529780 -3201.596204 -11111.502139
-11099.220310 -3201.952944 -11112.509535
-11100.910840 -3202.309684 -11113.516930
-11102.601369 -3202.666424 -11114.524326
-11104.291899 -3203.023164 -11115.531721
-11105.982429 -3203.379903 -11116.539117
-11107.672959 -3203.736643 -11117.546512
-11109.363489 -3204.093383 -11118.553907
-11111.054019 -3204.450123 -11119.561303
-11112.744549 -3204.806863 -11120.568698
-11114.435078 -3205.163602 -11121.576094
-11116.125608 -3205.520342 -11122.583489
-11117.816138 -3205.877082 -11123.590885
-11119.506668 -3206.233822 -11124.598280
-11121.197198 -3206.590562 -11125.605675
-11122.887728 -3206.947301 -11126.613071
-11124.578257 -3207.304041 -11127.620466
-11126.268787 -3207.660781 -11128.627862
-11127.959317 -3208.017521 -11129.635257
-11129.649847 -3208.374261 -11130.642653
-11131.340377 -3208.731000 -11131.650048
-11133.030907 -3209.087740 -11132.657444
-11134.721436 -3209.444480 -11133.664839
-11136.411966 -3209.801220 -11134.672234
-11138.102496 -3210.157960 -11135.679630
-11139.793026 -3210.514699 -11136.687025
-11141.483556 -3210.871439 -11137.694421
-11143.174086 -3211.228179 -11138.701816
-11144.864615 -3211.584919 -11139.709212
-11146.555145 -3211.941659 -11140.716607
-11148.245675 -3212.298398 -11141.724003
-11149.936205 -3212.655138 -11142.731398
-11151.626735 -3213.011878 -11143.738793
-11153.317265 -3213.368618 -11144.746189
-11155.007795 -3213.725358 -11145.753584
-11156.698324 -3214.082097 -11146.760980
-11158.388854 -3214.438837 -11147.768375
-11160.079384 -3214.795577 -11148.775771
-11161.769914 -3215.152317 -11149.783166
-11163.460444 -3215.509057 -11150.790561
-11165.150974 -3215.865796 -11151.797957
-11166.841503 -3216.222536 -11152.805352
-11168.532033 -3216.579276 -11153.812748
-11170.222563 -3216.936016 -11154.820143
-11171.913093 -3217.292756 -11155.827539
-11173.603623 -3217.649495 -11156.834934
-11175.294153 -3218.006235 -11157.842330
-11176.984682 -3218.362975 -11158.849725
-11178.675212 -3218.719715 -11159.857120
-11180.365742 -3219.076455 -11160.864516
-11182.056272 -3219.433194 -11161.871911
-11183.746802 -3219.789934 -11162.879307
-11185.437332 -3220.146674 -11163.886702
-11187.127862 -3220.503414 -11164.894098
-11188.818391 -3220.860154 -11165.901493
-11190.508921 -3221.216893 -11166.908888
-11192.199451 -3221.573633 -11167.916284
-11193.889981 -3221.930373 -11168.923679
-11195.580511 -3222.287113 -11169.931075
-11197.271041 -3222.643853 -11170.938470
-11198.961570 -3223.000592 -11171.945866
-11200.652100 -3223.357332 -11172.953261
-11202.342630 -3223.714072 -11173.960657
-11204.033160 -3224.070812 -11174.968052
-11205.723690 -3224.427552 -11175.975447
-11207.414220 -3224.784291 -11176.982843
-11209.104749 -3225.141031 -11177.990238
-11210.795279 -3225.497771 -11178.997634
-11212.485809 -3225.854511 -11180.005029
-11214.176339 -3226.211251 -11181.012425
-11215.866869 -3226.567990 -11182.019820
-11217.557399 -3226.924730 -11183.027216
-11219.247929 -3227.281470 -11184.034611
-11220.938458 -3227.638210 -11185.042006
-11222.628988 -3227.994950 -11186.049402
-11224.319518 -3228.351689 -11187.056797
-11226.010048 -3228.708429 -11188.064193
-11227.700578 -3229.065169 -11189.071588
-11229.391108 -3229.421909 -11190.078984
-11231.081637 -3229.778649 -11191.086379
-11232.772167 -3230.135388 -11192.093774
-11234.462697 -3230.492128 -11193.101170
-11236.153227 -3230.848868 -11194.108565
-11237.843757 -3231.205608 -11195.115961
-11239.534287 -3231.562348 -11196.123356
-11241.224816 -3231.919087 -11197.130752
-11242.915346 -3232.275827 -11198.138147
-11244.605876 -3232.632567 -11199.145543
-11246.296406 -3232.989307 -11200.152938
-11247.986936 -3233.346047 -11201.160333
-11249.677466 -3233.702786 -11202.167729
-11251.367996 -3234.059526 -11203.175124
-11253.058525 -3234.416266 -11204.182520
-11254.749055 -3234.773006 -11205.189915
-11256.439585 -3235.129746 -11206.197311
-11258.130115 -3235.486485 -11207.204706
-11259.820645 -3235.843225 -11208.212101
-11261.511175 -3236.199965 -11209.219497
-11263.201704 -3236.556705 -11210.226892
-11264.892234 -3236.913445 -11211.234288
-11266.582764 -3237.270184 -11212.241683
-11268.273294 -3237.626924 -11213.249079
-11269.963824 -3237.983664 -11214.256474
-11271.654354 -3238.340404 -11215.263870
-11273.344883 -3238.697144 -11216.271265
-11275.035413 -3239.053883 -11217.278660
-11276.725943 -3239.410623 -11218.286056
-11278.416473 -3239.767363 -11219.293451
-11280.107003 -3240.124103 -11220.300847
-11281.797533 -3240.480843 -11221.308242
-11283.488062 -3240.837582 -11222.315638
-11285.178592 -3241.194322 -11223.323033
-11286.869122 -3241.551062 -11224.330429
-11288.559652 -3241.907802 -11225.337824
-11290.250182 -3242.264542 -11226.345219
-11291.940712 -3242.621281 -11227.352615
-11293.631242 -3242.978021 -11228.360010
-11295.321771 -3243.334761 -11229.367406
-11297.012301 -3243.691501 -11230.374801
-11298.702831 -3244.048241 -11231.382197
-11300.393361 -3244.404980 -11232.389592
-11302.083891 -3244.761720 -11233.396987
-11303.774421 -3245.118460 -11234.404383
-11305.464950 -3245.475200 -11235.411778
-11307.155480 -3245.831940 -11236.419174
-11308.846010 -3246.188679 -11237.426569
-11310.536540 -3246.545419 -11238.433965
-11312.227070 -3246.902159 -11239.441360
-11313.917600 -3247.258899 -11240.448756
-11315.608129 -3247.615639 -11241.456151
-11317.298659 -3247.972378 -11242.463546
-11318.989189 -3248.329118 -11243.470942
-11320.679719 -3248.685858 -11244.478337
-11322.370249 -3249.042598 -11245.485733
-11324.060779 -3249.399338 -11246.493128
-11325.751309 -3249.756077 -11247.500524
-11327.441838 -3250.112817 -11248.507919
-11329.132368 -3250.469557 -11249.515314
-11330.822898 -3250.826297 -11250.522710
-11332.513428 -3251.183037 -11251.530105
-11334.203958 -3251.539776 -11252.537501
-11335.894488 -3251.896516 -11253.544896
-11337.585017 -3252.253256 -11254.552292
-11339.275547 -3252.609996 -11255.559687
-11340.966077 -3252.966736 -11256.567083
-11342.656607 -3253.323475 -11257.574478
-11344.347137 -3253.680215 -11258.581873
-11346.037667 -3254.036955 -11259.589269
-11347.728196 -3254.393695 -11260.596664
-11349.418726 -3254.750435 -11261.604060
-11351.109256 -3255.107174 -11262.611455
-11352.799786 -3255.463914 -11263.618851
-11354.490316 -3255.820654 -11264.626246
-11356.180846 -3256.177394 -11265.633642
-11357.871376 -3256.534134 -11266.641037
-11359.561905 -3256.890873 -11267.648432
-11361.252435 -3257.247613 -11268.655828
-11362.942965 -3257.604353 -11269.663223
-11364.633495 -3257.961093 -11270.670619
-11366.324025 -3258.317833 -11271.678014
-11368.014555 -3258.674572 -11272.685410
-11369.705084 -3259.031312 -11273.692805
-11371.395614 -3259.388052 -11274.700200
-11373.086144 -3259.744792 -11275.707596
-11374.776674 -3260.101532 -11276.714991
-11376.467204 -3260.458271 -11277.722387
-11378.157734 -3260.815011 -11278.729782
-11379.848263 -3261.171751 -11279.737178
-11381.538793 -3261.528491 -11280.744573
-11383.229323 -3261.885231 -11281.751969
-11384.919853 -3262.241970 -11282.759364
-11386.610383 -3262.598710 -11283.766759
-11388.300913 -3262.955450 -11284.774155
-11389.991442 -3263.312190 -11285.781550
-11391.681972 -3263.668930 -11286.788946
-11393.372502 -3264.025669 -11287.796341
-11395.063032 -3264.382409 -11288.803737
-11396.753562 -3264.739149 -11289.811132
-11398.444092 -3265.095889 -11290.818528
-11400.134622 -3265.452629 -11291.825923
-11401.825151 -3265.809368 -11292.833318
-11403.515681 -3266.166108 -11293.840714
-11405.206211 -3266.522848 -11294.848109
-11406.896741 -3266.879588 -11295.855505
-11408.587271 -3267.236328 -11296.862900
-11410.277801 -3267.593067 -11297.870296
-11411.968330 -3267.949807 -11298.877691
-11413.658860 -3268.306547 -11299.885086
-11415.349390 -3268.663287 -11300.892482
-11417.039920 -3269.020027 -11301.899877
-11418.730450 -3269.376766 -11302.907273
-11420.420980 -3269.733506 -11303.914668
-11422.111509 -3270.090246 -11304.922064
-11423.802039 -3270.446986 -11305.929459
-11425.492569 -3270.803726 -11306.936855
-11427.183099 -3271.160465 -11307.944250
-11428.873629 -3271.517205 -11308.951645
-11430.564159 -3271.873945 -11309.959041
-11432.254689 -3272.230685 -11310.966436
-11433.945218 -3272.587425 -11311.973832
-11435.635748 -3272.944164 -11312.981227
-11437.326278 -3273.300904 -11313.988623
-11439.016808 -3273.657644 -11314.996018
-11440.707338 -3274.014384 -11316.003413
-11442.397868 -3274.371124 -11317.010809
-11444.088397 -3274.727863 -11318.018204
-11445.778927 -3275.084603 -11319.025600
-11447.469457 -3275.441343 -11320.032995
-11449.159987 -3275.798083 -11321.040391
-11450.850517 -3276.154823 -11322.047786
-11452.541047 -3276.511562 -11323.055182
-11454.231576 -3276.868302 -11324.062577
-11455.922106 -3277.225042 -11325.069972
-11457.612636 -3277.581782 -11326.077368
-11459.303166 -3277.938522 -11327.084763
-11460.993696 -3278.295261 -11328.092159
-11462.684226 -3278.652001 -11329.099554
-11464.374756 -3279.008741 -11330.106950
-11466.065285 -3279.365481 -11331.114345
-11467.755815 -3279.722221 -11332.121741
-11469.446345 -3280.078960 -11333.129136
-11471.136875 -3280.435700 -11334.136531
-11472.827405 -3280.792440 -11335.143927
-11474.517935 -3281.149180 -11336.151322
-11476.208464 -3281.505920 -11337.158718
-11477.898994 -3281.862659 -11338.166113
-11479.589524 -3282.219399 -11339.173509
-11481.280054 -3282.576139 -11340.180904
-11482.970584 -3282.932879 -11341.188299
-11484.661114 -3283.289619 -11342.195695
-11486.351643 -3283.646358 -11343.203090
-11488.042173 -3284.003098 -11344.210486
-11489.732703 -3284.359838 -11345.217881
-11491.423233 -3284.716578 -11346.225277
-11493.113763 -3285.073318 -11347.232672
-11494.804293 -3285.430057 -11348.240068
-11496.494822 -3285.786797 -11349.247463
-11498.185352 -3286.143537 -11350.254858
-11499.875882 -3286.500277 -11351.262254
-11501.566412 -3286.857017 -11352.269649
-11503.256942 -3287.213756 -11353.277045
-11504.947472 -3287.570496 -11354.284440
-11506.638002 -3287.927236 -11355.291836
-11508.328531 -3288.283976 -11356.299231
-11510.019061 -3288.640716 -11357.306626
-11511.709591 -3288.997455 -11358.314022
-11513.400121 -3289.354195 -11359.321417
-11515.090651 -3289.710935 -11360.328813
-11516.781181 -3290.067675 -11361.336208
-11518.471710 -3290.424415 -11362.343604
-11520.162240 -3290.781154 -11363.350999
-11521.852770 -3291.137894 -11364.358395
-11523.543300 -3291.494634 -11365.365790
-11525.233830 -3291.851374 -11366.373185
-11526.924360 -3292.208114 -11367.380581
-11528.614889 -3292.564853 -11368.387976
-11530.305419 -3292.921593 -11369.395372
-11531.995949 -3293.278333 -11370.402767
-11533.686479 -3293.635073 -11371.410163
-11535.377009 -3293.991813 -11372.417558
-11537.067539 -3294.348552 -11373.424954
-11538.758069 -3294.705292 -11374.432349
-11540.448598 -3295.062032 -11375.439744
-11542.139128 -3295.418772 -11376.447140
-11543.829658 -3295.775512 -11377.454535
-11545.520188 -3296.132251 -11378.461931
-11547.210718 -3296.488991 -11379.469326
-11548.901248 -3296.845731 -11380.476722
-11550.591777 -3297.202471 -11381.484117
-11552.282307 -3297.559211 -11382.491512
-11553.972837 -3297.915950 -11383.498908
-11555.663367 -3298.272690 -11384.506303
-11557.353897 -3298.629430 -11385.513699
-11559.044427 -3298.986170 -11386.521094
-11560.734956 -3299.342910 -11387.528490
-11562.425486 -3299.699649 -11388.535885
-11564.116016 -3300.056389 -11389.543281
-11565.806546 -3300.413129 -11390.550676
-11567.497076 -3300.769869 -11391.558071
-11569.187606 -3301.126609 -11392.565467
-11570.878136 -3301.483348 -11393.572862
-11572.568665 -3301.840088 -11394.580258
-11574.259195 -3302.196828 -11395.587653
-11575.949725 -3302.553568 -11396.595049
-11577.640255 -3302.910308 -11397.602444
-11579.330785 -3303.267047 -11398.609839
-11581.021315 -3303.623787 -11399.617235
-11582.711844 -3303.980527 -11400.624630
-11584.402374 -3304.337267 -11401.632026
-11586.092904 -3304.694007 -11402.639421
-11587.783434 -3305.050746 -11403.646817
-11589.473964 -3305.407486 -11404.654212
-11591.164494 -3305.764226 -11405.661608
-11592.855023 -3306.120966 -11406.669003
-11594.545553 -3306.477706 -11407.676398
-11596.236083 -3306.834445 -11408.683794
-11597.926613 -3307.191185 -11409.691189
-11599.617143 -3307.547925 -11410.698585
-11601.307673 -3307.904665 -11411.705980
-11602.998203 -3308.261405 -11412.713376
-11604.688732 -3308.618144 -11413.720771
-11606.379262 -3308.974884 -11414.728167
-11608.069792 -3309.331624 -11415.735562
-11609.760322 -3309.688364 -11416.742957
-11611.450852 -3310.045104 -11417.750353
-11613.141382 -3310.401843 -11418.757748
-11614.831911 -3310.758583 -11419.765144
-11616.522441 -3311.115323 -11420.772539
-11618.212971 -3311.472063 -11421.779935
-11619.903501 -3311.828803 -11422.787330
-11621.594031 -3312.185542 -11423.794725
-11623.284561 -3312.542282 -11424.802121
-11624.975090 -3312.899022 -11425.809516
-11626.665620 -3313.255762 -11426.816912
-11628.356150 -3313.612502 -11427.824307
-11630.046680 -3313.969241 -11428.831703
-11631.737210 -3314.325981 -11429.839098
-11633.427740 -3314.682721 -11430.846494
-11635.118269 -3315.039461 -11431.853889
-11636.808799 -3315.396201 -11432.861284
-11638.499329 -3315.752940 -11433.868680
-11640.189859 -3316.109680 -11434.876075
-11641.880389 -3316.466420 -11435.883471
-11643.570919 -3316.823160 -11436.890866
-11645.261449 -3317.179900 -11437.898262
-11646.951978 -3317.536639 -11438.905657
-11648.642508 -3317.893379 -11439.913052
-11650.333038 -3318.250119 -11440.920448
-11652.023568 -3318.606859 -11441.927843
-11653.714098 -3318.963599 -11442.935239
-11655.404628 -3319.320338 -11443.942634
-11657.095157 -3319.677078 -11444.950030
-11658.785687 -3320.033818 -11445.957425
-11660.476217 -3320.390558 -11446.964821
-11662.166747 -3320.747298 -11447.972216
-11663.857277 -3321.104037 -11448.979611
-11665.547807 -3321.460777 -11449.987007
-11667.238336 -3321.817517 -11450.994402
-11668.928866 -3322.174257 -11452.001798
-11670.619396 -3322.530997 -11453.009193
-11672.309926 -3322.887736 -11454.016589
-11674.000456 -3323.244476 -11455.023984
-11675.690986 -3323.601216 -11456.031380
-11677.381516 -3323.957956 -11457.038775
-11679.072045 -3324.314696 -11458.046170
-11680.762575 -3324.671435 -11459.053566
-11682.453105 -3325.028175 -11460.060961
-11684.143635 -3325.384915 -11461.068357
-11685.834165 -3325.741655 -11462.075752
-11687.524695 -3326.098395 -11463.083148
-11689.215224 -3326.455134 -11464.090543
-11690.905754 -3326.811874 -11465.097938
-11692.596284 -3327.168614 -11466.105334
-11694.286814 -3327.525354 -11467.112729
-11695.977344 -3327.882094 -11468.120125
-11697.667874 -3328.238833 -11469.127520
-11699.358403 -3328.595573 -11470.134916
-11701.048933 -3328.952313 -11471.142311
-11702.739463 -3329.309053 -11472.149707
-11704.429993 -3329.665793 -11473.157102
-11706.120523 -3330.022532 -11474.164497
-11707.811053 -3330.379272 -11475.171893
-11709.501583 -3330.736012 -11476.179288
-11711.192112 -3331.092752 -11477.186684
-11712.882642 -3331.449492 -11478.194079
-11714.573172 -3331.806231 -11479.201475
-11716.263702 -3332.162971 -11480.208870
-11717.954232 -3332.519711 -11481.216265
-11719.644762 -3332.876451 -11482.223661
-11721.335291 -3333.233191 -11483.231056
-11723.025821 -3333.589930 -11484.238452
-11724.716351 -3333.946670 -11485.245847
-11726.406881 -3334.303410 -11486.253243
-11728.097411 -3334.660150 -11487.260638
-11729.787941 -3335.016890 -11488.268034
-11731.478470 -3335.373629 -11489.275429
-11733.169000 -3335.730369 -11490.282824
-11734.859530 -3336.087109 -11491.290220
-11736.550060 -3336.443849 -11492.297615
-11738.240590 -3336.800589 -11493.305011
-11739.931120 -3337.157328 -11494.312406
-11741.621649 -3337.514068 -11495.319802
-11743.312179 -3337.870808 -11496.327197
-11745.002709 -3338.227548 -11497.334593
-11746.693239 -3338.584288 -11498.341988
-11748.383769 -3338.941027 -11499.349383
-11750.074299 -3339.297767 -11500.356779
-11751.764829 -3339.654507 -11501.364174
-11753.455358 -3340.011247 -11502.371570
-11755.145888 -3340.367987 -11503.378965
-11756.836418 -3340.724726 -11504.386361
-11758.526948 -3341.081466 -11505.393756
-11760.217478 -3341.438206 -11506.401151
-11761.908008 -3341.794946 -11507.408547
-11763.598537 -3342.151686 -11508.415942
-11765.289067 -3342.508425 -11509.423338
-11766.979597 -3342.865165 -11510.430733
-11768.670127 -3343.221905 -11511.438129
-11770.360657 -3343.578645 -11512.445524
-11772.051187 -3343.935385 -11513.452920
-11773.741716 -3344.292124 -11514.460315
-11775.432246 -3344.648864 -11515.467710
-11777.122776 -3345.005604 -11516.475106
-11778.813306 -3345.362344 -11517.482501
-11780.503836 -3345.719084 -11518.489897
-11782.194366 -3346.075823 -11519.497292
-11783.884896 -3346.432563 -11520.504688
-11785.575425 -3346.789303 -11521.512083
-11787.265955 -3347.146043 -11522.519478
-11788.956485 -3347.502783 -11523.526874
-11790.647015 -3347.859522 -11524.534269
-11792.337545 -3348.216262 -11525.541665
-11794.028075 -3348.573002 -11526.549060
-11795.718604 -3348.929742 -11527.556456
-11797.409134 -3349.286482 -11528.563851
-11799.099664 -3349.643221 -11529.571247
-11800.790194 -3349.999961 -11530.578642
-11802.480724 -3350.356701 -11531.586037
-11804.171254 -3350.713441 -11532.593433
-11805.861783 -3351.070181 -11533.600828
-11807.552313 -3351.426920 -11534.608224
-11809.242843 -3351.783660 -11535.615619
-11810.933373 -3352.140400 -11536.623015
-11812.623903 -3352.497140 -11537.630410
-11814.314433 -3352.853880 -11538.637806
-11816.004963 -3353.210619 -11539.645201
-11817.695492 -3353.567359 -11540.652596
-11819.386022 -3353.924099 -11541.659992
-11821.076552 -3354.280839 -11542.667387
-11822.767082 -3354.637579 -11543.674783
-11824.457612 -3354.994318 -11544.682178
-11826.148142 -3355.351058 -11545.689574
-11827.838671 -3355.707798 -11546.696969
-11829.529201 -3356.064538 -11547.704364
-11831.219731 -3356.421278 -11548.711760
-11832.910261 -3356.778017 -11549.719155
-11834.600791 -3357.134757 -11550.726551
-11836.291321 -3357.491497 -11551.733946
-11837.981850 -3357.848237 -11552.741342
-11839.672380 -3358.204977 -11553.748737
-11841.362910 -3358.561716 -11554.756133
-11843.053440 -3358.918456 -11555.763528
-11844.743970 -3359.275196 -11556.770923
-11846.434500 -3359.631936 -11557.778319
-11848.125030 -3359.988676 -11558.785714
-11849.815559 -3360.345415 -11559.793110
-11851.506089 -3360.702155 -11560.800505
-11853.196619 -3361.058895 -11561.807901
-11854.887149 -3361.415635 -11562.815296
-11856.577679 -3361.772375 -11563.822692
-11858.268209 -3362.129114 -11564.830087
-11859.958738 -3362.485854 -11565.837482
-11861.649268 -3362.842594 -11566.844878
-11863.339798 -3363.199334 -11567.852273
-11865.030328 -3363.556074 -11568.859669
-11866.720858 -3363.912813 -11569.867064
-11868.411388 -3364.269553 -11570.874460
-11870.101917 -3364.626293 -11571.881855
-11871.792447 -3364.983033 -11572.889250
-11873.482977 -3365.339773 -11573.896646
-11875.173507 -3365.696512 -11574.904041
-11876.864037 -3366.053252 -11575.911437
-11878.554567 -3366.409992 -11576.918832
-11880.245096 -3366.766732 -11577.926228
-11881.935626 -3367.123472 -11578.933623
-11883.626156 -3367.480211 -11579.941019
-11885.316686 -3367.836951 -11580.948414
-11887.007216 -3368.193691 -11581.955809
-11888.697746 -3368.550431 -11582.963205
-11890.388276 -3368.907171 -11583.970600
-11892.078805 -3369.263910 -11584.977996
-11893.769335 -3369.620650 -11585.985391
-11895.459865 -3369.977390 -11586.992787
-11897.150395 -3370.334130 -11588.000182
-11898.840925 -3370.690870 -11589.007577
-11900.531455 -3371.047609 -11590.014973
-11902.221984 -3371.404349 -11591.022368
-11903.912514 -3371.761089 -11592.029764
-11905.603044 -3372.117829 -11593.037159
-11907.293574 -3372.474569 -11594.044555
-11908.984104 -3372.831308 -11595.051950
-11910.674634 -3373.188048 -11596.059346
-11912.365163 -3373.544788 -11597.066741
-11914.055693 -3373.901528 -11598.074136
-11915.746223 -3374.258268 -11599.081532
-11917.436753 -3374.615007 -11600.088927
-11919.127283 -3374.971747 -11601.096323
-11920.817813 -3375.328487 -11602.103718
-11924.000000 -3376.000000 -11604.000000
-11924.828704 -3377.820233 -11603.998339
-11925.657408 -3379.640465 -11603.996678
-11926.486112 -3381.460698 -11603.995016
-11927.314816 -3383.280931 -11603.993355
-11928.143520 -3385.101163 -11603.991694
-11928.972224 -3386.921396 -11603.990033
-11929.800928 -3388.741629 -11603.988371
-11930.629632 -3390.561861 -11603.986710
-11931.458336 -3392.382094 -11603.985049
-11932.287040 -3394.202327 -11603.983388
-11933.115743 -3396.022559 -11603.981726
-11933.944447 -3397.842792 -11603.980065
-11934.773151 -3399.663025 -11603.978404
-11935.601855 -3401.483257 -11603.976743
-11936.430559 -3403.303490 -11603.975081
-11937.259263 -3405.123723 -11603.973420
-11938.087967 -3406.943956 -11603.971759
-11938.916671 -3408.764188 -11603.970098
-11939.745375 -3410.584421 -11603.968436
-11940.574079 -3412.404654 -11603.966775
-11941.402783 -3414.224886 -11603.965114
-11942.231487 -3416.045119 -11603.963453
-11943.060191 -3417.865352 -11603.961791
-11943.888895 -3419.685584 -11603.960130
-11944.717599 -3421.505817 -11603.958469
-11945.546303 -3423.326050 -11603.956808
-11946.375007 -3425.146282 -11603.955146
-11947.203711 -3426.966515 -11603.953485
-11948.032415 -3428.786748 -11603.951824
-11948.861119 -3430.606980 -11603.950163
-11949.689823 -3432.427213 -11603.948501
-11950.518526 -3434.247446 -11603.946840
-11951.347230 -3436.067678 -11603.945179
-11952.175934 -3437.887911 -11603.943518
-11953.004638 -3439.708144 -11603.941856
-11953.833342 -3441.528376 -11603.940195
-11954.662046 -3443.348609 -11603.938534
-11955.490750 -3445.168842 -11603.936873
-11956.319454 -3446.989074 -11603.935211
-11957.148158 -3448.809307 -11603.933550
-11957.976862 -3450.629540 -11603.931889
-11958.805566 -3452.449772 -11603.930228
-11959.634270 -3454.270005 -11603.928566
-11960.462974 -3456.090238 -11603.926905
-11961.291678 -3457.910470 -11603.925244
-11962.120382 -3459.730703 -11603.923583
-11962.949086 -3461.550936 -11603.921921
-11963.777790 -3463.371169 -11603.920260
-11964.606494 -3465.191401 -11603.918599
-11965.435198 -3467.011634 -11603.916938
-11966.263902 -3468.831867 -11603.915277
-11967.092606 -3470.652099 -11603.913615
-11967.921309 -3472.472332 -11603.911954
-11968.750013 -3474.292565 -11603.910293
-11969.578717 -3476.112797 -11603.908632
-11970.407421 -3477.933030 -11603.906970
-11971.236125 -3479.753263 -11603.905309
-11972.064829 -3481.573495 -11603.903648
-11972.893533 -3483.393728 -11603.901987
-11973.722237 -3485.213961 -11603.900325
-11974.550941 -3487.034193 -11603.898664
-11975.379645 -3488.854426 -11603.897003
-11976.208349 -3490.674659 -11603.895342
-11977.037053 -3492.494891 -11603.893680
-11977.865757 -3494.315124 -11603.892019
-11978.694461 -3496.135357 -11603.890358
-11979.523165 -3497.955589 -11603.888697
-11980.351869 -3499.775822 -11603.887035
-11981.180573 -3501.596055 -11603.885374
-11982.009277 -3503.416287 -11603.883713
-11982.837981 -3505.236520 -11603.882052
-11983.666685 -3507.056753 -11603.880390
-11984.495389 -3508.876985 -11603.878729
-11985.324092 -3510.697218 -11603.877068
-11986.152796 -3512.517451 -11603.875407
-11986.981500 -3514.337683 -11603.873745
-11987.810204 -3516.157916 -11603.872084
-11988.638908 -3517.978149 -11603.870423
-11989.467612 -3519.798382 -11603.868762
-11990.296316 -3521.618614 -11603.867100
-11991.125020 -3523.438847 -11603.865439
-11991.953724 -3525.259080 -11603.863778
-11992.782428 -3527.079312 -11603.862117
-11993.611132 -3528.899545 -11603.860455
-11994.439836 -3530.719778 -11603.858794
-11995.268540 -3532.540010 -11603.857133
-11996.097244 -3534.360243 -11603.855472
-11996.925948 -3536.180476 -11603.853810
-11997.754652 -3538.000708 -11603.852149
-11998.583356 -3539.820941 -11603.850488
-11999.412060 -3541.641174 -11603.848827
-12000.240764 -3543.461406 -11603.847165
-12001.069468 -3545.281639 -11603.845504
-12001.898172 -3547.101872 -11603.843843
-12002.726875 -3548.922104 -11603.842182
-12003.555579 -3550.742337 -11603.840520
-12004.384283 -3552.562570 -11603.838859
-12005.212987 -3554.382802 -11603.837198
-12006.041691 -3556.203035 -11603.835537
-12006.870395 -3558.023268 -11603.833875
-12007.699099 -3559.843500 -11603.832214
-12008.527803 -3561.663733 -11603.830553
-12009.356507 -3563.483966 -11603.828892
-12010.185211 -3565.304198 -11603.827231
-12011.013915 -3567.124431 -11603.825569
-12011.842619 -3568.944664 -11603.823908
-12012.671323 -3570.764896 -11603.822247
-12013.500027 -3572.585129 -11603.820586
-12014.328731 -3574.405362 -11603.818924
-12015.157435 -3576.225595 -11603.817263
-12015.986139 -3578.045827 -11603.815602
-12016.814843 -3579.866060 -11603.813941
-12017.643547 -3581.686293 -11603.812279
-12018.472251 -3583.506525 -11603.810618
-12019.300955 -3585.326758 -11603.808957
-12020.129658 -3587.146991 -11603.807296
-12020.958362 -3588.967223 -11603.805634
-12021.787066 -3590.787456 -11603.803973
-12022.615770 -3592.607689 -11603.802312
-12023.444474 -3594.427921 -11603.800651
-12024.273178 -3596.248154 -11603.798989
-12025.101882 -3598.068387 -11603.797328
-12025.930586 -3599.888619 -11603.795667
-12026.759290 -3601.708852 -11603.794006
-12027.587994 -3603.529085 -11603.792344
-12028.416698 -3605.349317 -11603.790683
-12029.245402 -3607.169550 -11603.789022
-12030.074106 -3608.989783 -11603.787361
-12030.902810 -3610.810015 -11603.785699
-12031.731514 -3612.630248 -11603.784038
-12032.560218 -3614.450481 -11603.782377
-12033.388922 -3616.270713 -11603.780716
-12034.217626 -3618.090946 -11603.779054
-12035.046330 -3619.911179 -11603.777393
-12035.875034 -3621.731411 -11603.775732
-12036.703738 -3623.551644 -11603.774071
-12037.532441 -3625.371877 -11603.772409
-12038.361145 -3627.192109 -11603.770748
-12039.189849 -3629.012342 -11603.769087
-12040.018553 -3630.832575 -11603.767426
-12040.847257 -3632.652808 -11603.765764
-12041.675961 -3634.473040 -11603.764103
-12042.504665 -3636.293273 -11603.762442
-12043.333369 -3638.113506 -11603.760781
-12044.162073 -3639.933738 -11603.759119
-12044.990777 -3641.753971 -11603.757458
-12045.819481 -3643.574204 -11603.755797
-12046.648185 -3645.394436 -11603.754136
-12047.476889 -3647.214669 -11603.752474
-12048.305593 -3649.034902 -11603.750813
-12049.134297 -3650.855134 -11603.749152
-12049.963001 -3652.675367 -11603.747491
-12050.791705 -3654.495600 -11603.745830
-12051.620409 -3656.315832 -11603.744168
-12052.449113 -3658.136065 -11603.742507
-12053.277817 -3659.956298 -11603.740846
-12054.106521 -3661.776530 -11603.739185
-12054.935224 -3663.596763 -11603.737523
-12055.763928 -3665.416996 -11603.735862
-12056.592632 -3667.237228 -11603.734201
-12057.421336 -3669.057461 -11603.732540
-12058.250040 -3670.877694 -11603.730878
-12059.078744 -3672.697926 -11603.729217
-12059.907448 -3674.518159 -11603.727556
-12060.736152 -3676.338392 -11603.725895
-12061.564856 -3678.158624 -11603.724233
-12062.393560 -3679.978857 -11603.722572
-12063.222264 -3681.799090 -11603.720911
-12064.050968 -3683.619322 -11603.719250
-12064.879672 -3685.439555 -11603.717588
-12065.708376 -3687.259788 -11603.715927
-12066.537080 -3689.080020 -11603.714266
-12067.365784 -3690.900253 -11603.712605
-12068.194488 -3692.720486 -11603.710943
-12069.023192 -3694.540719 -11603.709282
-12069.851896 -3696.360951 -11603.707621
-12070.680600 -3698.181184 -11603.705960
-12071.509304 -3700.001417 -11603.704298
-12072.338007 -3701.821649 -11603.702637
-12073.166711 -3703.641882 -11603.700976
-12073.995415 -3705.462115 -11603.699315
-12074.824119 -3707.282347 -11603.697653
-12075.652823 -3709.102580 -11603.695992
-12076.481527 -3710.922813 -11603.694331
-12077.310231 -3712.743045 -11603.692670
-12078.138935 -3714.563278 -11603.691008
-12078.967639 -3716.383511 -11603.689347
-12079.796343 -3718.203743 -11603.687686
-12080.625047 -3720.023976 -11603.686025
-12081.453751 -3721.844209 -11603.684363
-12082.282455 -3723.664441 -11603.682702
-12083.111159 -3725.484674 -11603.681041
-12083.939863 -3727.304907 -11603.679380
-12084.768567 -3729.125139 -11603.677718
-12085.597271 -3730.945372 -11603.676057
-12086.425975 -3732.765605 -11603.674396
-12087.254679 -3734.585837 -11603.672735
-12088.083383 -3736.406070 -11603.671073
-12088.912087 -3738.226303 -11603.669412
-12089.740790 -3740.046535 -11603.667751
-12090.569494 -3741.866768 -11603.666090
-12091.398198 -3743.687001 -11603.664428
-12092.226902 -3745.507233 -11603.662767
-12093.055606 -3747.327466 -11603.661106
-12093.884310 -3749.147699 -11603.659445
-12094.713014 -3750.967932 -11603.657784
-12095.541718 -3752.788164 -11603.656122
-12096.370422 -3754.608397 -11603.654461
-12097.199126 -3756.428630 -11603.652800
-12098.027830 -3758.248862 -11603.651139
-12098.856534 -3760.069095 -11603.649477
-12099.685238 -3761.889328 -11603.647816
-12100.513942 -3763.709560 -11603.646155
-12101.342646 -3765.529793 -11603.644494
-12102.171350 -3767.350026 -11603.642832
-12103.000054 -3769.170258 -11603.641171
-12103.828758 -3770.990491 -11603.639510
-12104.657462 -3772.810724 -11603.637849
-12105.486166 -3774.630956 -11603.636187
-12106.314870 -3776.451189 -11603.634526
-12107.143573 -3778.271422 -11603.632865
-12107.972277 -3780.091654 -11603.631204
-12108.800981 -3781.911887 -11603.629542
-12109.629685 -3783.732120 -11603.627881
-12110.458389 -3785.552352 -11603.626220
-12111.287093 -3787.372585 -11603.624559
-12112.115797 -3789.192818 -11603.622897
-12112.944501 -3791.013050 -11603.621236
-12113.773205 -3792.833283 -11603.619575
-12114.601909 -3794.653516 -11603.617914
-12115.430613 -3796.473748 -11603.616252
-12116.259317 -3798.293981 -11603.614591
-12117.088021 -3800.114214 -11603.612930
-12117.916725 -3801.934446 -11603.611269
-12118.745429 -3803.754679 -11603.609607
-12119.574133 -3805.574912 -11603.607946
-12120.402837 -3807.395145 -11603.606285
-12121.231541 -3809.215377 -11603.604624
-12122.060245 -3811.035610 -11603.602962
-12122.888949 -3812.855843 -11603.601301
-12123.717653 -3814.676075 -11603.599640
-12124.546356 -3816.496308 -11603.597979
-12125.375060 -3818.316541 -11603.596317
-12126.203764 -3820.136773 -11603.594656
-12127.032468 -3821.957006 -11603.592995
-12127.861172 -3823.777239 -11603.591334
-12128.689876 -3825.597471 -11603.589672
-12129.518580 -3827.417704 -11603.588011
-12130.347284 -3829.237937 -11603.586350
-12131.175988 -3831.058169 -11603.584689
-12132.004692 -3832.878402 -11603.583027
-12132.833396 -3834.698635 -11603.581366
-12133.662100 -3836.518867 -11603.579705
-12134.490804 -3838.339100 -11603.578044
-12135.319508 -3840.159333 -11603.576383
-12136.148212 -3841.979565 -11603.574721
-12136.976916 -3843.799798 -11603.573060
-12137.805620 -3845.620031 -11603.571399
-12138.634324 -3847.440263 -11603.569738
-12139.463028 -3849.260496 -11603.568076
-12140.291732 -3851.080729 -11603.566415
-12141.120436 -3852.900961 -11603.564754
-12141.949139 -3854.721194 -11603.563093
-12142.777843 -3856.541427 -11603.561431
-12143.606547 -3858.361659 -11603.559770
-12144.435251 -3860.181892 -11603.558109
-12145.263955 -3862.002125 -11603.556448
-12146.092659 -3863.822358 -11603.554786
-12146.921363 -3865.642590 -11603.553125
-12147.750067 -3867.462823 -11603.551464
-12148.578771 -3869.283056 -11603.549803
-12149.407475 -3871.103288 -11603.548141
-12150.236179 -3872.923521 -11603.546480
-12151.064883 -3874.743754 -11603.544819
-12151.893587 -3876.563986 -11603.543158
-12152.722291 -3878.384219 -11603.541496
-12153.550995 -3880.204452 -11603.539835
-12154.379699 -3882.024684 -11603.538174
-12155.208403 -3883.844917 -11603.536513
-12156.037107 -3885.665150 -11603.534851
-12156.865811 -3887.485382 -11603.533190
-12157.694515 -3889.305615 -11603.531529
-12158.523219 -3891.125848 -11603.529868
-12159.351922 -3892.946080 -11603.528206
-12160.180626 -3894.766313 -11603.526545
-12161.009330 -3896.586546 -11603.524884
-12161.838034 -3898.406778 -11603.523223
-12162.666738 -3900.227011 -11603.521561
-12163.495442 -3902.047244 -11603.519900
-12164.324146 -3903.867476 -11603.518239
-12165.152850 -3905.687709 -11603.516578
-12165.981554 -3907.507942 -11603.514916
-12166.810258 -3909.328174 -11603.513255
-12167.638962 -3911.148407 -11603.511594
-12168.467666 -3912.968640 -11603.509933
-12169.296370 -3914.788872 -11603.508271
-12170.125074 -3916.609105 -11603.506610
-12170.953778 -3918.429338 -11603.504949
-12171.782482 -3920.249571 -11603.503288
-12172.611186 -3922.069803 -11603.501626
-12173.439890 -3923.890036 -11603.499965
-12174.268594 -3925.710269 -11603.498304
-12175.097298 -3927.530501 -11603.496643
-12175.926002 -3929.350734 -11603.494981
-12176.754705 -3931.170967 -11603.493320
-12177.583409 -3932.991199 -11603.491659
-12178.412113 -3934.811432 -11603.489998
-12179.240817 -3936.631665 -11603.488337
-12180.069521 -3938.451897 -11603.486675
-12180.898225 -3940.272130 -11603.485014
-12181.726929 -3942.092363 -11603.483353
-12182.555633 -3943.912595 -11603.481692
-12183.384337 -3945.732828 -11603.480030
-12184.213041 -3947.553061 -11603.478369
-12185.041745 -3949.373293 -11603.476708
-12185.870449 -3951.193526 -11603.475047
-12186.699153 -3953.013759 -11603.473385
-12187.527857 -3954.833991 -11603.471724
-12188.356561 -3956.654224 -11603.470063
-12189.185265 -3958.474457 -11603.468402
-12190.013969 -3960.294689 -11603.466740
-12190.842673 -3962.114922 -11603.465079
-12191.671377 -3963.935155 -11603.463418
-12192.500081 -3965.755387 -11603.461757
-12193.328785 -3967.575620 -11603.460095
-12194.157488 -3969.395853 -11603.458434
-12194.986192 -3971.216085 -11603.456773
-12195.814896 -3973.036318 -11603.455112
-12196.643600 -3974.856551 -11603.453450
-12197.472304 -3976.676784 -11603.451789
-12198.301008 -3978.497016 -11603.450128
-12199.129712 -3980.317249 -11603.448467
-12199.958416 -3982.137482 -11603.446805
-12200.787120 -3983.957714 -11603.445144
-12201.615824 -3985.777947 -11603.443483
-12202.444528 -3987.598180 -11603.441822
-12203.273232 -3989.418412 -11603.440160
-12204.101936 -3991.238645 -11603.438499
-12204.930640 -3993.058878 -11603.436838
-12205.759344 -3994.879110 -11603.435177
-12206.588048 -3996.699343 -11603.433515
-12207.416752 -3998.519576 -11603.431854
-12208.245456 -4000.339808 -11603.430193
-12209.074160 -4002.160041 -11603.428532
-12209.902864 -4003.980274 -11603.426870
-12210.731568 -4005.800506 -11603.425209
-12211.560271 -4007.620739 -11603.423548
-12212.388975 -4009.440972 -11603.421887
-12213.217679 -4011.261204 -11603.420225
-12214.046383 -4013.081437 -11603.418564
-12214.875087 -4014.901670 -11603.416903
-12215.703791 -4016.721902 -11603.415242
-12216.532495 -4018.542135 -11603.413580
-12217.361199 -4020.362368 -11603.411919
-12218.189903 -4022.182600 -11603.410258
-12219.018607 -4024.002833 -11603.408597
-12219.847311 -4025.823066 -11603.406936
-12220.676015 -4027.643298 -11603.405274
-12221.504719 -4029.463531 -11603.403613
-12222.333423 -4031.283764 -11603.401952
-12223.162127 -4033.103997 -11603.400291
-12223.990831 -4034.924229 -11603.398629
-12224.819535 -4036.744462 -11603.396968
-12225.648239 -4038.564695 -11603.395307
-12226.476943 -4040.384927 -11603.393646
-12227.305647 -4042.205160 -11603.391984
-12228.134351 -4044.025393 -11603.390323
-12228.963054 -4045.845625 -11603.388662
-12229.791758 -4047.665858 -11603.387001
-12230.620462 -4049.486091 -11603.385339
-12231.449166 -4051.306323 -11603.383678
-12232.277870 -4053.126556 -11603.382017
-12233.106574 -4054.946789 -11603.380356
-12233.935278 -4056.767021 -11603.378694
-12234.763982 -4058.587254 -11603.377033
-12235.592686 -4060.407487 -11603.375372
-12236.421390 -4062.227719 -11603.373711
-12237.250094 -4064.047952 -11603.372049
-12238.078798 -4065.868185 -11603.370388
-12238.907502 -4067.688417 -11603.368727
-12239.736206 -4069.508650 -11603.367066
-12240.564910 -4071.328883 -11603.365404
-12241.393614 -4073.149115 -11603.363743
-12242.222318 -4074.969348 -11603.362082
-12243.051022 -4076.789581 -11603.360421
-12243.879726 -4078.609813 -11603.358759
-12244.708430 -4080.430046 -11603.357098
-12245.537134 -4082.250279 -11603.355437
-12246.365837 -4084.070511 -11603.353776
-12247.194541 -4085.890744 -11603.352114
-12248.023245 -4087.710977 -11603.350453
-12248.851949 -4089.531210 -11603.348792
-12249.680653 -4091.351442 -11603.347131
-12250.509357 -4093.171675 -11603.345469
-12251.338061 -4094.991908 -11603.343808
-12252.166765 -4096.812140 -11603.342147
-12252.995469 -4098.632373 -11603.340486
-12253.824173 -4100.452606 -11603.338824
-12254.652877 -4102.272838 -11603.337163
-12255.481581 -4104.093071 -11603.335502
-12256.310285 -4105.913304 -11603.333841
-12257.138989 -4107.733536 -11603.332179
-12257.967693 -4109.553769 -11603.330518
-12258.796397 -4111.374002 -11603.328857
-12259.625101 -4113.194234 -11603.327196
-12260.453805 -4115.014467 -11603.325534
-12261.282509 -4116.834700 -11603.323873
-12262.111213 -4118.654932 -11603.322212
-12262.939917 -4120.475165 -11603.320551
-12263.768620 -4122.295398 -11603.318890
-12264.597324 -4124.115630 -11603.317228
-12265.426028 -4125.935863 -11603.315567
-12266.254732 -4127.756096 -11603.313906
-12267.083436 -4129.576328 -11603.312245
-12267.912140 -4131.396561 -11603.310583
-12268.740844 -4133.216794 -11603.308922
-12269.569548 -4135.037026 -11603.307261
-12270.398252 -4136.857259 -11603.305600
-12271.226956 -4138.677492 -11603.303938
-12272.055660 -4140.497724 -11603.302277
-12272.884364 -4142.317957 -11603.300616
-12273.713068 -4144.138190 -11603.298955
-12274.541772 -4145.958423 -11603.297293
-12275.370476 -4147.778655 -11603.295632
-12276.199180 -4149.598888 -11603.293971
-12277.027884 -4151.419121 -11603.292310
-12277.856588 -4153.239353 -11603.290648
-12278.685292 -4155.059586 -11603.288987
-12279.513996 -4156.879819 -11603.287326
-12280.342700 -4158.700051 -11603.285665
-12281.171403 -4160.520284 -11603.284003
-12282.000107 -4162.340517 -11603.282342
-12282.828811 -4164.160749 -11603.280681
-12283.657515 -4165.980982 -11603.279020
-12284.486219 -4167.801215 -11603.277358
-12285.314923 -4169.621447 -11603.275697
-12286.143627 -4171.441680 -11603.274036
-12286.972331 -4173.261913 -11603.272375
-12287.801035 -4175.082145 -11603.270713
-12288.629739 -4176.902378 -11603.269052
-12289.458443 -4178.722611 -11603.267391
-12290.287147 -4180.542843 -11603.265730
-12291.115851 -4182.363076 -11603.264068
-12291.944555 -4184.183309 -11603.262407
-12292.773259 -4186.003541 -11603.260746
-12293.601963 -4187.823774 -11603.259085
-12294.430667 -4189.644007 -11603.257423
-12295.259371 -4191.464239 -11603.255762
-12296.088075 -4193.284472 -11603.254101
-12296.916779 -4195.104705 -11603.252440
-12297.745483 -4196.924937 -11603.250778
-12298.574186 -4198.745170 -11603.249117
-12299.402890 -4200.565403 -11603.247456
-12300.231594 -4202.385636 -11603.245795
-12301.060298 -4204.205868 -11603.244133
-12301.889002 -4206.026101 -11603.242472
-12302.717706 -4207.846334 -11603.240811
-12303.546410 -4209.666566 -11603.239150
-12304.375114 -4211.486799 -11603.237489
-12305.203818 -4213.307032 -11603.235827
-12306.032522 -4215.127264 -11603.234166
-12306.861226 -4216.947497 -11603.232505
-12307.689930 -4218.767730 -11603.230844
-12308.518634 -4220.587962 -11603.229182
-12309.347338 -4222.408195 -11603.227521
-12310.176042 -4224.228428 -11603.225860
-12311.004746 -4226.048660 -11603.224199
-12311.833450 -4227.868893 -11603.222537
-12312.662154 -4229.689126 -11603.220876
-12313.490858 -4231.509358 -11603.219215
-12314.319562 -4233.329591 -11603.217554
-12315.148266 -4235.149824 -11603.215892
-12315.976969 -4236.970056 -11603.214231
-12316.805673 -4238.790289 -11603.212570
-12317.634377 -4240.610522 -11603.210909
-12318.463081 -4242.430754 -11603.209247
-12319.291785 -4244.250987 -11603.207586
-12320.120489 -4246.071220 -11603.205925
-12320.949193 -4247.891452 -11603.204264
-12321.777897 -4249.711685 -11603.202602
-12322.606601 -4251.531918 -11603.200941
-12323.435305 -4253.352150 -11603.199280
-12324.264009 -4255.172383 -11603.197619
-12325.092713 -4256.992616 -11603.195957
-12325.921417 -4258.812849 -11603.194296
-12326.750121 -4260.633081 -11603.192635
-12327.578825 -4262.453314 -11603.190974
-12328.407529 -4264.273547 -11603.189312
-12329.236233 -4266.093779 -11603.187651
-12330.064937 -4267.914012 -11603.185990
-12330.893641 -4269.734245 -11603.184329
-12331.722345 -4271.554477 -11603.182667
-12332.551049 -4273.374710 -11603.181006
-12333.379752 -4275.194943 -11603.179345
-12334.208456 -4277.015175 -11603.177684
-12335.037160 -4278.835408 -11603.176022
-12335.865864 -4280.655641 -11603.174361
-12336.694568 -4282.475873 -11603.172700
-12337.523272 -4284.296106 -11603.171039
-12338.351976 -4286.116339 -11603.169377
-12339.180680 -4287.936571 -11603.167716
-12340.009384 -4289.756804 -11603.166055
-12340.838088 -4291.577037 -11603.164394
-12341.666792 -4293.397269 -11603.162732
-12342.495496 -4295.217502 -11603.161071
-12343.324200 -4297.037735 -11603.159410
-12344.152904 -4298.857967 -11603.157749
-12344.981608 -4300.678200 -11603.156088
-12345.810312 -4302.498433 -11603.154426
-12346.639016 -4304.318665 -11603.152765
-12347.467720 -4306.138898 -11603.151104
-12348.296424 -4307.959131 -11603.149443
-12349.125128 -4309.779363 -11603.147781
-12349.953832 -4311.599596 -11603.146120
-12350.782535 -4313.419829 -11603.144459
-12351.611239 -4315.240061 -11603.142798
-12352.439943 -4317.060294 -11603.141136
-12353.268647 -4318.880527 -11603.139475
-12354.097351 -4320.700760 -11603.137814
-12354.926055 -4322.520992 -11603.136153
-12355.754759 -4324.341225 -11603.134491
-12356.583463 -4326.161458 -11603.132830
-12357.412167 -4327.981690 -11603.131169
-12358.240871 -4329.801923 -11603.129508
-12359.069575 -4331.622156 -11603.127846
-12359.898279 -4333.442388 -11603.126185
-12360.726983 -4335.262621 -11603.124524
-12361.555687 -4337.082854 -11603.122863
-12362.384391 -4338.903086 -11603.121201
-12363.213095 -4340.723319 -11603.119540
-12364.041799 -4342.543552 -11603.117879
-12364.870503 -4344.363784 -11603.116218
-12365.699207 -4346.184017 -11603.114556
-12366.527911 -4348.004250 -11603.112895
-12367.356615 -4349.824482 -11603.111234
-12368.185318 -4351.644715 -11603.109573
-12369.014022 -4353.464948 -11603.107911
-12369.842726 -4355.285180 -11603.106250
-12370.671430 -4357.105413 -11603.104589
-12371.500134 -4358.925646 -11603.102928
-12372.328838 -4360.745878 -11603.101266
-12373.157542 -4362.566111 -11603.099605
-12373.986246 -4364.386344 -11603.097944
-12374.814950 -4366.206576 -11603.096283
-12375.643654 -4368.026809 -11603.094621
-12376.472358 -4369.847042 -11603.092960
-12377.301062 -4371.667274 -11603.091299
-12378.129766 -4373.487507 -11603.089638
-12378.958470 -4375.307740 -11603.087976
-12379.787174 -4377.127973 -11603.086315
-12380.615878 -4378.948205 -11603.084654
-12381.444582 -4380.768438 -11603.082993
-12382.273286 -4382.588671 -11603.081331
-12383.101990 -4384.408903 -11603.079670
-12383.930694 -4386.229136 -11603.078009
-12384.759398 -4388.049369 -11603.076348
-12385.588101 -4389.869601 -11603.074686
-12386.416805 -4391.689834 -11603.073025
-12387.245509 -4393.510067 -11603.071364
-12388.074213 -4395.330299 -11603.069703
-12388.902917 -4397.150532 -11603.068042
-12389.731621 -4398.970765 -11603.066380
-12390.560325 -4400.790997 -11603.064719
-12391.389029 -4402.611230 -11603.063058
-12392.217733 -4404.431463 -11603.061397
-12393.046437 -4406.251695 -11603.059735
-12393.875141 -4408.071928 -11603.058074
-12394.703845 -4409.892161 -11603.056413
-12395.532549 -4411.712393 -11603.054752
-12396.361253 -4413.532626 -11603.053090
-12397.189957 -4415.352859 -11603.051429
-12398.018661 -4417.173091 -11603.049768
-12398.847365 -4418.993324 -11603.048107
-12399.676069 -4420.813557 -11603.046445
-12400.504773 -4422.633789 -11603.044784
-12401.333477 -4424.454022 -11603.043123
-12402.162181 -4426.274255 -11603.041462
-12402.990884 -4428.094487 -11603.039800
-12403.819588 -4429.914720 -11603.038139
-12404.648292 -4431.734953 -11603.036478
-12405.476996 -4433.555186 -11603.034817
-12406.305700 -4435.375418 -11603.033155
-12407.134404 -4437.195651 -11603.031494
-12407.963108 -4439.015884 -11603.029833
-12408.791812 -4440.836116 -11603.028172
-12409.620516 -4442.656349 -11603.026510
-12410.449220 -4444.476582 -11603.024849
-12411.277924 -4446.296814 -11603.023188
-12412.106628 -4448.117047 -11603.021527
-12412.935332 -4449.937280 -11603.019865
-12413.764036 -4451.757512 -11603.018204
-12414.592740 -4453.577745 -11603.016543
-12415.421444 -4455.397978 -11603.014882
-12416.250148 -4457.218210 -11603.013220
-12417.078852 -4459.038443 -11603.011559
-12417.907556 -4460.858676 -11603.009898
-12418.736260 -4462.678908 -11603.008237
-12419.564964 -4464.499141 -11603.006575
-12420.393667 -4466.319374 -11603.004914
-12421.222371 -4468.139606 -11603.003253
-12422.051075 -4469.959839 -11603.001592
-12422.879779 -4471.780072 -11602.999930
-12423.708483 -4473.600304 -11602.998269
-12424.537187 -4475.420537 -11602.996608
-12425.365891 -4477.240770 -11602.994947
-12426.194595 -4479.061002 -11602.993285
-12427.023299 -4480.881235 -11602.991624
-12427.852003 -4482.701468 -11602.989963
-12428.680707 -4484.521700 -11602.988302
-12429.509411 -4486.341933 -11602.986641
-12430.338115 -4488.162166 -11602.984979
-12431.166819 -4489.982399 -11602.983318
-12431.995523 -4491.802631 -11602.981657
-12432.824227 -4493.622864 -11602.979996
-12433.652931 -4495.443097 -11602.978334
-12434.481635 -4497.263329 -11602.976673
-12435.310339 -4499.083562 -11602.975012
-12436.139043 -4500.903795 -11602.973351
-12436.967747 -4502.724027 -11602.971689
-12437.796450 -4504.544260 -11602.970028
-12438.625154 -4506.364493 -11602.968367
-12439.453858 -4508.184725 -11602.966706
-12440.282562 -4510.004958 -11602.965044
-12441.111266 -4511.825191 -11602.963383
-12441.939970 -4513.645423 -11602.961722
-12442.768674 -4515.465656 -11602.960061
-12443.597378 -4517.285889 -11602.958399
-12444.426082 -4519.106121 -11602.956738
-12445.254786 -4520.926354 -11602.955077
-12446.083490 -4522.746587 -11602.953416
-12446.912194 -4524.566819 -11602.951754
-12447.740898 -4526.387052 -11602.950093
-12448.569602 -4528.207285 -11602.948432
-12449.398306 -4530.027517 -11602.946771
-12450.227010 -4531.847750 -11602.945109
-12451.055714 -4533.667983 -11602.943448
-12451.884418 -4535.488215 -11602.941787
-12452.713122 -4537.308448 -11602.940126
-12453.541826 -4539.128681 -11602.938464
-12454.370530 -4540.948913 -11602.936803
-12455.199233 -4542.769146 -11602.935142
-12456.027937 -4544.589379 -11602.933481
-12456.856641 -4546.409612 -11602.931819
-12457.685345 -4548.229844 -11602.930158
-12458.514049 -4550.050077 -11602.928497
-12459.342753 -4551.870310 -11602.926836
-12460.171457 -4553.690542 -11602.925174
-12461.000161 -4555.510775 -11602.923513
-12461.828865 -4557.331008 -11602.921852
-12462.657569 -4559.151240 -11602.920191
-12463.486273 -4560.971473 -11602.918529
-12464.314977 -4562.791706 -11602.916868
-12465.143681 -4564.611938 -11602.915207
-12465.972385 -4566.432171 -11602.913546
-12466.801089 -4568.252404 -11602.911884
-12467.629793 -4570.072636 -11602.910223
-12468.458497 -4571.892869 -11602.908562
-12469.287201 -4573.713102 -11602.906901
-12470.115905 -4575.533334 -11602.905239
-12470.944609 -4577.353567 -11602.903578
-12471.773313 -4579.173800 -11602.901917
-12472.602016 -4580.994032 -11602.900256
-12473.430720 -4582.814265 -11602.898595
-12474.259424 -4584.634498 -11602.896933
-12475.088128 -4586.454730 -11602.895272
-12475.916832 -4588.274963 -11602.893611
-12476.745536 -4590.095196 -11602.891950
-12477.574240 -4591.915428 -11602.890288
-12478.402944 -4593.735661 -11602.888627
-12479.231648 -4595.555894 -11602.886966
-12480.060352 -4597.376126 -11602.885305
-12480.889056 -4599.196359 -11602.883643
-12481.717760 -4601.016592 -11602.881982
-12482.546464 -4602.836825 -11602.880321
-12483.375168 -4604.657057 -11602.878660
-12484.203872 -4606.477290 -11602.876998
-12485.032576 -4608.297523 -11602.875337
-12485.861280 -4610.117755 -11602.873676
-12486.689984 -4611.937988 -11602.872015
-12487.518688 -4613.758221 -11602.870353
-12488.347392 -4615.578453 -11602.868692
-12489.176096 -4617.398686 -11602.867031
-12490.004799 -4619.218919 -11602.865370
-12490.833503 -4621.039151 -11602.863708
-12491.662207 -4622.859384 -11602.862047
-12492.490911 -4624.679617 -11602.860386
-12493.319615 -4626.499849 -11602.858725
-12494.148319 -4628.320082 -11602.857063
-12494.977023 -4630.140315 -11602.855402
-12495.805727 -4631.960547 -11602.853741
-12496.634431 -4633.780780 -11602.852080
-12497.463135 -4635.601013 -11602.850418
-12498.291839 -4637.421245 -11602.848757
-12499.120543 -4639.241478 -11602.847096
-12499.949247 -4641.061711 -11602.845435
-12500.777951 -4642.881943 -11602.843773
-12501.606655 -4644.702176 -11602.842112
-12502.435359 -4646.522409 -11602.840451
-12503.264063 -4648.342641 -11602.838790
-12504.092767 -4650.162874 -11602.837128
-12504.921471 -4651.983107 -11602.835467
-12505.750175 -4653.803339 -11602.833806
-12506.578879 -4655.623572 -11602.832145
-12507.407582 -4657.443805 -11602.830483
-12508.236286 -4659.264038 -11602.828822
-12509.064990 -4661.084270 -11602.827161
-12509.893694 -4662.904503 -11602.825500
-12510.722398 -4664.724736 -11602.823838
-12511.551102 -4666.544968 -11602.822177
-12512.379806 -4668.365201 -11602.820516
-12513.208510 -4670.185434 -11602.818855
-12514.037214 -4672.005666 -11602.817194
-12514.865918 -4673.825899 -11602.815532
-12515.694622 -4675.646132 -11602.813871
-12516.523326 -4677.466364 -11602.812210
-12517.352030 -4679.286597 -11602.810549
-12518.180734 -4681.106830 -11602.808887
-12519.009438 -4682.927062 -11602.807226
-12519.838142 -4684.747295 -11602.805565
-12520.666846 -4686.567528 -11602.803904
-12521.495550 -4688.387760 -11602.802242
-12522.324254 -4690.207993 -11602.800581
-12523.152958 -4692.028226 -11602.798920
-12523.981662 -4693.848458 -11602.797259
-12524.810365 -4695.668691 -11602.795597
-12525.639069 -4697.488924 -11602.793936
-12526.467773 -4699.309156 -11602.792275
-12527.296477 -4701.129389 -11602.790614
-12528.125181 -4702.949622 -11602.788952
-12528.953885 -4704.769854 -11602.787291
-12529.782589 -4706.590087 -11602.785630
-12530.611293 -4708.410320 -11602.783969
-12531.439997 -4710.230552 -11602.782307
-12532.268701 -4712.050785 -11602.780646
-12533.097405 -4713.871018 -11602.778985
-12533.926109 -4715.691251 -11602.777324
-12534.754813 -4717.511483 -11602.775662
-12535.583517 -4719.331716 -11602.774001
-12536.412221 -4721.151949 -11602.772340
-12537.240925 -4722.972181 -11602.770679
-12538.069629 -4724.792414 -11602.769017
-12538.898333 -4726.612647 -11602.767356
-12539.727037 -4728.432879 -11602.765695
-12540.555741 -4730.253112 -11602.764034
-12541.384445 -4732.073345 -11602.762372
-12542.213148 -4733.893577 -11602.760711
-12543.041852 -4735.713810 -11602.759050
-12543.870556 -4737.534043 -11602.757389
-12544.699260 -4739.354275 -11602.755727
-12545.527964 -4741.174508 -11602.754066
-12546.356668 -4742.994741 -11602.752405
-12547.185372 -4744.814973 -11602.750744
-12548.014076 -4746.635206 -11602.749082
-12548.842780 -4748.455439 -11602.747421
-12549.671484 -4750.275671 -11602.745760
-12550.500188 -4752.095904 -11602.744099
-12551.328892 -4753.916137 -11602.742437
-12552.157596 -4755.736369 -11602.740776
-12552.986300 -4757.556602 -11602.739115
-12553.815004 -4759.376835 -11602.737454
-12554.643708 -4761.197067 -11602.735792
-12555.472412 -4763.017300 -11602.734131
-12556.301116 -4764.837533 -11602.732470
-12557.129820 -4766.657765 -11602.730809
-12557.958524 -4768.477998 -11602.729148
-12558.787228 -4770.298231 -11602.727486
-12559.615931 -4772.118464 -11602.725825
-12560.444635 -4773.938696 -11602.724164
-12561.273339 -4775.758929 -11602.722503
-12562.102043 -4777.579162 -11602.720841
-12562.930747 -4779.399394 -11602.719180
-12563.759451 -4781.219627 -11602.717519
-12564.588155 -4783.039860 -11602.715858
-12565.416859 -4784.860092 -11602.714196
-12566.245563 -4786.680325 -11602.712535
-12567.074267 -4788.500558 -11602.710874
-12567.902971 -4790.320790 -11602.709213
-12568.731675 -4792.141023 -11602.707551
-12569.560379 -4793.961256 -11602.705890
-12570.389083 -4795.781488 -11602.704229
-12571.217787 -4797.601721 -11602.702568
-12572.046491 -4799.421954 -11602.700906
-12572.875195 -4801.242186 -11602.699245
-12573.703899 -4803.062419 -11602.697584
-12574.532603 -4804.882652 -11602.695923
-12575.361307 -4806.702884 -11602.694261
-12576.190011 -4808.523117 -11602.692600
-12577.018714 -4810.343350 -11602.690939
-12577.847418 -4812.163582 -11602.689278
-12578.676122 -4813.983815 -11602.687616
-12579.504826 -4815.804048 -11602.685955
-12580.333530 -4817.624280 -11602.684294
-12581.162234 -4819.444513 -11602.682633
-12581.990938 -4821.264746 -11602.680971
-12582.819642 -4823.084978 -11602.679310
-12583.648346 -4824.905211 -11602.677649
-12584.477050 -4826.725444 -11602.675988
-12585.305754 -4828.545677 -11602.674326
-12586.134458 -4830.365909 -11602.672665
-12586.963162 -4832.186142 -11602.671004
-12587.791866 -4834.006375 -11602.669343
-12588.620570 -4835.826607 -11602.667681
-12589.449274 -4837.646840 -11602.666020
-12590.277978 -4839.467073 -11602.664359
-12591.106682 -4841.287305 -11602.662698
-12591.935386 -4843.107538 -11602.661036
-12592.764090 -4844.927771 -11602.659375
-12593.592794 -4846.748003 -11602.657714
-12594.421497 -4848.568236 -11602.656053
-12595.250201 -4850.388469 -11602.654391
-12596.078905 -4852.208701 -11602.652730
-12596.907609 -4854.028934 -11602.651069
-12597.736313 -4855.849167 -11602.649408
-12598.565017 -4857.669399 -11602.647747
-12599.393721 -4859.489632 -11602.646085
-12600.222425 -4861.309865 -11602.644424
-12601.051129 -4863.130097 -11602.642763
-12601.879833 -4864.950330 -11602.641102
-12602.708537 -4866.770563 -11602.639440
-12603.537241 -4868.590795 -11602.637779
-12604.365945 -4870.411028 -11602.636118
-12605.194649 -4872.231261 -11602.634457
-12606.023353 -4874.051493 -11602.632795
-12606.852057 -4875.871726 -11602.631134
-12607.680761 -4877.691959 -11602.629473
-12608.509465 -4879.512191 -11602.627812
-12609.338169 -4881.332424 -11602.626150
-12610.166873 -4883.152657 -11602.624489
-12610.995577 -4884.972889 -11602.622828
-12611.824280 -4886.793122 -11602.621167
-12612.652984 -4888.613355 -11602.619505
-12613.481688 -4890.433588 -11602.617844
-12614.310392 -4892.253820 -11602.616183
-12615.139096 -4894.074053 -11602.614522
-12615.967800 -4895.894286 -11602.612860
-12616.796504 -4897.714518 -11602.611199
-12617.625208 -4899.534751 -11602.609538
-12618.453912 -4901.354984 -11602.607877
-12619.282616 -4903.175216 -11602.606215
-12620.111320 -4904.995449 -11602.604554
-12620.940024 -4906.815682 -11602.602893
-12621.768728 -4908.635914 -11602.601232
-12622.597432 -4910.456147 -11602.599570
-12623.426136 -4912.276380 -11602.597909
-12624.254840 -4914.096612 -11602.596248
-12625.083544 -4915.916845 -11602.594587
-12625.912248 -4917.737078 -11602.592925
-12626.740952 -4919.557310 -11602.591264
-12627.569656 -4921.377543 -11602.589603
-12628.398360 -4923.197776 -11602.587942
-12629.227063 -4925.018008 -11602.586280
-12630.055767 -4926.838241 -11602.584619
-12630.884471 -4928.658474 -11602.582958
-12631.713175 -4930.478706 -11602.581297
-12632.541879 -4932.298939 -11602.579635
-12633.370583 -4934.119172 -11602.577974
-12634.199287 -4935.939404 -11602.576313
-12635.027991 -4937.759637 -11602.574652
-12635.856695 -4939.579870 -11602.572990
-12636.685399 -4941.400102 -11602.571329
-12637.514103 -4943.220335 -11602.569668
-12638.342807 -4945.040568 -11602.568007
-12639.171511 -4946.860801 -11602.566345
-12640.000215 -4948.681033 -11602.564684
-12640.828919 -4950.501266 -11602.563023
-12641.657623 -4952.321499 -11602.561362
-12642.486327 -4954.141731 -11602.559701
-12643.315031 -4955.961964 -11602.558039
-12644.143735 -4957.782197 -11602.556378
-12644.972439 -4959.602429 -11602.554717
-12645.801143 -4961.422662 -11602.553056
-12646.629846 -4963.242895 -11602.551394
-12647.458550 -4965.063127 -11602.549733
-12648.287254 -4966.883360 -11602.548072
-12649.115958 -4968.703593 -11602.546411
-12649.944662 -4970.523825 -11602.544749
-12650.773366 -4972.344058 -11602.543088
-12651.602070 -4974.164291 -11602.541427
-12652.430774 -4975.984523 -11602.539766
-12653.259478 -4977.804756 -11602.538104
-12654.088182 -4979.624989 -11602.536443
-12654.916886 -4981.445221 -11602.534782
-12655.745590 -4983.265454 -11602.533121
-12656.574294 -4985.085687 -11602.531459
-12657.402998 -4986.905919 -11602.529798
-12658.231702 -4988.726152 -11602.528137
-12659.060406 -4990.546385 -11602.526476
-12659.889110 -4992.366617 -11602.524814
-12660.717814 -4994.186850 -11602.523153
-12661.546518 -4996.007083 -11602.521492
-12662.375222 -4997.827315 -11602.519831
-12663.203926 -4999.647548 -11602.518169
-12664.032629 -5001.467781 -11602.516508
-12664.861333 -5003.288014 -11602.514847
-12665.690037 -5005.108246 -11602.513186
-12666.518741 -5006.928479 -11602.511524
-12667.347445 -5008.748712 -11602.509863
-12668.176149 -5010.568944 -11602.508202
-12669.004853 -5012.389177 -11602.506541
-12669.833557 -5014.209410 -11602.504879
-12670.662261 -5016.029642 -11602.503218
-12671.490965 -5017.849875 -11602.501557
-12672.319669 -5019.670108 -11602.499896
-12673.148373 -5021.490340 -11602.498234
-12673.977077 -5023.310573 -11602.496573
-12674.805781 -5025.130806 -11602.494912
-12675.634485 -5026.951038 -11602.493251
-12676.463189 -5028.771271 -11602.491589
-12677.291893 -5030.591504 -11602.489928
-12678.120597 -5032.411736 -11602.488267
-12678.949301 -5034.231969 -11602.486606
-12679.778005 -5036.052202 -11602.484944
-12680.606709 -5037.872434 -11602.483283
-12681.435412 -5039.692667 -11602.481622
-12682.264116 -5041.512900 -11602.479961
-12683.092820 -5043.333132 -11602.478300
-12683.921524 -5045.153365 -11602.476638
-12684.750228 -5046.973598 -11602.474977
-12685.578932 -5048.793830 -11602.473316
-12686.407636 -5050.614063 -11602.471655
-12687.236340 -5052.434296 -11602.469993
-12688.065044 -5054.254528 -11602.468332
-12688.893748 -5056.074761 -11602.466671
-12689.722452 -5057.894994 -11602.465010
-12690.551156 -5059.715227 -11602.463348
-12691.379860 -5061.535459 -11602.461687
-12692.208564 -5063.355692 -11602.460026
-12693.037268 -5065.175925 -11602.458365
-12693.865972 -5066.996157 -11602.456703
-12694.694676 -5068.816390 -11602.455042
-12695.523380 -5070.636623 -11602.453381
-12696.352084 -5072.456855 -11602.451720
-12697.180788 -5074.277088 -11602.450058
-12698.009492 -5076.097321 -11602.448397
-12698.838195 -5077.917553 -11602.446736
-12699.666899 -5079.737786 -11602.445075
-12700.495603 -5081.558019 -11602.443413
-12701.324307 -5083.378251 -11602.441752
-12702.153011 -5085.198484 -11602.440091
-12702.981715 -5087.018717 -11602.438430
-12703.810419 -5088.838949 -11602.436768
-12704.639123 -5090.659182 -11602.435107
-12705.467827 -5092.479415 -11602.433446
-12706.296531 -5094.299647 -11602.431785
-12707.125235 -5096.119880 -11602.430123
-12707.953939 -5097.940113 -11602.428462
-12708.782643 -5099.760345 -11602.426801
-12709.611347 -5101.580578 -11602.425140
-12710.440051 -5103.400811 -11602.423478
-12711.268755 -5105.221043 -11602.421817
-12712.097459 -5107.041276 -11602.420156
-12712.926163 -5108.861509 -11602.418495
-12713.754867 -5110.681741 -11602.416833
-12714.583571 -5112.501974 -11602.415172
-12715.412275 -5114.322207 -11602.413511
-12716.240978 -5116.142440 -11602.411850
-12717.069682 -5117.962672 -11602.410188
-12717.898386 -5119.782905 -11602.408527
-12718.727090 -5121.603138 -11602.406866
-12719.555794 -5123.423370 -11602.405205
-12720.384498 -5125.243603 -11602.403543
-12721.213202 -5127.063836 -11602.401882
-12722.041906 -5128.884068 -11602.400221
-12722.870610 -5130.704301 -11602.398560
-12723.699314 -5132.524534 -11602.396898
-12724.528018 -5134.344766 -11602.395237
-12725.356722 -5136.164999 -11602.393576
-12726.185426 -5137.985232 -11602.391915
-12727.014130 -5139.805464 -11602.390254
-12727.842834 -5141.625697 -11602.388592
-12728.671538 -5143.445930 -11602.386931
-12729.500242 -5145.266162 -11602.385270
-12730.328946 -5147.086395 -11602.383609
-12731.157650 -5148.906628 -11602.381947
-12731.986354 -5150.726860 -11602.380286
-12732.815058 -5152.547093 -11602.378625
-12733.643761 -5154.367326 -11602.376964
-12734.472465 -5156.187558 -11602.375302
-12735.301169 -5158.007791 -11602.373641
-12736.129873 -5159.828024 -11602.371980
-12736.958577 -5161.648256 -11602.370319
-12737.787281 -5163.468489 -11602.368657
-12738.615985 -5165.288722 -11602.366996
-12739.444689 -5167.108954 -11602.365335
-12740.273393 -5168.929187 -11602.363674
-12741.102097 -5170.749420 -11602.362012
-12741.930801 -5172.569653 -11602.360351
-12742.759505 -5174.389885 -11602.358690
-12743.588209 -5176.210118 -11602.357029
-12744.416913 -5178.030351 -11602.355367
-12745.245617 -5179.850583 -11602.353706
-12746.074321 -5181.670816 -11602.352045
-12746.903025 -5183.491049 -11602.350384
-12747.731729 -5185.311281 -11602.348722
-12748.560433 -5187.131514 -11602.347061
-12749.389137 -5188.951747 -11602.345400
-12750.217841 -5190.771979 -11602.343739
-12751.046544 -5192.592212 -11602.342077
-12751.875248 -5194.412445 -11602.340416
-12752.703952 -5196.232677 -11602.338755
-12753.532656 -5198.052910 -11602.337094
-12754.361360 -5199.873143 -11602.335432
-12755.190064 -5201.693375 -11602.333771
-12756.018768 -5203.513608 -11602.332110
-12756.847472 -5205.333841 -11602.330449
-12757.676176 -5207.154073 -11602.328787
-12758.504880 -5208.974306 -11602.327126
-12759.333584 -5210.794539 -11602.325465
-12760.162288 -5212.614771 -11602.323804
-12760.990992 -5214.435004 -11602.322142
-12761.819696 -5216.255237 -11602.320481
-12762.648400 -5218.075469 -11602.318820
-12763.477104 -5219.895702 -11602.317159
-12764.305808 -5221.715935 -11602.315497
-12765.134512 -5223.536167 -11602.313836
-12765.963216 -5225.356400 -11602.312175
-12766.791920 -5227.176633 -11602.310514
-12767.620624 -5228.996866 -11602.308853
-12768.449327 -5230.817098 -11602.307191
-12769.278031 -5232.637331 -11602.305530
-12770.106735 -5234.457564 -11602.303869
-12770.935439 -5236.277796 -11602.302208
-12771.764143 -5238.098029 -11602.300546
-12772.592847 -5239.918262 -11602.298885
-12773.421551 -5241.738494 -11602.297224
-12774.250255 -5243.558727 -11602.295563
-12775.078959 -5245.378960 -11602.293901
-12775.907663 -5247.199192 -11602.292240
-12776.736367 -5249.019425 -11602.290579
-12777.565071 -5250.839658 -11602.288918
-12778.393775 -5252.659890 -11602.287256
-12779.222479 -5254.480123 -11602.285595
-12780.051183 -5256.300356 -11602.283934
-12780.879887 -5258.120588 -11602.282273
-12781.708591 -5259.940821 -11602.280611
-12782.537295 -5261.761054 -11602.278950
-12783.365999 -5263.581286 -11602.277289
-12784.194703 -5265.401519 -11602.275628
-12785.023407 -5267.221752 -11602.273966
-12785.852110 -5269.041984 -11602.272305
-12786.680814 -5270.862217 -11602.270644
-12787.509518 -5272.682450 -11602.268983
-12788.338222 -5274.502682 -11602.267321
-12789.166926 -5276.322915 -11602.265660
-12789.995630 -5278.143148 -11602.263999
-12790.824334 -5279.963380 -11602.262338
-12791.653038 -5281.783613 -11602.260676
-12792.481742 -5283.603846 -11602.259015
-12793.310446 -5285.424079 -11602.257354
-12794.139150 -5287.244311 -11602.255693
-12794.967854 -5289.064544 -11602.254031
-12795.796558 -5290.884777 -11602.252370
-12796.625262 -5292.705009 -11602.250709
-12797.453966 -5294.525242 -11602.249048
-12798.282670 -5296.345475 -11602.247386
-12799.111374 -5298.165707 -11602.245725
-12799.940078 -5299.985940 -11602.244064
-12800.768782 -5301.806173 -11602.242403
-12801.597486 -5303.626405 -11602.240741
-12802.426190 -5305.446638 -11602.239080
-12803.254893 -5307.266871 -11602.237419
-12804.083597 -5309.087103 -11602.235758
-12804.912301 -5310.907336 -11602.234096
-12805.741005 -5312.727569 -11602.232435
-12806.569709 -5314.547801 -11602.230774
-12807.398413 -5316.368034 -11602.229113
-12808.227117 -5318.188267 -11602.227452
-12809.055821 -5320.008499 -11602.225790
-12809.884525 -5321.828732 -11602.224129
-12810.713229 -5323.648965 -11602.222468
-12811.541933 -5325.469197 -11602.220807
-12812.370637 -5327.289430 -11602.219145
-12813.199341 -5329.109663 -11602.217484
-12814.028045 -5330.929895 -11602.215823
-12814.856749 -5332.750128 -11602.214162
-12815.685453 -5334.570361 -11602.212500
-12816.514157 -5336.390593 -11602.210839
-12817.342861 -5338.210826 -11602.209178
-12818.171565 -5340.031059 -11602.207517
-12819.000269 -5341.851292 -11602.205855
-12819.828973 -5343.671524 -11602.204194
-12820.657676 -5345.491757 -11602.202533
-12821.486380 -5347.311990 -11602.200872
-12822.315084 -5349.132222 -11602.199210
-12823.143788 -5350.952455 -11602.197549
-12823.972492 -5352.772688 -11602.195888
-12824.801196 -5354.592920 -11602.194227
-12825.629900 -5356.413153 -11602.192565
-12826.458604 -5358.233386 -11602.190904
-12827.287308 -5360.053618 -11602.189243
-12828.116012 -5361.873851 -11602.187582
-12828.944716 -5363.694084 -11602.185920
-12829.773420 -5365.514316 -11602.184259
-12830.602124 -5367.334549 -11602.182598
-12831.430828 -5369.154782 -11602.180937
-12832.259532 -5370.975014 -11602.179275
-12833.088236 -5372.795247 -11602.177614
-12833.916940 -5374.615480 -11602.175953
-12834.745644 -5376.435712 -11602.174292
-12835.574348 -5378.255945 -11602.172630
-12836.403052 -5380.076178 -11602.170969
-12837.231756 -5381.896410 -11602.169308
-12838.060459 -5383.716643 -11602.167647
-12838.889163 -5385.536876 -11602.165985
-12839.717867 -5387.357108 -11602.164324
-12840.546571 -5389.177341 -11602.162663
-12841.375275 -5390.997574 -11602.161002
-12842.203979 -5392.817806 -11602.159340
-12843.032683 -5394.638039 -11602.157679
-12843.861387 -5396.458272 -11602.156018
-12844.690091 -5398.278505 -11602.154357
-12845.518795 -5400.098737 -11602.152695
-12846.347499 -5401.918970 -11602.151034
-12847.176203 -5403.739203 -11602.149373
-12848.004907 -5405.559435 -11602.147712
-12848.833611 -5407.379668 -11602.146050
-12849.662315 -5409.199901 -11602.144389
-12850.491019 -5411.020133 -11602.142728
-12851.319723 -5412.840366 -11602.141067
-12852.148427 -5414.660599 -11602.139406
-12852.977131 -5416.480831 -11602.137744
-12853.805835 -5418.301064 -11602.136083
-12854.634539 -5420.121297 -11602.134422
-12855.463242 -5421.941529 -11602.132761
-12856.291946 -5423.761762 -11602.131099
-12857.120650 -5425.581995 -11602.129438
-12857.949354 -5427.402227 -11602.127777
-12858.778058 -5429.222460 -11602.126116
-12859.606762 -5431.042693 -11602.124454
-12860.435466 -5432.862925 -11602.122793
-12861.264170 -5434.683158 -11602.121132
-12862.092874 -5436.503391 -11602.119471
-12862.921578 -5438.323623 -11602.117809
-12863.750282 -5440.143856 -11602.116148
-12864.578986 -5441.964089 -11602.114487
-12865.407690 -5443.784321 -11602.112826
-12866.236394 -5445.604554 -11602.111164
-12867.065098 -5447.424787 -11602.109503
-12867.893802 -5449.245019 -11602.107842
-12868.722506 -5451.065252 -11602.106181
-12869.551210 -5452.885485 -11602.104519
-12870.379914 -5454.705718 -11602.102858
-12871.208618 -5456.525950 -11602.101197
-12872.037322 -5458.346183 -11602.099536
-12872.866025 -5460.166416 -11602.097874
-12873.694729 -5461.986648 -11602.096213
-12874.523433 -5463.806881 -11602.094552
-12875.352137 -5465.627114 -11602.092891
-12876.180841 -5467.447346 -11602.091229
-12877.009545 -5469.267579 -11602.089568
-12877.838249 -5471.087812 -11602.087907
-12878.666953 -5472.908044 -11602.086246
-12879.495657 -5474.728277 -11602.084584
-12880.324361 -5476.548510 -11602.082923
-12881.153065 -5478.368742 -11602.081262
-12881.981769 -5480.188975 -11602.079601
-12882.810473 -5482.009208 -11602.077939
-12883.639177 -5483.829440 -11602.076278
-12884.467881 -5485.649673 -11602.074617
-12885.296585 -5487.469906 -11602.072956
-12886.125289 -5489.290138 -11602.071294
-12886.953993 -5491.110371 -11602.069633
-12887.782697 -5492.930604 -11602.067972
-12888.611401 -5494.750836 -11602.066311
-12889.440105 -5496.571069 -11602.064649
-12890.268808 -5498.391302 -11602.062988
-12891.097512 -5500.211534 -11602.061327
-12891.926216 -5502.031767 -11602.059666
-12892.754920 -5503.852000 -11602.058005
-12893.583624 -5505.672232 -11602.056343
-12894.412328 -5507.492465 -11602.054682
-12895.241032 -5509.312698 -11602.053021
-12896.069736 -5511.132930 -11602.051360
-12896.898440 -5512.953163 -11602.049698
-12897.727144 -5514.773396 -11602.048037
-12898.555848 -5516.593629 -11602.046376
-12899.384552 -5518.413861 -11602.044715
-12900.213256 -5520.234094 -11602.043053
-12901.041960 -5522.054327 -11602.041392
-12901.870664 -5523.874559 -11602.039731
-12902.699368 -5525.694792 -11602.038070
-12903.528072 -5527.515025 -11602.036408
-12904.356776 -5529.335257 -11602.034747
-12905.185480 -5531.155490 -11602.033086
-12906.014184 -5532.975723 -11602.031425
-12906.842888 -5534.795955 -11602.029763
-12907.671591 -5536.616188 -11602.028102
-12908.500295 -5538.436421 -11602.026441
-12909.328999 -5540.256653 -11602.024780
-12910.157703 -5542.076886 -11602.023118
-12910.986407 -5543.897119 -11602.021457
-12911.815111 -5545.717351 -11602.019796
-12912.643815 -5547.537584 -11602.018135
-12913.472519 -5549.357817 -11602.016473
-12914.301223 -5551.178049 -11602.014812
-12915.129927 -5552.998282 -11602.013151
-12915.958631 -5554.818515 -11602.011490
-12916.787335 -5556.638747 -11602.009828
-12917.616039 -5558.458980 -11602.008167
-12918.444743 -5560.279213 -11602.006506
-12919.273447 -5562.099445 -11602.004845
-12920.102151 -5563.919678 -11602.003183
-12920.930855 -5565.739911 -11602.001522
-12921.759559 -5567.560143 -11601.999861
-12922.588263 -5569.380376 -11601.998200
-12923.416967 -5571.200609 -11601.996538
-12924.245671 -5573.020842 -11601.994877
-12925.074374 -5574.841074 -11601.993216
-12925.903078 -5576.661307 -11601.991555
-12926.731782 -5578.481540 -11601.989893
-12927.560486 -5580.301772 -11601.988232
-12928.389190 -5582.122005 -11601.986571
-12929.217894 -5583.942238 -11601.984910
-12930.046598 -5585.762470 -11601.983248
-12930.875302 -5587.582703 -11601.981587
-12931.704006 -5589.402936 -11601.979926
-12932.532710 -5591.223168 -11601.978265
-12933.361414 -5593.043401 -11601.976603
-12934.190118 -5594.863634 -11601.974942
-12935.018822 -5596.683866 -11601.973281
-12935.847526 -5598.504099 -11601.971620
-12936.676230 -5600.324332 -11601.969959
-12937.504934 -5602.144564 -11601.968297
-12938.333638 -5603.964797 -11601.966636
-12939.162342 -5605.785030 -11601.964975
-12939.991046 -5607.605262 -11601.963314
-12940.819750 -5609.425495 -11601.961652
-12941.648454 -5611.245728 -11601.959991
-12942.477157 -5613.065960 -11601.958330
-12943.305861 -5614.886193 -11601.956669
-12944.134565 -5616.706426 -11601.955007
-12944.963269 -5618.526658 -11601.953346
-12945.791973 -5620.346891 -11601.951685
-12946.620677 -5622.167124 -11601.950024
-12947.449381 -5623.987356 -11601.948362
-12948.278085 -5625.807589 -11601.946701
-12949.106789 -5627.627822 -11601.945040
-12949.935493 -5629.448055 -11601.943379
-12950.764197 -5631.268287 -11601.941717
-12951.592901 -5633.088520 -11601.940056
-12952.421605 -5634.908753 -11601.938395
-12953.250309 -5636.728985 -11601.936734
-12954.079013 -5638.549218 -11601.935072
-12954.907717 -5640.369451 -11601.933411
-12955.736421 -5642.189683 -11601.931750
-12956.565125 -5644.009916 -11601.930089
-12957.393829 -5645.830149 -11601.928427
-12958.222533 -5647.650381 -11601.926766
-12959.051237 -5649.470614 -11601.925105
-12959.879940 -5651.290847 -11601.923444
-12960.708644 -5653.111079 -11601.921782
-12961.537348 -5654.931312 -11601.920121
-12962.366052 -5656.751545 -11601.918460
-12963.194756 -5658.571777 -11601.916799
-12964.023460 -5660.392010 -11601.915137
-12964.852164 -5662.212243 -11601.913476
-12965.680868 -5664.032475 -11601.911815
-12966.509572 -5665.852708 -11601.910154
-12967.338276 -5667.672941 -11601.908492
-12968.166980 -5669.493173 -11601.906831
-12968.995684 -5671.313406 -11601.905170
-12969.824388 -5673.133639 -11601.903509
-12970.653092 -5674.953871 -11601.901847
-12971.481796 -5676.774104 -11601.900186
-12972.310500 -5678.594337 -11601.898525
-12973.139204 -5680.414569 -11601.896864
-12973.967908 -5682.234802 -11601.895202
-12974.796612 -5684.055035 -11601.893541
-12975.625316 -5685.875268 -11601.891880
-12976.454020 -5687.695500 -11601.890219
-12977.282723 -5689.515733 -11601.888558
-12978.111427 -5691.335966 -11601.886896
-12978.940131 -5693.156198 -11601.885235
-12979.768835 -5694.976431 -11601.883574
-12980.597539 -5696.796664 -11601.881913
-12981.426243 -5698.616896 -11601.880251
-12982.254947 -5700.437129 -11601.878590
-12983.083651 -5702.257362 -11601.876929
-12983.912355 -5704.077594 -11601.875268
-12984.741059 -5705.897827 -11601.873606
-12985.569763 -5707.718060 -11601.871945
-12986.398467 -5709.538292 -11601.870284
-12987.227171 -5711.358525 -11601.868623
-12988.055875 -5713.178758 -11601.866961
-12988.884579 -5714.998990 -11601.865300
-12989.713283 -5716.819223 -11601.863639
-12990.541987 -5718.639456 -11601.861978
-12991.370691 -5720.459688 -11601.860316
-12992.199395 -5722.279921 -11601.858655
-12993.028099 -5724.100154 -11601.856994
-12993.856803 -5725.920386 -11601.855333
-12994.685506 -5727.740619 -11601.853671
-12995.514210 -5729.560852 -11601.852010
-12996.342914 -5731.381084 -11601.850349
-12997.171618 -5733.201317 -11601.848688
-12998.000322 -5735.021550 -11601.847026
-12998.829026 -5736.841782 -11601.845365
-12999.657730 -5738.662015 -11601.843704
-13000.486434 -5740.482248 -11601.842043
-13001.315138 -5742.302481 -11601.840381
-13002.143842 -5744.122713 -11601.838720
-13002.972546 -5745.942946 -11601.837059
-13003.801250 -5747.763179 -11601.835398
-13004.629954 -5749.583411 -11601.833736
-13005.458658 -5751.403644 -11601.832075
-13006.287362 -5753.223877 -11601.830414
-13007.116066 -5755.044109 -11601.828753
-13007.944770 -5756.864342 -11601.827091
-13008.773474 -5758.684575 -11601.825430
-13009.602178 -5760.504807 -11601.823769
-13010.430882 -5762.325040 -11601.822108
-13011.259586 -5764.145273 -11601.820446
-13012.088289 -5765.965505 -11601.818785
-13012.916993 -5767.785738 -11601.817124
-13013.745697 -5769.605971 -11601.815463
-13014.574401 -5771.426203 -11601.813801
-13015.403105 -5773.246436 -11601.812140
-13016.231809 -5775.066669 -11601.810479
-13017.060513 -5776.886901 -11601.808818
-13017.889217 -5778.707134 -11601.807156
-13018.717921 -5780.527367 -11601.805495
-13019.546625 -5782.347599 -11601.803834
-13020.375329 -5784.167832 -11601.802173
-13021.204033 -5785.988065 -11601.800512
-13022.032737 -5787.808297 -11601.798850
-13022.861441 -5789.628530 -11601.797189
-13023.690145 -5791.448763 -11601.795528
-13024.518849 -5793.268995 -11601.793867
-13025.347553 -5795.089228 -11601.792205
-13026.176257 -5796.909461 -11601.790544
-13027.004961 -5798.729694 -11601.788883
-13027.833665 -5800.549926 -11601.787222
-13028.662369 -5802.370159 -11601.785560
-13029.491072 -5804.190392 -11601.783899
-13030.319776 -5806.010624 -11601.782238
-13031.148480 -5807.830857 -11601.780577
-13031.977184 -5809.651090 -11601.778915
-13032.805888 -5811.471322 -11601.777254
-13033.634592 -5813.291555 -11601.775593
-13034.463296 -5815.111788 -11601.773932
-13035.292000 -5816.932020 -11601.772270
-13036.120704 -5818.752253 -11601.770609
-13036.949408 -5820.572486 -11601.768948
-13037.778112 -5822.392718 -11601.767287
-13038.606816 -5824.212951 -11601.765625
-13039.435520 -5826.033184 -11601.763964
-13040.264224 -5827.853416 -11601.762303
-13041.092928 -5829.673649 -11601.760642
-13041.921632 -5831.493882 -11601.758980
-13042.750336 -5833.314114 -11601.757319
-13043.579040 -5835.134347 -11601.755658
-13044.407744 -5836.954580 -11601.753997
-13045.236448 -5838.774812 -11601.752335
-13046.065152 -5840.595045 -11601.750674
-13046.893855 -5842.415278 -11601.749013
-13047.722559 -5844.235510 -11601.747352
-13048.551263 -5846.055743 -11601.745690
-13049.379967 -5847.875976 -11601.744029
-13050.208671 -5849.696208 -11601.742368
-13051.037375 -5851.516441 -11601.740707
-13051.866079 -5853.336674 -11601.739045
-13052.694783 -5855.156907 -11601.737384
-13053.523487 -5856.977139 -11601.735723
-13054.352191 -5858.797372 -11601.734062
-13055.180895 -5860.617605 -11601.732400
-13056.009599 -5862.437837 -11601.730739
-13056.838303 -5864.258070 -11601.729078
-13057.667007 -5866.078303 -11601.727417
-13058.495711 -5867.898535 -11601.725755
-13059.324415 -5869.718768 -11601.724094
-13060.153119 -5871.539001 -11601.722433
-13060.981823 -5873.359233 -11601.720772
-13061.810527 -5875.179466 -11601.719111
-13062.639231 -5876.999699 -11601.717449
-13063.467935 -5878.819931 -11601.715788
-13064.296638 -5880.640164 -11601.714127
-13065.125342 -5882.460397 -11601.712466
-13065.954046 -5884.280629 -11601.710804
-13066.782750 -5886.100862 -11601.709143
-13067.611454 -5887.921095 -11601.707482
-13068.440158 -5889.741327 -11601.705821
-13069.268862 -5891.561560 -11601.704159
-13070.097566 -5893.381793 -11601.702498
-13070.926270 -5895.202025 -11601.700837
-13071.754974 -5897.022258 -11601.699176
-13072.583678 -5898.842491 -11601.697514
-13073.412382 -5900.662723 -11601.695853
-13074.241086 -5902.482956 -11601.694192
-13075.069790 -5904.303189 -11601.692531
-13075.898494 -5906.123421 -11601.690869
-13076.727198 -5907.943654 -11601.689208
-13077.555902 -5909.763887 -11601.687547
-13078.384606 -5911.584120 -11601.685886
-13079.213310 -5913.404352 -11601.684224
-13080.042014 -5915.224585 -11601.682563
-13080.870718 -5917.044818 -11601.680902
-13081.699421 -5918.865050 -11601.679241
-13082.528125 -5920.685283 -11601.677579
-13083.356829 -5922.505516 -11601.675918
-13084.185533 -5924.325748 -11601.674257
-13085.014237 -5926.145981 -11601.672596
-13085.842941 -5927.966214 -11601.670934
-13086.671645 -5929.786446 -11601.669273
-13087.500349 -5931.606679 -11601.667612
-13088.329053 -5933.426912 -11601.665951
-13089.157757 -5935.247144 -11601.664289
-13089.986461 -5937.067377 -11601.662628
-13090.815165 -5938.887610 -11601.660967
-13091.643869 -5940.707842 -11601.659306
-13092.472573 -5942.528075 -11601.657644
-13093.301277 -5944.348308 -11601.655983
-13094.129981 -5946.168540 -11601.654322
-13094.958685 -5947.988773 -11601.652661
-13095.787389 -5949.809006 -11601.650999
-13096.616093 -5951.629238 -11601.649338
-13097.444797 -5953.449471 -11601.647677
-13098.273501 -5955.269704 -11601.646016
-13099.102204 -5957.089936 -11601.644354
-13099.930908 -5958.910169 -11601.642693
-13100.759612 -5960.730402 -11601.641032
-13101.588316 -5962.550634 -11601.639371
-13102.417020 -5964.370867 -11601.637709
-13103.245724 -5966.191100 -11601.636048
-13104.074428 -5968.011333 -11601.634387
-13104.903132 -5969.831565 -11601.632726
-13105.731836 -5971.651798 -11601.631065
-13106.560540 -5973.472031 -11601.629403
-13107.389244 -5975.292263 -11601.627742
-13108.217948 -5977.112496 -11601.626081
-13109.046652 -5978.932729 -11601.624420
-13109.875356 -5980.752961 -11601.622758
-13110.704060 -5982.573194 -11601.621097
-13111.532764 -5984.393427 -11601.619436
-13112.361468 -5986.213659 -11601.617775
-13113.190172 -5988.033892 -11601.616113
-13114.018876 -5989.854125 -11601.614452
-13114.847580 -5991.674357 -11601.612791
-13115.676284 -5993.494590 -11601.611130
-13116.504987 -5995.314823 -11601.609468
-13117.333691 -5997.135055 -11601.607807
-13118.162395 -5998.955288 -11601.606146
-13118.991099 -6000.775521 -11601.604485
-13119.819803 -6002.595753 -11601.602823
-13120.648507 -6004.415986 -11601.601162
-13121.477211 -6006.236219 -11601.599501
-13122.305915 -6008.056451 -11601.597840
-13123.134619 -6009.876684 -11601.596178
-13123.963323 -6011.696917 -11601.594517
-13124.792027 -6013.517149 -11601.592856
-13125.620731 -6015.337382 -11601.591195
-13126.449435 -6017.157615 -11601.589533
-13127.278139 -6018.977847 -11601.587872
-13128.106843 -6020.798080 -11601.586211
-13128.935547 -6022.618313 -11601.584550
-13129.764251 -6024.438546 -11601.582888
-13130.592955 -6026.258778 -11601.581227
-13131.421659 -6028.079011 -11601.579566
-13132.250363 -6029.899244 -11601.577905
-13133.079067 -6031.719476 -11601.576243
-13133.907770 -6033.539709 -11601.574582
-13134.736474 -6035.359942 -11601.572921
-13135.565178 -6037.180174 -11601.571260
-13136.393882 -6039.000407 -11601.569598
-13137.222586 -6040.820640 -11601.567937
-13138.051290 -6042.640872 -11601.566276
-13138.879994 -6044.461105 -11601.564615
-13139.708698 -6046.281338 -11601.562953
-13140.537402 -6048.101570 -11601.561292
-13141.366106 -6049.921803 -11601.559631
-13142.194810 -6051.742036 -11601.557970
-13143.023514 -6053.562268 -11601.556308
-13143.852218 -6055.382501 -11601.554647
-13144.680922 -6057.202734 -11601.552986
-13145.509626 -6059.022966 -11601.551325
-13146.338330 -6060.843199 -11601.549664
-13147.167034 -6062.663432 -11601.548002
-13147.995738 -6064.483664 -11601.546341
-13148.824442 -6066.303897 -11601.544680
-13149.653146 -6068.124130 -11601.543019
-13150.481850 -6069.944362 -11601.541357
-13151.310553 -6071.764595 -11601.539696
-13152.139257 -6073.584828 -11601.538035
-13152.967961 -6075.405060 -11601.536374
-13153.796665 -6077.225293 -11601.534712
-13154.625369 -6079.045526 -11601.533051
-13155.454073 -6080.865759 -11601.531390
-13156.282777 -6082.685991 -11601.529729
-13157.111481 -6084.506224 -11601.528067
-13157.940185 -6086.326457 -11601.526406
-13158.768889 -6088.146689 -11601.524745
-13159.597593 -6089.966922 -11601.523084
-13160.426297 -6091.787155 -11601.521422
-13161.255001 -6093.607387 -11601.519761
-13162.083705 -6095.427620 -11601.518100
-13162.912409 -6097.247853 -11601.516439
-13163.741113 -6099.068085 -11601.514777
-13164.569817 -6100.888318 -11601.513116
-13165.398521 -6102.708551 -11601.511455
-13166.227225 -6104.528783 -11601.509794
-13167.055929 -6106.349016 -11601.508132
-13167.884633 -6108.169249 -11601.506471
-13168.713336 -6109.989481 -11601.504810
-13169.542040 -6111.809714 -11601.503149
-13170.370744 -6113.629947 -11601.501487
-13171.199448 -6115.450179 -11601.499826
-13172.028152 -6117.270412 -11601.498165
-13172.856856 -6119.090645 -11601.496504
-13173.685560 -6120.910877 -11601.494842
-13174.514264 -6122.731110 -11601.493181
-13175.342968 -6124.551343 -11601.491520
-13176.171672 -6126.371575 -11601.489859
-13177.000376 -6128.191808 -11601.488197
-13177.829080 -6130.012041 -11601.486536
-13178.657784 -6131.832273 -11601.484875
-13179.486488 -6133.652506 -11601.483214
-13180.315192 -6135.472739 -11601.481552
-13181.143896 -6137.292971 -11601.479891
-13181.972600 -6139.113204 -11601.478230
-13182.801304 -6140.933437 -11601.476569
-13183.630008 -6142.753670 -11601.474907
-13184.458712 -6144.573902 -11601.473246
-13185.287416 -6146.394135 -11601.471585
-13186.116119 -6148.214368 -11601.469924
-13186.944823 -6150.034600 -11601.468263
-13187.773527 -6151.854833 -11601.466601
-13188.602231 -6153.675066 -11601.464940
-13189.430935 -6155.495298 -11601.463279
-13190.259639 -6157.315531 -11601.461618
-13191.088343 -6159.135764 -11601.459956
-13191.917047 -6160.955996 -11601.458295
-13192.745751 -6162.776229 -11601.456634
-13193.574455 -6164.596462 -11601.454973
-13194.403159 -6166.416694 -11601.453311
-13195.231863 -6168.236927 -11601.451650
-13196.060567 -6170.057160 -11601.449989
-13196.889271 -6171.877392 -11601.448328
-13197.717975 -6173.697625 -11601.446666
-13198.546679 -6175.517858 -11601.445005
-13199.375383 -6177.338090 -11601.443344
-13200.204087 -6179.158323 -11601.441683
-13201.032791 -6180.978556 -11601.440021
-13201.861495 -6182.798788 -11601.438360
-13202.690199 -6184.619021 -11601.436699
-13203.518902 -6186.439254 -11601.435038
-13204.347606 -6188.259486 -11601.433376
-13205.176310 -6190.079719 -11601.431715
-13206.005014 -6191.899952 -11601.430054
-13206.833718 -6193.720184 -11601.428393
-13207.662422 -6195.540417 -11601.426731
-13208.491126 -6197.360650 -11601.425070
-13209.319830 -6199.180883 -11601.423409
-13210.148534 -6201.001115 -11601.421748
-13210.977238 -6202.821348 -11601.420086
-13211.805942 -6204.641581 -11601.418425
-13212.634646 -6206.461813 -11601.416764
-13213.463350 -6208.282046 -11601.415103
-13214.292054 -6210.102279 -11601.413441
-13215.120758 -6211.922511 -11601.411780
-13215.949462 -6213.742744 -11601.410119
-13216.778166 -6215.562977 -11601.408458
-13217.606870 -6217.383209 -11601.406796
-13218.435574 -6219.203442 -11601.405135
-13219.264278 -6221.023675 -11601.403474
-13220.092982 -6222.843907 -11601.401813
-13220.921685 -6224.664140 -11601.400151
-13221.750389 -6226.484373 -11601.398490
-13222.579093 -6228.304605 -11601.396829
-13223.407797 -6230.124838 -11601.395168
-13224.236501 -6231.945071 -11601.393506
-13225.065205 -6233.765303 -11601.391845
-13225.893909 -6235.585536 -11601.390184
-13226.722613 -6237.405769 -11601.388523
-13227.551317 -6239.226001 -11601.386861
-13228.380021 -6241.046234 -11601.385200
-13229.208725 -6242.866467 -11601.383539
-13230.037429 -6244.686699 -11601.381878
-13230.866133 -6246.506932 -11601.380217
-13231.694837 -6248.327165 -11601.378555
-13232.523541 -6250.147397 -11601.376894
-13233.352245 -6251.967630 -11601.375233
-13234.180949 -6253.787863 -11601.373572
-13235.009653 -6255.608096 -11601.371910
-13235.838357 -6257.428328 -11601.370249
-13236.667061 -6259.248561 -11601.368588
-13237.495765 -6261.068794 -11601.366927
-13238.324468 -6262.889026 -11601.365265
-13239.153172 -6264.709259 -11601.363604
-13239.981876 -6266.529492 -11601.361943
-13240.810580 -6268.349724 -11601.360282
-13241.639284 -6270.169957 -11601.358620
-13242.467988 -6271.990190 -11601.356959
-13243.296692 -6273.810422 -11601.355298
-13244.125396 -6275.630655 -11601.353637
-13244.954100 -6277.450888 -11601.351975
-13245.782804 -6279.271120 -11601.350314
-13246.611508 -6281.091353 -11601.348653
-13247.440212 -6282.911586 -11601.346992
-13248.268916 -6284.731818 -11601.345330
-13249.097620 -6286.552051 -11601.343669
-13249.926324 -6288.372284 -11601.342008
-13250.755028 -6290.192516 -11601.340347
-13251.583732 -6292.012749 -11601.338685
-13252.412436 -6293.832982 -11601.337024
-13253.241140 -6295.653214 -11601.335363
-13254.069844 -6297.473447 -11601.333702
-13254.898548 -6299.293680 -11601.332040
-13255.727251 -6301.113912 -11601.330379
-13256.555955 -6302.934145 -11601.328718
-13257.384659 -6304.754378 -11601.327057
-13258.213363 -6306.574610 -11601.325395
-13259.042067 -6308.394843 -11601.323734
-13259.870771 -6310.215076 -11601.322073
-13260.699475 -6312.035309 -11601.320412
-13261.528179 -6313.855541 -11601.318750
-13262.356883 -6315.675774 -11601.317089
-13263.185587 -6317.496007 -11601.315428
-13264.014291 -6319.316239 -11601.313767
-13264.842995 -6321.136472 -11601.312105
-13265.671699 -6322.956705 -11601.310444
-13266.500403 -6324.776937 -11601.308783
-13267.329107 -6326.597170 -11601.307122
-13268.157811 -6328.417403 -11601.305460
-13268.986515 -6330.237635 -11601.303799
-13269.815219 -6332.057868 -11601.302138
-13270.643923 -6333.878101 -11601.300477
-13271.472627 -6335.698333 -11601.298816
-13272.301331 -6337.518566 -11601.297154
-13273.130034 -6339.338799 -11601.295493
-13273.958738 -6341.159031 -11601.293832
-13274.787442 -6342.979264 -11601.292171
-13275.616146 -6344.799497 -11601.290509
-13276.444850 -6346.619729 -11601.288848
-13277.273554 -6348.439962 -11601.287187
-13278.102258 -6350.260195 -11601.285526
-13278.930962 -6352.080427 -11601.283864
-13279.759666 -6353.900660 -11601.282203
-13280.588370 -6355.720893 -11601.280542
-13281.417074 -6357.541125 -11601.278881
-13282.245778 -6359.361358 -11601.277219
-13283.074482 -6361.181591 -11601.275558
-13283.903186 -6363.001823 -11601.273897
-13284.731890 -6364.822056 -11601.272236
-13285.560594 -6366.642289 -11601.270574
-13286.389298 -6368.462522 -11601.268913
-13287.218002 -6370.282754 -11601.267252
-13288.046706 -6372.102987 -11601.265591
-13288.875410 -6373.923220 -11601.263929
-13289.704114 -6375.743452 -11601.262268
-13290.532817 -6377.563685 -11601.260607
-13291.361521 -6379.383918 -11601.258946
-13292.190225 -6381.204150 -11601.257284
-13293.018929 -6383.024383 -11601.255623
-13293.847633 -6384.844616 -11601.253962
-13294.676337 -6386.664848 -11601.252301
-13295.505041 -6388.485081 -11601.250639
-13296.333745 -6390.305314 -11601.248978
-13297.162449 -6392.125546 -11601.247317
-13297.991153 -6393.945779 -11601.245656
-13298.819857 -6395.766012 -11601.243994
-13299.648561 -6397.586244 -11601.242333
-13300.477265 -6399.406477 -11601.240672
-13301.305969 -6401.226710 -11601.239011
-13302.134673 -6403.046942 -11601.237349
-13302.963377 -6404.867175 -11601.235688
-13303.792081 -6406.687408 -11601.234027
-13304.620785 -6408.507640 -11601.232366
-13305.449489 -6410.327873 -11601.230704
-13306.278193 -6412.148106 -11601.229043
-13307.106897 -6413.968338 -11601.227382
-13307.935600 -6415.788571 -11601.225721
-13308.764304 -6417.608804 -11601.224059
-13309.593008 -6419.429036 -11601.222398
-13310.421712 -6421.249269 -11601.220737
-13311.250416 -6423.069502 -11601.219076
-13312.079120 -6424.889735 -11601.217414
-13312.907824 -6426.709967 -11601.215753
-13313.736528 -6428.530200 -11601.214092
-13314.565232 -6430.350433 -11601.212431
-13315.393936 -6432.170665 -11601.210770
-13316.222640 -6433.990898 -11601.209108
-13317.051344 -6435.811131 -11601.207447
-13317.880048 -6437.631363 -11601.205786
-13318.708752 -6439.451596 -11601.204125
-13319.537456 -6441.271829 -11601.202463
-13320.366160 -6443.092061 -11601.200802
-13321.194864 -6444.912294 -11601.199141
-13322.023568 -6446.732527 -11601.197480
-13322.852272 -6448.552759 -11601.195818
-13323.680976 -6450.372992 -11601.194157
-13324.509680 -6452.193225 -11601.192496
-13325.338383 -6454.013457 -11601.190835
-13326.167087 -6455.833690 -11601.189173
-13326.995791 -6457.653923 -11601.187512
-13327.824495 -6459.474155 -11601.185851
-13328.653199 -6461.294388 -11601.184190
-13329.481903 -6463.114621 -11601.182528
-13330.310607 -6464.934853 -11601.180867
-13331.139311 -6466.755086 -11601.179206
-13331.968015 -6468.575319 -11601.177545
-13332.796719 -6470.395551 -11601.175883
-13333.625423 -6472.215784 -11601.174222
-13334.454127 -6474.036017 -11601.172561
-13335.282831 -6475.856249 -11601.170900
-13336.111535 -6477.676482 -11601.169238
-13336.940239 -6479.496715 -11601.167577
-13337.768943 -6481.316948 -11601.165916
-13338.597647 -6483.137180 -11601.164255
-13339.426351 -6484.957413 -11601.162593
-13340.255055 -6486.777646 -11601.160932
-13341.083759 -6488.597878 -11601.159271
-13341.912463 -6490.418111 -11601.157610
-13342.741166 -6492.238344 -11601.155948
-13343.569870 -6494.058576 -11601.154287
-13344.398574 -6495.878809 -11601.152626
-13345.227278 -6497.699042 -11601.150965
-13346.055982 -6499.519274 -11601.149303
-13346.884686 -6501.339507 -11601.147642
-13347.713390 -6503.159740 -11601.145981
-13348.542094 -6504.979972 -11601.144320
-13349.370798 -6506.800205 -11601.142658
-13350.199502 -6508.620438 -11601.140997
-13351.028206 -6510.440670 -11601.139336
-13351.856910 -6512.260903 -11601.137675
-13352.685614 -6514.081136 -11601.136013
-13353.514318 -6515.901368 -11601.134352
-13354.343022 -6517.721601 -11601.132691
-13355.171726 -6519.541834 -11601.131030
-13356.000430 -6521.362066 -11601.129369
-13356.829134 -6523.182299 -11601.127707
-13357.657838 -6525.002532 -11601.126046
-13358.486542 -6526.822764 -11601.124385
-13359.315246 -6528.642997 -11601.122724
-13360.143949 -6530.463230 -11601.121062
-13360.972653 -6532.283462 -11601.119401
-13361.801357 -6534.103695 -11601.117740
-13362.630061 -6535.923928 -11601.116079
-13363.458765 -6537.744161 -11601.114417
-13364.287469 -6539.564393 -11601.112756
-13365.116173 -6541.384626 -11601.111095
-13365.944877 -6543.204859 -11601.109434
-13366.773581 -6545.025091 -11601.107772
-13367.602285 -6546.845324 -11601.106111
-13368.430989 -6548.665557 -11601.104450
-13369.259693 -6550.485789 -11601.102789
-13370.088397 -6552.306022 -11601.101127
-13370.917101 -6554.126255 -11601.099466
-13371.745805 -6555.946487 -11601.097805
-13372.574509 -6557.766720 -11601.096144
-13373.403213 -6559.586953 -11601.094482
-13374.231917 -6561.407185 -11601.092821
-13375.060621 -6563.227418 -11601.091160
-13375.889325 -6565.047651 -11601.089499
-13376.718029 -6566.867883 -11601.087837
-13377.546732 -6568.688116 -11601.086176
-13378.375436 -6570.508349 -11601.084515
-13379.204140 -6572.328581 -11601.082854
-13380.032844 -6574.148814 -11601.081192
-13380.861548 -6575.969047 -11601.079531
-13381.690252 -6577.789279 -11601.077870
-13382.518956 -6579.609512 -11601.076209
-13383.347660 -6581.429745 -11601.074547
-13384.176364 -6583.249977 -11601.072886
-13385.005068 -6585.070210 -11601.071225
-13385.833772 -6586.890443 -11601.069564
-13386.662476 -6588.710675 -11601.067902
-13387.491180 -6590.530908 -11601.066241
-13388.319884 -6592.351141 -11601.064580
-13389.148588 -6594.171374 -11601.062919
-13389.977292 -6595.991606 -11601.061257
-13390.805996 -6597.811839 -11601.059596
-13391.634700 -6599.632072 -11601.057935
-13392.463404 -6601.452304 -11601.056274
-13393.292108 -6603.272537 -11601.054612
-13394.120812 -6605.092770 -11601.052951
-13394.949515 -6606.913002 -11601.051290
-13395.778219 -6608.733235 -11601.049629
-13396.606923 -6610.553468 -11601.047967
-13397.435627 -6612.373700 -11601.046306
-13398.264331 -6614.193933 -11601.044645
-13399.093035 -6616.014166 -11601.042984
-13399.921739 -6617.834398 -11601.041323
-13400.750443 -6619.654631 -11601.039661
-13401.579147 -6621.474864 -11601.038000
-13402.407851 -6623.295096 -11601.036339
-13403.236555 -6625.115329 -11601.034678
-13404.065259 -6626.935562 -11601.033016
-13404.893963 -6628.755794 -11601.031355
-13405.722667 -6630.576027 -11601.029694
-13406.551371 -6632.396260 -11601.028033
-13407.380075 -6634.216492 -11601.026371
-13408.208779 -6636.036725 -11601.024710
-13409.037483 -6637.856958 -11601.023049
-13409.866187 -6639.677190 -11601.021388
-13410.694891 -6641.497423 -11601.019726
-13411.523595 -6643.317656 -11601.018065
-13412.352298 -6645.137888 -11601.016404
-13413.181002 -6646.958121 -11601.014743
-13414.009706 -6648.778354 -11601.013081
-13414.838410 -6650.598587 -11601.011420
-13415.667114 -6652.418819 -11601.009759
-13416.495818 -6654.239052 -11601.008098
-13417.324522 -6656.059285 -11601.006436
-13418.153226 -6657.879517 -11601.004775
-13418.981930 -6659.699750 -11601.003114
-13419.810634 -6661.519983 -11601.001453
-13420.639338 -6663.340215 -11600.999791
-13421.468042 -6665.160448 -11600.998130
-13422.296746 -6666.980681 -11600.996469
-13423.125450 -6668.800913 -11600.994808
-13423.954154 -6670.621146 -11600.993146
-13424.782858 -6672.441379 -11600.991485
-13425.611562 -6674.261611 -11600.989824
-13426.440266 -6676.081844 -11600.988163
-13427.268970 -6677.902077 -11600.986501
-13428.097674 -6679.722309 -11600.984840
-13428.926378 -6681.542542 -11600.983179
-13429.755081 -6683.362775 -11600.981518
-13430.583785 -6685.183007 -11600.979856
-13431.412489 -6687.003240 -11600.978195
-13432.241193 -6688.823473 -11600.976534
-13433.069897 -6690.643705 -11600.974873
-13433.898601 -6692.463938 -11600.973211
-13434.727305 -6694.284171 -11600.971550
-13435.556009 -6696.104403 -11600.969889
-13436.384713 -6697.924636 -11600.968228
-13437.213417 -6699.744869 -11600.966566
-13438.042121 -6701.565101 -11600.964905
-13438.870825 -6703.385334 -11600.963244
-13439.699529 -6705.205567 -11600.961583
-13440.528233 -6707.025799 -11600.959922
-13441.356937 -6708.846032 -11600.958260
-13442.185641 -6710.666265 -11600.956599
-13443.014345 -6712.486498 -11600.954938
-13443.843049 -6714.306730 -11600.953277
-13444.671753 -6716.126963 -11600.951615
-13445.500457 -6717.947196 -11600.949954
-13446.329161 -6719.767428 -11600.948293
-13447.157864 -6721.587661 -11600.946632
-13447.986568 -6723.407894 -11600.944970
-13448.815272 -6725.228126 -11600.943309
-13449.643976 -6727.048359 -11600.941648
-13450.472680 -6728.868592 -11600.939987
-13451.301384 -6730.688824 -11600.938325
-13452.130088 -6732.509057 -11600.936664
-13452.958792 -6734.329290 -11600.935003
-13453.787496 -6736.149522 -11600.933342
-13454.616200 -6737.969755 -11600.931680
-13455.444904 -6739.789988 -11600.930019
-13456.273608 -6741.610220 -11600.928358
-13457.102312 -6743.430453 -11600.926697
-13457.931016 -6745.250686 -11600.925035
-13458.759720 -6747.070918 -11600.923374
-13459.588424 -6748.891151 -11600.921713
-13460.417128 -6750.711384 -11600.920052
-13461.245832 -6752.531616 -11600.918390
-13462.074536 -6754.351849 -11600.916729
-13462.903240 -6756.172082 -11600.915068
-13463.731944 -6757.992314 -11600.913407
-13464.560647 -6759.812547 -11600.911745
-13465.389351 -6761.632780 -11600.910084
-13466.218055 -6763.453012 -11600.908423
-13467.046759 -6765.273245 -11600.906762
-13467.875463 -6767.093478 -11600.905100
-13468.704167 -6768.913711 -11600.903439
-13469.532871 -6770.733943 -11600.901778
-13470.361575 -6772.554176 -11600.900117
-13471.190279 -6774.374409 -11600.898455
-13472.018983 -6776.194641 -11600.896794
-13472.847687 -6778.014874 -11600.895133
-13473.676391 -6779.835107 -11600.893472
-13474.505095 -6781.655339 -11600.891810
-13475.333799 -6783.475572 -11600.890149
-13476.162503 -6785.295805 -11600.888488
-13476.991207 -6787.116037 -11600.886827
-13477.819911 -6788.936270 -11600.885165
-13478.648615 -6790.756503 -11600.883504
-13479.477319 -6792.576735 -11600.881843
-13480.306023 -6794.396968 -11600.880182
-13481.134727 -6796.217201 -11600.878520
-13481.963430 -6798.037433 -11600.876859
-13482.792134 -6799.857666 -11600.875198
-13483.620838 -6801.677899 -11600.873537
-13484.449542 -6803.498131 -11600.871876
-13485.278246 -6805.318364 -11600.870214
-13486.106950 -6807.138597 -11600.868553
-13486.935654 -6808.958829 -11600.866892
-13487.764358 -6810.779062 -11600.865231
-13488.593062 -6812.599295 -11600.863569
-13489.421766 -6814.419527 -11600.861908
-13490.250470 -6816.239760 -11600.860247
-13491.079174 -6818.059993 -11600.858586
-13491.907878 -6819.880225 -11600.856924
-13492.736582 -6821.700458 -11600.855263
-13493.565286 -6823.520691 -11600.853602
-13494.393990 -6825.340924 -11600.851941
-13495.222694 -6827.161156 -11600.850279
-13496.051398 -6828.981389 -11600.848618
-13496.880102 -6830.801622 -11600.846957
-13497.708806 -6832.621854 -11600.845296
-13498.537510 -6834.442087 -11600.843634
-13499.366213 -6836.262320 -11600.841973
-13500.194917 -6838.082552 -11600.840312
-13501.023621 -6839.902785 -11600.838651
-13501.852325 -6841.723018 -11600.836989
-13502.681029 -6843.543250 -11600.835328
-13503.509733 -6845.363483 -11600.833667
-13504.338437 -6847.183716 -11600.832006
-13505.167141 -6849.003948 -11600.830344
-13505.995845 -6850.824181 -11600.828683
-13506.824549 -6852.644414 -11600.827022
-13507.653253 -6854.464646 -11600.825361
-13508.481957 -6856.284879 -11600.823699
-13509.310661 -6858.105112 -11600.822038
-13510.139365 -6859.925344 -11600.820377
-13510.968069 -6861.745577 -11600.818716
-13511.796773 -6863.565810 -11600.817054
-13512.625477 -6865.386042 -11600.815393
-13513.454181 -6867.206275 -11600.813732
-13514.282885 -6869.026508 -11600.812071
-13515.111589 -6870.846740 -11600.810409
-13515.940293 -6872.666973 -11600.808748
-13516.768996 -6874.487206 -11600.807087
-13517.597700 -6876.307438 -11600.805426
-13518.426404 -6878.127671 -11600.803764
-13519.255108 -6879.947904 -11600.802103
-13520.083812 -6881.768137 -11600.800442
-13520.912516 -6883.588369 -11600.798781
-13521.741220 -6885.408602 -11600.797119
-13522.569924 -6887.228835 -11600.795458
-13523.398628 -6889.049067 -11600.793797
-13524.227332 -6890.869300 -11600.792136
-13525.056036 -6892.689533 -11600.790475
-13525.884740 -6894.509765 -11600.788813
-13526.713444 -6896.329998 -11600.787152
-13527.542148 -6898.150231 -11600.785491
-13528.370852 -6899.970463 -11600.783830
-13529.199556 -6901.790696 -11600.782168
-13530.028260 -6903.610929 -11600.780507
-13530.856964 -6905.431161 -11600.778846
-13531.685668 -6907.251394 -11600.777185
-13532.514372 -6909.071627 -11600.775523
-13533.343076 -6910.891859 -11600.773862
-13534.171779 -6912.712092 -11600.772201
-13535.000483 -6914.532325 -11600.770540
-13535.829187 -6916.352557 -11600.768878
-13536.657891 -6918.172790 -11600.767217
-13537.486595 -6919.993023 -11600.765556
-13538.315299 -6921.813255 -11600.763895
-13539.144003 -6923.633488 -11600.762233
-13539.972707 -6925.453721 -11600.760572
-13540.801411 -6927.273953 -11600.758911
-13541.630115 -6929.094186 -11600.757250
-13542.458819 -6930.914419 -11600.755588
-13543.287523 -6932.734651 -11600.753927
-13544.116227 -6934.554884 -11600.752266
-13544.944931 -6936.375117 -11600.750605
-13545.773635 -6938.195350 -11600.748943
-13546.602339 -6940.015582 -11600.747282
-13547.431043 -6941.835815 -11600.745621
-13548.259747 -6943.656048 -11600.743960
-13549.088451 -6945.476280 -11600.742298
-13549.917155 -6947.296513 -11600.740637
-13550.745859 -6949.116746 -11600.738976
-13551.574562 -6950.936978 -11600.737315
-13552.403266 -6952.757211 -11600.735653
-13553.231970 -6954.577444 -11600.733992
-13554.060674 -6956.397676 -11600.732331
-13554.889378 -6958.217909 -11600.730670
-13555.718082 -6960.038142 -11600.729008
-13556.546786 -6961.858374 -11600.727347
-13557.375490 -6963.678607 -11600.725686
-13558.204194 -6965.498840 -11600.724025
-13559.032898 -6967.319072 -11600.722363
-13559.861602 -6969.139305 -11600.720702
-13560.690306 -6970.959538 -11600.719041
-13561.519010 -6972.779770 -11600.717380
-13562.347714 -6974.600003 -11600.715718
-13563.176418 -6976.420236 -11600.714057
-13564.005122 -6978.240468 -11600.712396
-13564.833826 -6980.060701 -11600.710735
-13565.662530 -6981.880934 -11600.709074
-13566.491234 -6983.701166 -11600.707412
-13567.319938 -6985.521399 -11600.705751
-13568.148642 -6987.341632 -11600.704090
-13568.977345 -6989.161864 -11600.702429
-13569.806049 -6990.982097 -11600.700767
-13570.634753 -6992.802330 -11600.699106
-13571.463457 -6994.622563 -11600.697445
-13572.292161 -6996.442795 -11600.695784
-13573.120865 -6998.263028 -11600.694122
-13573.949569 -7000.083261 -11600.692461
-13574.778273 -7001.903493 -11600.690800
-13575.606977 -7003.723726 -11600.689139
-13576.435681 -7005.543959 -11600.687477
-13577.264385 -7007.364191 -11600.685816
-13578.093089 -7009.184424 -11600.684155
-13578.921793 -7011.004657 -11600.682494
-13579.750497 -7012.824889 -11600.680832
-13580.579201 -7014.645122 -11600.679171
-13581.407905 -7016.465355 -11600.677510
-13582.236609 -7018.285587 -11600.675849
-13583.065313 -7020.105820 -11600.674187
-13583.894017 -7021.926053 -11600.672526
-13584.722721 -7023.746285 -11600.670865
-13585.551425 -7025.566518 -11600.669204
-13586.380128 -7027.386751 -11600.667542
-13587.208832 -7029.206983 -11600.665881
-13588.037536 -7031.027216 -11600.664220
-13588.866240 -7032.847449 -11600.662559
-13589.694944 -7034.667681 -11600.660897
-13590.523648 -7036.487914 -11600.659236
-13591.352352 -7038.308147 -11600.657575
-13592.181056 -7040.128379 -11600.655914
-13593.009760 -7041.948612 -11600.654252
-13593.838464 -7043.768845 -11600.652591
-13594.667168 -7045.589077 -11600.650930
-13595.495872 -7047.409310 -11600.649269
-13596.324576 -7049.229543 -11600.647607
-13597.153280 -7051.049776 -11600.645946
-13597.981984 -7052.870008 -11600.644285
-13598.810688 -7054.690241 -11600.642624
-13599.639392 -7056.510474 -11600.640962
-13600.468096 -7058.330706 -11600.639301
-13601.296800 -7060.150939 -11600.637640
-13602.125504 -7061.971172 -11600.635979
-13602.954208 -7063.791404 -11600.634317
-13603.782911 -7065.611637 -11600.632656
-13604.611615 -7067.431870 -11600.630995
-13605.440319 -7069.252102 -11600.629334
-13606.269023 -7071.072335 -11600.627672
-13607.097727 -7072.892568 -11600.626011
-13607.926431 -7074.712800 -11600.624350
-13608.755135 -7076.533033 -11600.622689
-13609.583839 -7078.353266 -11600.621028
-13610.412543 -7080.173498 -11600.619366
-13611.241247 -7081.993731 -11600.617705
-13612.069951 -7083.813964 -11600.616044
-13612.898655 -7085.634196 -11600.614383
-13613.727359 -7087.454429 -11600.612721
-13614.556063 -7089.274662 -11600.611060
-13615.384767 -7091.094894 -11600.609399
-13616.213471 -7092.915127 -11600.607738
-13617.042175 -7094.735360 -11600.606076
-13617.870879 -7096.555592 -11600.604415
-13618.699583 -7098.375825 -11600.602754
-13619.528287 -7100.196058 -11600.601093
-13620.356991 -7102.016290 -11600.599431
-13621.185694 -7103.836523 -11600.597770
-13622.014398 -7105.656756 -11600.596109
-13622.843102 -7107.476989 -11600.594448
-13623.671806 -7109.297221 -11600.592786
-13624.500510 -7111.117454 -11600.591125
-13625.329214 -7112.937687 -11600.589464
-13626.157918 -7114.757919 -11600.587803
-13626.986622 -7116.578152 -11600.586141
-13627.815326 -7118.398385 -11600.584480
-13628.644030 -7120.218617 -11600.582819
-13629.472734 -7122.038850 -11600.581158
-13630.301438 -7123.859083 -11600.579496
-13631.130142 -7125.679315 -11600.577835
-13631.958846 -7127.499548 -11600.576174
-13632.787550 -7129.319781 -11600.574513
-13633.616254 -7131.140013 -11600.572851
-13634.444958 -7132.960246 -11600.571190
-13635.273662 -7134.780479 -11600.569529
-13636.102366 -7136.600711 -11600.567868
-13636.931070 -7138.420944 -11600.566206
-13637.759773 -7140.241177 -11600.564545
-13638.588477 -7142.061409 -11600.562884
-13639.417181 -7143.881642 -11600.561223
-13640.245885 -7145.701875 -11600.559561
-13641.074589 -7147.522107 -11600.557900
-13641.903293 -7149.342340 -11600.556239
-13642.731997 -7151.162573 -11600.554578
-13643.560701 -7152.982805 -11600.552916
-13644.389405 -7154.803038 -11600.551255
-13645.218109 -7156.623271 -11600.549594
-13646.046813 -7158.443503 -11600.547933
-13646.875517 -7160.263736 -11600.546271
-13647.704221 -7162.083969 -11600.544610
-13648.532925 -7163.904202 -11600.542949
-13649.361629 -7165.724434 -11600.541288
-13650.190333 -7167.544667 -11600.539627
-13651.019037 -7169.364900 -11600.537965
-13651.847741 -7171.185132 -11600.536304
-13652.676445 -7173.005365 -11600.534643
-13653.505149 -7174.825598 -11600.532982
-13654.333853 -7176.645830 -11600.531320
-13655.162556 -7178.466063 -11600.529659
-13655.991260 -7180.286296 -11600.527998
-13656.819964 -7182.106528 -11600.526337
-13657.648668 -7183.926761 -11600.524675
-13658.477372 -7185.746994 -11600.523014
-13659.306076 -7187.567226 -11600.521353
-13660.134780 -7189.387459 -11600.519692
-13660.963484 -7191.207692 -11600.518030
-13661.792188 -7193.027924 -11600.516369
-13662.620892 -7194.848157 -11600.514708
-13663.449596 -7196.668390 -11600.513047
-13664.278300 -7198.488622 -11600.511385
-13665.107004 -7200.308855 -11600.509724
-13665.935708 -7202.129088 -11600.508063
-13666.764412 -7203.949320 -11600.506402
-13667.593116 -7205.769553 -11600.504740
-13668.421820 -7207.589786 -11600.503079
-13669.250524 -7209.410018 -11600.501418
-13670.079228 -7211.230251 -11600.499757
-13670.907932 -7213.050484 -11600.498095
-13671.736636 -7214.870716 -11600.496434
-13672.565339 -7216.690949 -11600.494773
-13673.394043 -7218.511182 -11600.493112
-13674.222747 -7220.331415 -11600.491450
-13675.051451 -7222.151647 -11600.489789
-13675.880155 -7223.971880 -11600.488128
-13676.708859 -7225.792113 -11600.486467
-13677.537563 -7227.612345 -11600.484805
-13678.366267 -7229.432578 -11600.483144
-13679.194971 -7231.252811 -11600.481483
-13680.023675 -7233.073043 -11600.479822
-13680.852379 -7234.893276 -11600.478160
-13681.681083 -7236.713509 -11600.476499
-13682.509787 -7238.533741 -11600.474838
-13683.338491 -7240.353974 -11600.473177
-13684.167195 -7242.174207 -11600.471515
-13684.995899 -7243.994439 -11600.469854
-13685.824603 -7245.814672 -11600.468193
-13686.653307 -7247.634905 -11600.466532
-13687.482011 -7249.455137 -11600.464870
-13688.310715 -7251.275370 -11600.463209
-13689.139419 -7253.095603 -11600.461548
-13689.968122 -7254.915835 -11600.459887
-13690.796826 -7256.736068 -11600.458225
-13691.625530 -7258.556301 -11600.456564
-13692.454234 -7260.376533 -11600.454903
-13693.282938 -7262.196766 -11600.453242
-13694.111642 -7264.016999 -11600.451581
-13694.940346 -7265.837231 -11600.449919
-13695.769050 -7267.657464 -11600.448258
-13696.597754 -7269.477697 -11600.446597
-13697.426458 -7271.297929 -11600.444936
-13698.255162 -7273.118162 -11600.443274
-13699.083866 -7274.938395 -11600.441613
-13699.912570 -7276.758628 -11600.439952
-13700.741274 -7278.578860 -11600.438291
-13701.569978 -7280.399093 -11600.436629
-13702.398682 -7282.219326 -11600.434968
-13703.227386 -7284.039558 -11600.433307
-13704.056090 -7285.859791 -11600.431646
-13704.884794 -7287.680024 -11600.429984
-13705.713498 -7289.500256 -11600.428323
-13706.542202 -7291.320489 -11600.426662
-13707.370905 -7293.140722 -11600.425001
-13708.199609 -7294.960954 -11600.423339
-13709.028313 -7296.781187 -11600.421678
-13709.857017 -7298.601420 -11600.420017
-13710.685721 -7300.421652 -11600.418356
-13711.514425 -7302.241885 -11600.416694
-13712.343129 -7304.062118 -11600.415033
-13713.171833 -7305.882350 -11600.413372
-13714.000537 -7307.702583 -11600.411711
-13714.829241 -7309.522816 -11600.410049
-13715.657945 -7311.343048 -11600.408388
-13716.486649 -7313.163281 -11600.406727
-13717.315353 -7314.983514 -11600.405066
-13718.144057 -7316.803746 -11600.403404
-13718.972761 -7318.623979 -11600.401743
-13719.801465 -7320.444212 -11600.400082
-13720.630169 -7322.264444 -11600.398421
-13721.458873 -7324.084677 -11600.396759
-13722.287577 -7325.904910 -11600.395098
-13723.116281 -7327.725142 -11600.393437
-13723.944985 -7329.545375 -11600.391776
-13724.773688 -7331.365608 -11600.390114
-13725.602392 -7333.185840 -11600.388453
-13726.431096 -7335.006073 -11600.386792
-13727.259800 -7336.826306 -11600.385131
-13728.088504 -7338.646539 -11600.383469
-13728.917208 -7340.466771 -11600.381808
-13729.745912 -7342.287004 -11600.380147
-13730.574616 -7344.107237 -11600.378486
-13731.403320 -7345.927469 -11600.376824
-13732.232024 -7347.747702 -11600.375163
-13733.060728 -7349.567935 -11600.373502
-13733.889432 -7351.388167 -11600.371841
-13734.718136 -7353.208400 -11600.370180
-13735.546840 -7355.028633 -11600.368518
-13736.375544 -7356.848865 -11600.366857
-13737.204248 -7358.669098 -11600.365196
-13738.032952 -7360.489331 -11600.363535
-13738.861656 -7362.309563 -11600.361873
-13739.690360 -7364.129796 -11600.360212
-13740.519064 -7365.950029 -11600.358551
-13741.347768 -7367.770261 -11600.356890
-13742.176471 -7369.590494 -11600.355228
-13743.005175 -7371.410727 -11600.353567
-13743.833879 -7373.230959 -11600.351906
-13744.662583 -7375.051192 -11600.350245
-13745.491287 -7376.871425 -11600.348583
-13746.319991 -7378.691657 -11600.346922
-13747.148695 -7380.511890 -11600.345261
-13747.977399 -7382.332123 -11600.343600
-13748.806103 -7384.152355 -11600.341938
-13749.634807 -7385.972588 -11600.340277
-13750.463511 -7387.792821 -11600.338616
-13751.292215 -7389.613053 -11600.336955
-13752.120919 -7391.433286 -11600.335293
-13752.949623 -7393.253519 -11600.333632
-13753.778327 -7395.073752 -11600.331971
-13754.607031 -7396.893984 -11600.330310
-13755.435735 -7398.714217 -11600.328648
-13756.264439 -7400.534450 -11600.326987
-13757.093143 -7402.354682 -11600.325326
-13757.921847 -7404.174915 -11600.323665
-13758.750551 -7405.995148 -11600.322003
-13759.579254 -7407.815380 -11600.320342
-13760.407958 -7409.635613 -11600.318681
-13761.236662 -7411.455846 -11600.317020
-13762.065366 -7413.276078 -11600.315358
-13762.894070 -7415.096311 -11600.313697
-13763.722774 -7416.916544 -11600.312036
-13764.551478 -7418.736776 -11600.310375
-13765.380182 -7420.557009 -11600.308713
-13766.208886 -7422.377242 -11600.307052
-13767.037590 -7424.197474 -11600.305391
-13767.866294 -7426.017707 -11600.303730
-13768.694998 -7427.837940 -11600.302068
-13769.523702 -7429.658172 -11600.300407
-13770.352406 -7431.478405 -11600.298746
-13771.181110 -7433.298638 -11600.297085
-13772.009814 -7435.118870 -11600.295423
-13772.838518 -7436.939103 -11600.293762
-13773.667222 -7438.759336 -11600.292101
-13774.495926 -7440.579568 -11600.290440
-13775.324630 -7442.399801 -11600.288778
-13776.153334 -7444.220034 -11600.287117
-13776.982037 -7446.040266 -11600.285456
-13777.810741 -7447.860499 -11600.283795
-13778.639445 -7449.680732 -11600.282134
-13779.468149 -7451.500965 -11600.280472
-13780.296853 -7453.321197 -11600.278811
-13781.125557 -7455.141430 -11600.277150
-13781.954261 -7456.961663 -11600.275489
-13782.782965 -7458.781895 -11600.273827
-13783.611669 -7460.602128 -11600.272166
-13784.440373 -7462.422361 -11600.270505
-13785.269077 -7464.242593 -11600.268844
-13786.097781 -7466.062826 -11600.267182
-13786.926485 -7467.883059 -11600.265521
-13787.755189 -7469.703291 -11600.263860
-13788.583893 -7471.523524 -11600.262199
-13789.412597 -7473.343757 -11600.260537
-13790.241301 -7475.163989 -11600.258876
-13791.070005 -7476.984222 -11600.257215
-13791.898709 -7478.804455 -11600.255554
-13792.727413 -7480.624687 -11600.253892
-13793.556117 -7482.444920 -11600.252231
-13794.384820 -7484.265153 -11600.250570
-13795.213524 -7486.085385 -11600.248909
-13796.042228 -7487.905618 -11600.247247
-13796.870932 -7489.725851 -11600.245586
-13797.699636 -7491.546083 -11600.243925
-13798.528340 -7493.366316 -11600.242264
-13799.357044 -7495.186549 -11600.240602
-13800.185748 -7497.006781 -11600.238941
-13801.014452 -7498.827014 -11600.237280
-13801.843156 -7500.647247 -11600.235619
-13802.671860 -7502.467479 -11600.233957
-13803.500564 -7504.287712 -11600.232296
-13804.329268 -7506.107945 -11600.230635
-13805.157972 -7507.928178 -11600.228974
-13805.986676 -7509.748410 -11600.227312
-13806.815380 -7511.568643 -11600.225651
-13807.644084 -7513.388876 -11600.223990
-13808.472788 -7515.209108 -11600.222329
-13809.301492 -7517.029341 -11600.220667
-13810.130196 -7518.849574 -11600.219006
-13810.958900 -7520.669806 -11600.217345
-13811.787603 -7522.490039 -11600.215684
-13812.616307 -7524.310272 -11600.214022
-13813.445011 -7526.130504 -11600.212361
-13814.273715 -7527.950737 -11600.210700
-13815.102419 -7529.770970 -11600.209039
-13815.931123 -7531.591202 -11600.207377
-13816.759827 -7533.411435 -11600.205716
-13817.588531 -7535.231668 -11600.204055
-13818.417235 -7537.051900 -11600.202394
-13819.245939 -7538.872133 -11600.200733
-13820.074643 -7540.692366 -11600.199071
-13820.903347 -7542.512598 -11600.197410
-13821.732051 -7544.332831 -11600.195749
-13822.560755 -7546.153064 -11600.194088
-13823.389459 -7547.973296 -11600.192426
-13824.218163 -7549.793529 -11600.190765
-13825.046867 -7551.613762 -11600.189104
-13825.875571 -7553.433994 -11600.187443
-13826.704275 -7555.254227 -11600.185781
-13827.532979 -7557.074460 -11600.184120
-13828.361683 -7558.894692 -11600.182459
-13829.190386 -7560.714925 -11600.180798
-13830.019090 -7562.535158 -11600.179136
-13830.847794 -7564.355391 -11600.177475
-13831.676498 -7566.175623 -11600.175814
-13832.505202 -7567.995856 -11600.174153
-13833.333906 -7569.816089 -11600.172491
-13834.162610 -7571.636321 -11600.170830
-13834.991314 -7573.456554 -11600.169169
-13835.820018 -7575.276787 -11600.167508
-13836.648722 -7577.097019 -11600.165846
-13837.477426 -7578.917252 -11600.164185
-13838.306130 -7580.737485 -11600.162524
-13839.134834 -7582.557717 -11600.160863
-13839.963538 -7584.377950 -11600.159201
-13840.792242 -7586.198183 -11600.157540
-13841.620946 -7588.018415 -11600.155879
-13842.449650 -7589.838648 -11600.154218
-13843.278354 -7591.658881 -11600.152556
-13844.107058 -7593.479113 -11600.150895
-13844.935762 -7595.299346 -11600.149234
-13845.764466 -7597.119579 -11600.147573
-13846.593169 -7598.939811 -11600.145911
-13847.421873 -7600.760044 -11600.144250
-13848.250577 -7602.580277 -11600.142589
-13849.079281 -7604.400509 -11600.140928
-13849.907985 -7606.220742 -11600.139266
-13850.736689 -7608.040975 -11600.137605
-13851.565393 -7609.861207 -11600.135944
-13852.394097 -7611.681440 -11600.134283
-13853.222801 -7613.501673 -11600.132621
-13854.051505 -7615.321905 -11600.130960
-13854.880209 -7617.142138 -11600.129299
-13855.708913 -7618.962371 -11600.127638
-13856.537617 -7620.782604 -11600.125976
-13857.366321 -7622.602836 -11600.124315
-13858.195025 -7624.423069 -11600.122654
-13859.023729 -7626.243302 -11600.120993
-13859.852433 -7628.063534 -11600.119331
-13860.681137 -7629.883767 -11600.117670
-13861.509841 -7631.704000 -11600.116009
-13862.338545 -7633.524232 -11600.114348
-13863.167249 -7635.344465 -11600.112687
-13863.995952 -7637.164698 -11600.111025
-13864.824656 -7638.984930 -11600.109364
-13865.653360 -7640.805163 -11600.107703
-13866.482064 -7642.625396 -11600.106042
-13867.310768 -7644.445628 -11600.104380
-13868.139472 -7646.265861 -11600.102719
-13868.968176 -7648.086094 -11600.101058
-13869.796880 -7649.906326 -11600.099397
-13870.625584 -7651.726559 -11600.097735
-13871.454288 -7653.546792 -11600.096074
-13872.282992 -7655.367024 -11600.094413
-13873.111696 -7657.187257 -11600.092752
-13873.940400 -7659.007490 -11600.091090
-13874.769104 -7660.827722 -11600.089429
-13875.597808 -7662.647955 -11600.087768
-13876.426512 -7664.468188 -11600.086107
-13877.255216 -7666.288420 -11600.084445
-13878.083920 -7668.108653 -11600.082784
-13878.912624 -7669.928886 -11600.081123
-13879.741328 -7671.749118 -11600.079462
-13880.570032 -7673.569351 -11600.077800
-13881.398735 -7675.389584 -11600.076139
-13882.227439 -7677.209817 -11600.074478
-13883.056143 -7679.030049 -11600.072817
-13883.884847 -7680.850282 -11600.071155
-13884.713551 -7682.670515 -11600.069494
-13885.542255 -7684.490747 -11600.067833
-13886.370959 -7686.310980 -11600.066172
-13887.199663 -7688.131213 -11600.064510
-13888.028367 -7689.951445 -11600.062849
-13888.857071 -7691.771678 -11600.061188
-13889.685775 -7693.591911 -11600.059527
-13890.514479 -7695.412143 -11600.057865
-13891.343183 -7697.232376 -11600.056204
-13892.171887 -7699.052609 -11600.054543
-13893.000591 -7700.872841 -11600.052882
-13893.829295 -7702.693074 -11600.051220
-13894.657999 -7704.513307 -11600.049559
-13895.486703 -7706.333539 -11600.047898
-13896.315407 -7708.153772 -11600.046237
-13897.144111 -7709.974005 -11600.044575
-13897.972815 -7711.794237 -11600.042914
-13898.801518 -7713.614470 -11600.041253
-13899.630222 -7715.434703 -11600.039592
-13900.458926 -7717.254935 -11600.037930
-13901.287630 -7719.075168 -11600.036269
-13902.116334 -7720.895401 -11600.034608
-13902.945038 -7722.715633 -11600.032947
-13903.773742 -7724.535866 -11600.031286
-13904.602446 -7726.356099 -11600.029624
-13905.431150 -7728.176331 -11600.027963
-13906.259854 -7729.996564 -11600.026302
-13907.088558 -7731.816797 -11600.024641
-13907.917262 -7733.637030 -11600.022979
-13908.745966 -7735.457262 -11600.021318
-13909.574670 -7737.277495 -11600.019657
-13910.403374 -7739.097728 -11600.017996
-13911.232078 -7740.917960 -11600.016334
-13912.060782 -7742.738193 -11600.014673
-13912.889486 -7744.558426 -11600.013012
-13913.718190 -7746.378658 -11600.011351
-13914.546894 -7748.198891 -11600.009689
-13915.375598 -7750.019124 -11600.008028
-13916.204301 -7751.839356 -11600.006367
-13917.033005 -7753.659589 -11600.004706
-13917.861709 -7755.479822 -11600.003044
-13918.690413 -7757.300054 -11600.001383
-13919.519117 -7759.120287 -11599.999722
-13920.347821 -7760.940520 -11599.998061
-13921.176525 -7762.760752 -11599.996399
-13922.005229 -7764.580985 -11599.994738
-13922.833933 -7766.401218 -11599.993077
-13923.662637 -7768.221450 -11599.991416
-13924.491341 -7770.041683 -11599.989754
-13925.320045 -7771.861916 -11599.988093
-13926.148749 -7773.682148 -11599.986432
-13926.977453 -7775.502381 -11599.984771
-13927.806157 -7777.322614 -11599.983109
-13928.634861 -7779.142846 -11599.981448
-13929.463565 -7780.963079 -11599.979787
-13930.292269 -7782.783312 -11599.978126
-13931.120973 -7784.603544 -11599.976464
-13931.949677 -7786.423777 -11599.974803
-13932.778381 -7788.244010 -11599.973142
-13933.607084 -7790.064243 -11599.971481
-13934.435788 -7791.884475 -11599.969819
-13935.264492 -7793.704708 -11599.968158
-13936.093196 -7795.524941 -11599.966497
-13936.921900 -7797.345173 -11599.964836
-13937.750604 -7799.165406 -11599.963174
-13938.579308 -7800.985639 -11599.961513
-13939.408012 -7802.805871 -11599.959852
-13940.236716 -7804.626104 -11599.958191
-13941.065420 -7806.446337 -11599.956529
-13941.894124 -7808.266569 -11599.954868
-13942.722828 -7810.086802 -11599.953207
-13943.551532 -7811.907035 -11599.951546
-13944.380236 -7813.727267 -11599.949884
-13945.208940 -7815.547500 -11599.948223
-13946.037644 -7817.367733 -11599.946562
-13946.866348 -7819.187965 -11599.944901
-13947.695052 -7821.008198 -11599.943240
-13948.523756 -7822.828431 -11599.941578
-13949.352460 -7824.648663 -11599.939917
-13950.181164 -7826.468896 -11599.938256
-13951.009867 -7828.289129 -11599.936595
-13951.838571 -7830.109361 -11599.934933
-13952.667275 -7831.929594 -11599.933272
-13953.495979 -7833.749827 -11599.931611
-13954.324683 -7835.570059 -11599.929950
-13955.153387 -7837.390292 -11599.928288
-13955.982091 -7839.210525 -11599.926627
-13956.810795 -7841.030757 -11599.924966
-13957.639499 -7842.850990 -11599.923305
-13958.468203 -7844.671223 -11599.921643
-13959.296907 -7846.491456 -11599.919982
-13960.125611 -7848.311688 -11599.918321
-13960.954315 -7850.131921 -11599.916660
-13961.783019 -7851.952154 -11599.914998
-13962.611723 -7853.772386 -11599.913337
-13963.440427 -7855.592619 -11599.911676
-13964.269131 -7857.412852 -11599.910015
-13965.097835 -7859.233084 -11599.908353
-13965.926539 -7861.053317 -11599.906692
-13966.755243 -7862.873550 -11599.905031
-13967.583947 -7864.693782 -11599.903370
-13968.412650 -7866.514015 -11599.901708
-13969.241354 -7868.334248 -11599.900047
-13970.070058 -7870.154480 -11599.898386
-13970.898762 -7871.974713 -11599.896725
-13971.727466 -7873.794946 -11599.895063
-13972.556170 -7875.615178 -11599.893402
-13973.384874 -7877.435411 -11599.891741
-13974.213578 -7879.255644 -11599.890080
-13975.042282 -7881.075876 -11599.888418
-13975.870986 -7882.896109 -11599.886757
-13976.699690 -7884.716342 -11599.885096
-13977.528394 -7886.536574 -11599.883435
-13978.357098 -7888.356807 -11599.881773
-13979.185802 -7890.177040 -11599.880112
-13980.014506 -7891.997272 -11599.878451
-13980.843210 -7893.817505 -11599.876790
-13981.671914 -7895.637738 -11599.875128
-13982.500618 -7897.457970 -11599.873467
-13983.329322 -7899.278203 -11599.871806
-13984.158026 -7901.098436 -11599.870145
-13984.986730 -7902.918668 -11599.868483
-13985.815433 -7904.738901 -11599.866822
-13986.644137 -7906.559134 -11599.865161
-13987.472841 -7908.379367 -11599.863500
-13988.301545 -7910.199599 -11599.861839
-13989.130249 -7912.019832 -11599.860177
-13989.958953 -7913.840065 -11599.858516
-13990.787657 -7915.660297 -11599.856855
-13991.616361 -7917.480530 -11599.855194
-13992.445065 -7919.300763 -11599.853532
-13993.273769 -7921.120995 -11599.851871
-13994.102473 -7922.941228 -11599.850210
-13994.931177 -7924.761461 -11599.848549
-13995.759881 -7926.581693 -11599.846887
-13996.588585 -7928.401926 -11599.845226
-13997.417289 -7930.222159 -11599.843565
-13998.245993 -7932.042391 -11599.841904
-13999.074697 -7933.862624 -11599.840242
-13999.903401 -7935.682857 -11599.838581
-14000.732105 -7937.503089 -11599.836920
-14001.560809 -7939.323322 -11599.835259
-14002.389513 -7941.143555 -11599.833597
-14003.218216 -7942.963787 -11599.831936
-14004.046920 -7944.784020 -11599.830275
-14004.875624 -7946.604253 -11599.828614
-14005.704328 -7948.424485 -11599.826952
-14006.533032 -7950.244718 -11599.825291
-14007.361736 -7952.064951 -11599.823630
-14008.190440 -7953.885183 -11599.821969
-14009.019144 -7955.705416 -11599.820307
-14009.847848 -7957.525649 -11599.818646
-14010.676552 -7959.345881 -11599.816985
-14011.505256 -7961.166114 -11599.815324
-14012.333960 -7962.986347 -11599.813662
-14013.162664 -7964.806580 -11599.812001
-14013.991368 -7966.626812 -11599.810340
-14014.820072 -7968.447045 -11599.808679
-14015.648776 -7970.267278 -11599.807017
-14016.477480 -7972.087510 -11599.805356
-14017.306184 -7973.907743 -11599.803695
-14018.134888 -7975.727976 -11599.802034
-14018.963592 -7977.548208 -11599.800372
-14019.792296 -7979.368441 -11599.798711
-14020.620999 -7981.188674 -11599.797050
-14021.449703 -7983.008906 -11599.795389
-14022.278407 -7984.829139 -11599.793727
-14023.107111 -7986.649372 -11599.792066
-14023.935815 -7988.469604 -11599.790405
-14024.764519 -7990.289837 -11599.788744
-14025.593223 -7992.110070 -11599.787082
-14026.421927 -7993.930302 -11599.785421
-14027.250631 -7995.750535 -11599.783760
-14028.079335 -7997.570768 -11599.782099
-14028.908039 -7999.391000 -11599.780438
-14029.736743 -8001.211233 -11599.778776
-14030.565447 -8003.031466 -11599.777115
-14031.394151 -8004.851698 -11599.775454
-14032.222855 -8006.671931 -11599.773793
-14033.051559 -8008.492164 -11599.772131
-14033.880263 -8010.312396 -11599.770470
-14034.708967 -8012.132629 -11599.768809
-14035.537671 -8013.952862 -11599.767148
-14036.366375 -8015.773094 -11599.765486
-14037.195079 -8017.593327 -11599.763825
-14038.023782 -8019.413560 -11599.762164
-14038.852486 -8021.233793 -11599.760503
-14039.681190 -8023.054025 -11599.758841
-14040.509894 -8024.874258 -11599.757180
-14041.338598 -8026.694491 -11599.755519
-14042.167302 -8028.514723 -11599.753858
-14042.996006 -8030.334956 -11599.752196
-14043.824710 -8032.155189 -11599.750535
-14044.653414 -8033.975421 -11599.748874
-14045.482118 -8035.795654 -11599.747213
-14046.310822 -8037.615887 -11599.745551
-14047.139526 -8039.436119 -11599.743890
-14047.968230 -8041.256352 -11599.742229
-14048.796934 -8043.076585 -11599.740568
-14049.625638 -8044.896817 -11599.738906
-14050.454342 -8046.717050 -11599.737245
-14051.283046 -8048.537283 -11599.735584
-14052.111750 -8050.357515 -11599.733923
-14052.940454 -8052.177748 -11599.732261
-14053.769158 -8053.997981 -11599.730600
-14054.597862 -8055.818213 -11599.728939
-14055.426565 -8057.638446 -11599.727278
-14056.255269 -8059.458679 -11599.725616
-14057.083973 -8061.278911 -11599.723955
-14057.912677 -8063.099144 -11599.722294
-14058.741381 -8064.919377 -11599.720633
-14059.570085 -8066.739609 -11599.718971
-14060.398789 -8068.559842 -11599.717310
-14061.227493 -8070.380075 -11599.715649
-14062.056197 -8072.200307 -11599.713988
-14062.884901 -8074.020540 -11599.712326
-14063.713605 -8075.840773 -11599.710665
-14064.542309 -8077.661006 -11599.709004
-14065.371013 -8079.481238 -11599.707343
-14066.199717 -8081.301471 -11599.705681
-14067.028421 -8083.121704 -11599.704020
-14067.857125 -8084.941936 -11599.702359
-14068.685829 -8086.762169 -11599.700698
-14069.514533 -8088.582402 -11599.699036
-14070.343237 -8090.402634 -11599.697375
-14071.171941 -8092.222867 -11599.695714
-14072.000645 -8094.043100 -11599.694053
-14072.829348 -8095.863332 -11599.692392
-14073.658052 -8097.683565 -11599.690730
-14074.486756 -8099.503798 -11599.689069
-14075.315460 -8101.324030 -11599.687408
-14076.144164 -8103.144263 -11599.685747
-14076.972868 -8104.964496 -11599.684085
-14077.801572 -8106.784728 -11599.682424
-14078.630276 -8108.604961 -11599.680763
-14079.458980 -8110.425194 -11599.679102
-14080.287684 -8112.245426 -11599.677440
-14081.116388 -8114.065659 -11599.675779
-14081.945092 -8115.885892 -11599.674118
-14082.773796 -8117.706124 -11599.672457
-14083.602500 -8119.526357 -11599.670795
-14084.431204 -8121.346590 -11599.669134
-14085.259908 -8123.166822 -11599.667473
-14086.088612 -8124.987055 -11599.665812
-14086.917316 -8126.807288 -11599.664150
-14087.746020 -8128.627520 -11599.662489
-14088.574724 -8130.447753 -11599.660828
-14089.403428 -8132.267986 -11599.659167
-14090.232131 -8134.088219 -11599.657505
-14091.060835 -8135.908451 -11599.655844
-14091.889539 -8137.728684 -11599.654183
-14092.718243 -8139.548917 -11599.652522
-14093.546947 -8141.369149 -11599.650860
-14094.375651 -8143.189382 -11599.649199
-14095.204355 -8145.009615 -11599.647538
-14096.033059 -8146.829847 -11599.645877
-14096.861763 -8148.650080 -11599.644215
-14097.690467 -8150.470313 -11599.642554
-14098.519171 -8152.290545 -11599.640893
-14099.347875 -8154.110778 -11599.639232
-14100.176579 -8155.931011 -11599.637570
-14101.005283 -8157.751243 -11599.635909
-14101.833987 -8159.571476 -11599.634248
-14102.662691 -8161.391709 -11599.632587
-14103.491395 -8163.211941 -11599.630925
-14104.320099 -8165.032174 -11599.629264
-14105.148803 -8166.852407 -11599.627603
-14105.977507 -8168.672639 -11599.625942
-14106.806211 -8170.492872 -11599.624280
-14107.634914 -8172.313105 -11599.622619
-14108.463618 -8174.133337 -11599.620958
-14109.292322 -8175.953570 -11599.619297
-14110.121026 -8177.773803 -11599.617635
-14110.949730 -8179.594035 -11599.615974
-14111.778434 -8181.414268 -11599.614313
-14112.607138 -8183.234501 -11599.612652
-14113.435842 -8185.054733 -11599.610991
-14114.264546 -8186.874966 -11599.609329
-14115.093250 -8188.695199 -11599.607668
-14115.921954 -8190.515432 -11599.606007
-14116.750658 -8192.335664 -11599.604346
-14117.579362 -8194.155897 -11599.602684
-14118.408066 -8195.976130 -11599.601023
-14119.236770 -8197.796362 -11599.599362
-14120.065474 -8199.616595 -11599.597701
-14120.894178 -8201.436828 -11599.596039
-14121.722882 -8203.257060 -11599.594378
-14122.551586 -8205.077293 -11599.592717
-14123.380290 -8206.897526 -11599.591056
-14124.208994 -8208.717758 -11599.589394
-14125.037697 -8210.537991 -11599.587733
-14125.866401 -8212.358224 -11599.586072
-14126.695105 -8214.178456 -11599.584411
-14127.523809 -8215.998689 -11599.582749
-14128.352513 -8217.818922 -11599.581088
-14129.181217 -8219.639154 -11599.579427
-14130.009921 -8221.459387 -11599.577766
-14130.838625 -8223.279620 -11599.576104
-14131.667329 -8225.099852 -11599.574443
-14132.496033 -8226.920085 -11599.572782
-14133.324737 -8228.740318 -11599.571121
-14134.153441 -8230.560550 -11599.569459
-14134.982145 -8232.380783 -11599.567798
-14135.810849 -8234.201016 -11599.566137
-14136.639553 -8236.021248 -11599.564476
-14137.468257 -8237.841481 -11599.562814
-14138.296961 -8239.661714 -11599.561153
-14139.125665 -8241.481946 -11599.559492
-14139.954369 -8243.302179 -11599.557831
-14140.783073 -8245.122412 -11599.556169
-14141.611777 -8246.942645 -11599.554508
-14142.440480 -8248.762877 -11599.552847
-14143.269184 -8250.583110 -11599.551186
-14144.097888 -8252.403343 -11599.549524
-14144.926592 -8254.223575 -11599.547863
-14145.755296 -8256.043808 -11599.546202
-14146.584000 -8257.864041 -11599.544541
-14147.412704 -8259.684273 -11599.542879
-14148.241408 -8261.504506 -11599.541218
-14149.070112 -8263.324739 -11599.539557
-14149.898816 -8265.144971 -11599.537896
-14150.727520 -8266.965204 -11599.536234
-14151.556224 -8268.785437 -11599.534573
-14152.384928 -8270.605669 -11599.532912
-14153.213632 -8272.425902 -11599.531251
-14154.042336 -8274.246135 -11599.529589
-14154.871040 -8276.066367 -11599.527928
-14155.699744 -8277.886600 -11599.526267
-14156.528448 -8279.706833 -11599.524606
-14157.357152 -8281.527065 -11599.522945
-14158.185856 -8283.347298 -11599.521283
-14159.014560 -8285.167531 -11599.519622
-14159.843263 -8286.987763 -11599.517961
-14160.671967 -8288.807996 -11599.516300
-14161.500671 -8290.628229 -11599.514638
-14162.329375 -8292.448461 -11599.512977
-14163.158079 -8294.268694 -11599.511316
-14163.986783 -8296.088927 -11599.509655
-14164.815487 -8297.909159 -11599.507993
-14165.644191 -8299.729392 -11599.506332
-14166.472895 -8301.549625 -11599.504671
-14167.301599 -8303.369858 -11599.503010
-14168.130303 -8305.190090 -11599.501348
-14168.959007 -8307.010323 -11599.499687
-14169.787711 -8308.830556 -11599.498026
-14170.616415 -8310.650788 -11599.496365
-14171.445119 -8312.471021 -11599.494703
-14172.273823 -8314.291254 -11599.493042
-14173.102527 -8316.111486 -11599.491381
-14173.931231 -8317.931719 -11599.489720
-14174.759935 -8319.751952 -11599.488058
-14175.588639 -8321.572184 -11599.486397
-14176.417343 -8323.392417 -11599.484736
-14177.246046 -8325.212650 -11599.483075
-14178.074750 -8327.032882 -11599.481413
-14178.903454 -8328.853115 -11599.479752
-14179.732158 -8330.673348 -11599.478091
-14180.560862 -8332.493580 -11599.476430
-14181.389566 -8334.313813 -11599.474768
-14182.218270 -8336.134046 -11599.473107
-14183.046974 -8337.954278 -11599.471446
-14183.875678 -8339.774511 -11599.469785
-14184.704382 -8341.594744 -11599.468123
-14185.533086 -8343.414976 -11599.466462
-14186.361790 -8345.235209 -11599.464801
-14187.190494 -8347.055442 -11599.463140
-14188.019198 -8348.875674 -11599.461478
-14188.847902 -8350.695907 -11599.459817
-14189.676606 -8352.516140 -11599.458156
-14190.505310 -8354.336372 -11599.456495
-14191.334014 -8356.156605 -11599.454833
-14192.162718 -8357.976838 -11599.453172
-14192.991422 -8359.797071 -11599.451511
-14193.820126 -8361.617303 -11599.449850
-14194.648829 -8363.437536 -11599.448188
-14195.477533 -8365.257769 -11599.446527
-14196.306237 -8367.078001 -11599.444866
-14197.134941 -8368.898234 -11599.443205
-14197.963645 -8370.718467 -11599.441544
-14198.792349 -8372.538699 -11599.439882
-14199.621053 -8374.358932 -11599.438221
-14200.449757 -8376.179165 -11599.436560
-14201.278461 -8377.999397 -11599.434899
-14202.107165 -8379.819630 -11599.433237
-14202.935869 -8381.639863 -11599.431576
-14203.764573 -8383.460095 -11599.429915
-14204.593277 -8385.280328 -11599.428254
-14205.421981 -8387.100561 -11599.426592
-14206.250685 -8388.920793 -11599.424931
-14207.079389 -8390.741026 -11599.423270
-14207.908093 -8392.561259 -11599.421609
-14208.736797 -8394.381491 -11599.419947
-14209.565501 -8396.201724 -11599.418286
-14210.394205 -8398.021957 -11599.416625
-14211.222909 -8399.842189 -11599.414964
-14212.051612 -8401.662422 -11599.413302
-14212.880316 -8403.482655 -11599.411641
-14213.709020 -8405.302887 -11599.409980
-14214.537724 -8407.123120 -11599.408319
-14215.366428 -8408.943353 -11599.406657
-14216.195132 -8410.763585 -11599.404996
-14217.023836 -8412.583818 -11599.403335
-14217.852540 -8414.404051 -11599.401674
-14218.681244 -8416.224284 -11599.400012
-14219.509948 -8418.044516 -11599.398351
-14220.338652 -8419.864749 -11599.396690
-14221.167356 -8421.684982 -11599.395029
-14221.996060 -8423.505214 -11599.393367
-14222.824764 -8425.325447 -11599.391706
-14223.653468 -8427.145680 -11599.390045
-14224.482172 -8428.965912 -11599.388384
-14225.310876 -8430.786145 -11599.386722
-14226.139580 -8432.606378 -11599.385061
-14226.968284 -8434.426610 -11599.383400
-14227.796988 -8436.246843 -11599.381739
-14228.625692 -8438.067076 -11599.380077
-14229.454395 -8439.887308 -11599.378416
-14230.283099 -8441.707541 -11599.376755
-14231.111803 -8443.527774 -11599.375094
-14231.940507 -8445.348006 -11599.373432
-14232.769211 -8447.168239 -11599.371771
-14233.597915 -8448.988472 -11599.370110
-14234.426619 -8450.808704 -11599.368449
-14235.255323 -8452.628937 -11599.366787
-14236.084027 -8454.449170 -11599.365126
-14236.912731 -8456.269402 -11599.363465
-14237.741435 -8458.089635 -11599.361804
-14238.570139 -8459.909868 -11599.360142
-14239.398843 -8461.730100 -11599.358481
-14240.227547 -8463.550333 -11599.356820
-14241.056251 -8465.370566 -11599.355159
-14241.884955 -8467.190798 -11599.353498
-14242.713659 -8469.011031 -11599.351836
-14243.542363 -8470.831264 -11599.350175
-14244.371067 -8472.651497 -11599.348514
-14245.199771 -8474.471729 -11599.346853
-14246.028475 -8476.291962 -11599.345191
-14246.857178 -8478.112195 -11599.343530
-14247.685882 -8479.932427 -11599.341869
-14248.514586 -8481.752660 -11599.340208
-14249.343290 -8483.572893 -11599.338546
-14250.171994 -8485.393125 -11599.336885
-14251.000698 -8487.213358 -11599.335224
-14251.829402 -8489.033591 -11599.333563
-14252.658106 -8490.853823 -11599.331901
-14253.486810 -8492.674056 -11599.330240
-14254.315514 -8494.494289 -11599.328579
-14255.144218 -8496.314521 -11599.326918
-14255.972922 -8498.134754 -11599.325256
-14256.801626 -8499.954987 -11599.323595
-14257.630330 -8501.775219 -11599.321934
-14258.459034 -8503.595452 -11599.320273
-14259.287738 -8505.415685 -11599.318611
-14260.116442 -8507.235917 -11599.316950
-14260.945146 -8509.056150 -11599.315289
-14261.773850 -8510.876383 -11599.313628
-14262.602554 -8512.696615 -11599.311966
-14263.431258 -8514.516848 -11599.310305
-14264.259961 -8516.337081 -11599.308644
-14265.088665 -8518.157313 -11599.306983
-14265.917369 -8519.977546 -11599.305321
-14266.746073 -8521.797779 -11599.303660
-14267.574777 -8523.618011 -11599.301999
-14268.403481 -8525.438244 -11599.300338
-14269.232185 -8527.258477 -11599.298676
-14270.060889 -8529.078709 -11599.297015
-14270.889593 -8530.898942 -11599.295354
-14271.718297 -8532.719175 -11599.293693
-14272.547001 -8534.539408 -11599.292031
-14273.375705 -8536.359640 -11599.290370
-14274.204409 -8538.179873 -11599.288709
-14275.033113 -8540.000106 -11599.287048
-14275.861817 -8541.820338 -11599.285386
-14276.690521 -8543.640571 -11599.283725
-14277.519225 -8545.460804 -11599.282064
-14278.347929 -8547.281036 -11599.280403
-14279.176633 -8549.101269 -11599.278741
-14280.005337 -8550.921502 -11599.277080
-14280.834041 -8552.741734 -11599.275419
-14281.662744 -8554.561967 -11599.273758
-14282.491448 -8556.382200 -11599.272097
-14283.320152 -8558.202432 -11599.270435
-14284.148856 -8560.022665 -11599.268774
-14284.977560 -8561.842898 -11599.267113
-14285.806264 -8563.663130 -11599.265452
-14286.634968 -8565.483363 -11599.263790
-14287.463672 -8567.303596 -11599.262129
-14288.292376 -8569.123828 -11599.260468
-14289.121080 -8570.944061 -11599.258807
-14289.949784 -8572.764294 -11599.257145
-14290.778488 -8574.584526 -11599.255484
-14291.607192 -8576.404759 -11599.253823
-14292.435896 -8578.224992 -11599.252162
-14293.264600 -8580.045224 -11599.250500
-14294.093304 -8581.865457 -11599.248839
-14294.922008 -8583.685690 -11599.247178
-14295.750712 -8585.505922 -11599.245517
-14296.579416 -8587.326155 -11599.243855
-14297.408120 -8589.146388 -11599.242194
-14298.236824 -8590.966621 -11599.240533
-14299.065527 -8592.786853 -11599.238872
-14299.894231 -8594.607086 -11599.237210
-14300.722935 -8596.427319 -11599.235549
-14301.551639 -8598.247551 -11599.233888
-14302.380343 -8600.067784 -11599.232227
-14303.209047 -8601.888017 -11599.230565
-14304.037751 -8603.708249 -11599.228904
-14304.866455 -8605.528482 -11599.227243
-14305.695159 -8607.348715 -11599.225582
-14306.523863 -8609.168947 -11599.223920
-14307.352567 -8610.989180 -11599.222259
-14308.181271 -8612.809413 -11599.220598
-14309.009975 -8614.629645 -11599.218937
-14309.838679 -8616.449878 -11599.217275
-14310.667383 -8618.270111 -11599.215614
-14311.496087 -8620.090343 -11599.213953
-14312.324791 -8621.910576 -11599.212292
-14313.153495 -8623.730809 -11599.210630
-14313.982199 -8625.551041 -11599.208969
-14314.810903 -8627.371274 -11599.207308
-14315.639607 -8629.191507 -11599.205647
-14316.468310 -8631.011739 -11599.203985
-14317.297014 -8632.831972 -11599.202324
-14318.125718 -8634.652205 -11599.200663
-14318.954422 -8636.472437 -11599.199002
-14319.783126 -8638.292670 -11599.197340
-14320.611830 -8640.112903 -11599.195679
-14321.440534 -8641.933135 -11599.194018
-14322.269238 -8643.753368 -11599.192357
-14323.097942 -8645.573601 -11599.190695
-14323.926646 -8647.393834 -11599.189034
-14324.755350 -8649.214066 -11599.187373
-14325.584054 -8651.034299 -11599.185712
-14326.412758 -8652.854532 -11599.184051
-14327.241462 -8654.674764 -11599.182389
-14328.070166 -8656.494997 -11599.180728
-14328.898870 -8658.315230 -11599.179067
-14329.727574 -8660.135462 -11599.177406
-14330.556278 -8661.955695 -11599.175744
-14331.384982 -8663.775928 -11599.174083
-14332.213686 -8665.596160 -11599.172422
-14333.042390 -8667.416393 -11599.170761
-14333.871093 -8669.236626 -11599.169099
-14334.699797 -8671.056858 -11599.167438
-14335.528501 -8672.877091 -11599.165777
-14336.357205 -8674.697324 -11599.164116
-14337.185909 -8676.517556 -11599.162454
-14338.014613 -8678.337789 -11599.160793
-14338.843317 -8680.158022 -11599.159132
-14339.672021 -8681.978254 -11599.157471
-14340.500725 -8683.798487 -11599.155809
-14341.329429 -8685.618720 -11599.154148
-14342.158133 -8687.438952 -11599.152487
-14342.986837 -8689.259185 -11599.150826
-14343.815541 -8691.079418 -11599.149164
-14344.644245 -8692.899650 -11599.147503
-14345.472949 -8694.719883 -11599.145842
-14346.301653 -8696.540116 -11599.144181
-14347.130357 -8698.360348 -11599.142519
-14347.959061 -8700.180581 -11599.140858
-14348.787765 -8702.000814 -11599.139197
-14349.616469 -8703.821047 -11599.137536
-14350.445173 -8705.641279 -11599.135874
-14351.273876 -8707.461512 -11599.134213
-14352.102580 -8709.281745 -11599.132552
-14352.931284 -8711.101977 -11599.130891
-14353.759988 -8712.922210 -11599.129229
-14354.588692 -8714.742443 -11599.127568
-14355.417396 -8716.562675 -11599.125907
-14356.246100 -8718.382908 -11599.124246
-14357.074804 -8720.203141 -11599.122584
-14357.903508 -8722.023373 -11599.120923
-14358.732212 -8723.843606 -11599.119262
-14359.560916 -8725.663839 -11599.117601
-14360.389620 -8727.484071 -11599.115939
-14361.218324 -8729.304304 -11599.114278
-14362.047028 -8731.124537 -11599.112617
-14362.875732 -8732.944769 -11599.110956
-14363.704436 -8734.765002 -11599.109294
-14364.533140 -8736.585235 -11599.107633
-14365.361844 -8738.405467 -11599.105972
-14366.190548 -8740.225700 -11599.104311
-14367.019252 -8742.045933 -11599.102650
-14367.847956 -8743.866165 -11599.100988
-14368.676659 -8745.686398 -11599.099327
-14369.505363 -8747.506631 -11599.097666
-14370.334067 -8749.326863 -11599.096005
-14371.162771 -8751.147096 -11599.094343
-14371.991475 -8752.967329 -11599.092682
-14372.820179 -8754.787561 -11599.091021
-14373.648883 -8756.607794 -11599.089360
-14374.477587 -8758.428027 -11599.087698
-14375.306291 -8760.248260 -11599.086037
-14376.134995 -8762.068492 -11599.084376
-14376.963699 -8763.888725 -11599.082715
-14377.792403 -8765.708958 -11599.081053
-14378.621107 -8767.529190 -11599.079392
-14379.449811 -8769.349423 -11599.077731
-14380.278515 -8771.169656 -11599.076070
-14381.107219 -8772.989888 -11599.074408
-14381.935923 -8774.810121 -11599.072747
-14382.764627 -8776.630354 -11599.071086
-14383.593331 -8778.450586 -11599.069425
-14384.422035 -8780.270819 -11599.067763
-14385.250739 -8782.091052 -11599.066102
-14386.079442 -8783.911284 -11599.064441
-14386.908146 -8785.731517 -11599.062780
-14387.736850 -8787.551750 -11599.061118
-14388.565554 -8789.371982 -11599.059457
-14389.394258 -8791.192215 -11599.057796
-14390.222962 -8793.012448 -11599.056135
-14391.051666 -8794.832680 -11599.054473
-14391.880370 -8796.652913 -11599.052812
-14392.709074 -8798.473146 -11599.051151
-14393.537778 -8800.293378 -11599.049490
-14394.366482 -8802.113611 -11599.047828
-14395.195186 -8803.933844 -11599.046167
-14396.023890 -8805.754076 -11599.044506
-14396.852594 -8807.574309 -11599.042845
-14397.681298 -8809.394542 -11599.041183
-14398.510002 -8811.214774 -11599.039522
-14399.338706 -8813.035007 -11599.037861
-14400.167410 -8814.855240 -11599.036200
-14400.996114 -8816.675473 -11599.034538
-14401.824818 -8818.495705 -11599.032877
-14402.653522 -8820.315938 -11599.031216
-14403.482225 -8822.136171 -11599.029555
-14404.310929 -8823.956403 -11599.027893
-14405.139633 -8825.776636 -11599.026232
-14405.968337 -8827.596869 -11599.024571
-14406.797041 -8829.417101 -11599.022910
-14407.625745 -8831.237334 -11599.021249
-14408.454449 -8833.057567 -11599.019587
-14409.283153 -8834.877799 -11599.017926
-14410.111857 -8836.698032 -11599.016265
-14410.940561 -8838.518265 -11599.014604
-14411.769265 -8840.338497 -11599.012942
-14412.597969 -8842.158730 -11599.011281
-14413.426673 -8843.978963 -11599.009620
-14414.255377 -8845.799195 -11599.007959
-14415.084081 -8847.619428 -11599.006297
-14415.912785 -8849.439661 -11599.004636
-14416.741489 -8851.259893 -11599.002975
-14417.570193 -8853.080126 -11599.001314
-14418.398897 -8854.900359 -11598.999652
-14419.227601 -8856.720591 -11598.997991
-14420.056305 -8858.540824 -11598.996330
-14420.885008 -8860.361057 -11598.994669
-14421.713712 -8862.181289 -11598.993007
-14422.542416 -8864.001522 -11598.991346
-14423.371120 -8865.821755 -11598.989685
-14424.199824 -8867.641987 -11598.988024
-14425.028528 -8869.462220 -11598.986362
-14425.857232 -8871.282453 -11598.984701
-14426.685936 -8873.102686 -11598.983040
-14427.514640 -8874.922918 -11598.981379
-14428.343344 -8876.743151 -11598.979717
-14429.172048 -8878.563384 -11598.978056
-14430.000752 -8880.383616 -11598.976395
-14430.829456 -8882.203849 -11598.974734
-14431.658160 -8884.024082 -11598.973072
-14432.486864 -8885.844314 -11598.971411
-14433.315568 -8887.664547 -11598.969750
-14434.144272 -8889.484780 -11598.968089
-14434.972976 -8891.305012 -11598.966427
-14435.801680 -8893.125245 -11598.964766
-14436.630384 -8894.945478 -11598.963105
-14437.459088 -8896.765710 -11598.961444
-14438.287791 -8898.585943 -11598.959782
-14439.116495 -8900.406176 -11598.958121
-14439.945199 -8902.226408 -11598.956460
-14440.773903 -8904.046641 -11598.954799
-14441.602607 -8905.866874 -11598.953137
-14442.431311 -8907.687106 -11598.951476
-14443.260015 -8909.507339 -11598.949815
-14444.088719 -8911.327572 -11598.948154
-14444.917423 -8913.147804 -11598.946492
-14445.746127 -8914.968037 -11598.944831
-14446.574831 -8916.788270 -11598.943170
-14447.403535 -8918.608502 -11598.941509
-14448.232239 -8920.428735 -11598.939847
-14449.060943 -8922.248968 -11598.938186
-14449.889647 -8924.069200 -11598.936525
-14450.718351 -8925.889433 -11598.934864
-14451.547055 -8927.709666 -11598.933203
-14452.375759 -8929.529899 -11598.931541
-14453.204463 -8931.350131 -11598.929880
-14454.033167 -8933.170364 -11598.928219
-14454.861871 -8934.990597 -11598.926558
-14455.690574 -8936.810829 -11598.924896
-14456.519278 -8938.631062 -11598.923235
-14457.347982 -8940.451295 -11598.921574
-14458.176686 -8942.271527 -11598.919913
-14459.005390 -8944.091760 -11598.918251
-14459.834094 -8945.911993 -11598.916590
-14460.662798 -8947.732225 -11598.914929
-14461.491502 -8949.552458 -11598.913268
-14462.320206 -8951.372691 -11598.911606
-14463.148910 -8953.192923 -11598.909945
-14463.977614 -8955.013156 -11598.908284
-14464.806318 -8956.833389 -11598.906623
-14465.635022 -8958.653621 -11598.904961
-14466.463726 -8960.473854 -11598.903300
-14467.292430 -8962.294087 -11598.901639
-14468.121134 -8964.114319 -11598.899978
-14468.949838 -8965.934552 -11598.898316
-14469.778542 -8967.754785 -11598.896655
-14470.607246 -8969.575017 -11598.894994
-14471.435950 -8971.395250 -11598.893333
-14472.264654 -8973.215483 -11598.891671
-14473.093357 -8975.035715 -11598.890010
-14473.922061 -8976.855948 -11598.888349
-14474.750765 -8978.676181 -11598.886688
-14475.579469 -8980.496413 -11598.885026
-14476.408173 -8982.316646 -11598.883365
-14477.236877 -8984.136879 -11598.881704
-14478.065581 -8985.957112 -11598.880043
-14478.894285 -8987.777344 -11598.878381
-14479.722989 -8989.597577 -11598.876720
-14480.551693 -8991.417810 -11598.875059
-14481.380397 -8993.238042 -11598.873398
-14482.209101 -8995.058275 -11598.871736
-14483.037805 -8996.878508 -11598.870075
-14483.866509 -8998.698740 -11598.868414
-14484.695213 -9000.518973 -11598.866753
-14485.523917 -9002.339206 -11598.865091
-14486.352621 -9004.159438 -11598.863430
-14487.181325 -9005.979671 -11598.861769
-14488.010029 -9007.799904 -11598.860108
-14488.838733 -9009.620136 -11598.858446
-14489.667437 -9011.440369 -11598.856785
-14490.496140 -9013.260602 -11598.855124
-14491.324844 -9015.080834 -11598.853463
-14492.153548 -9016.901067 -11598.851802
-14492.982252 -9018.721300 -11598.850140
-14493.810956 -9020.541532 -11598.848479
-14494.639660 -9022.361765 -11598.846818
-14495.468364 -9024.181998 -11598.845157
-14496.297068 -9026.002230 -11598.843495
-14497.125772 -9027.822463 -11598.841834
-14497.954476 -9029.642696 -11598.840173
-14498.783180 -9031.462928 -11598.838512
-14499.611884 -9033.283161 -11598.836850
-14500.440588 -9035.103394 -11598.835189
-14501.269292 -9036.923626 -11598.833528
-14502.097996 -9038.743859 -11598.831867
-14502.926700 -9040.564092 -11598.830205
-14503.755404 -9042.384325 -11598.828544
-14504.584108 -9044.204557 -11598.826883
-14505.412812 -9046.024790 -11598.825222
-14506.241516 -9047.845023 -11598.823560
-14507.070220 -9049.665255 -11598.821899
-14507.898923 -9051.485488 -11598.820238
-14508.727627 -9053.305721 -11598.818577
-14509.556331 -9055.125953 -11598.816915
-14510.385035 -9056.946186 -11598.815254
-14511.213739 -9058.766419 -11598.813593
-14512.042443 -9060.586651 -11598.811932
-14512.871147 -9062.406884 -11598.810270
-14513.699851 -9064.227117 -11598.808609
-14514.528555 -9066.047349 -11598.806948
-14515.357259 -9067.867582 -11598.805287
-14516.185963 -9069.687815 -11598.803625
-14517.014667 -9071.508047 -11598.801964
-14517.843371 -9073.328280 -11598.800303
-14518.672075 -9075.148513 -11598.798642
-14519.500779 -9076.968745 -11598.796980
-14520.329483 -9078.788978 -11598.795319
-14521.158187 -9080.609211 -11598.793658
-14521.986891 -9082.429443 -11598.791997
-14522.815595 -9084.249676 -11598.790335
-14523.644299 -9086.069909 -11598.788674
-14524.473003 -9087.890141 -11598.787013
-14525.301706 -9089.710374 -11598.785352
-14526.130410 -9091.530607 -11598.783690
-14526.959114 -9093.350839 -11598.782029
-14527.787818 -9095.171072 -11598.780368
-14528.616522 -9096.991305 -11598.778707
-14529.445226 -9098.811537 -11598.777045
-14530.273930 -9100.631770 -11598.775384
-14531.102634 -9102.452003 -11598.773723
-14531.931338 -9104.272236 -11598.772062
-14532.760042 -9106.092468 -11598.770400
-14533.588746 -9107.912701 -11598.768739
-14534.417450 -9109.732934 -11598.767078
-14535.246154 -9111.553166 -11598.765417
-14536.074858 -9113.373399 -11598.763756
-14536.903562 -9115.193632 -11598.762094
-14537.732266 -9117.013864 -11598.760433
-14538.560970 -9118.834097 -11598.758772
-14539.389674 -9120.654330 -11598.757111
-14540.218378 -9122.474562 -11598.755449
-14541.047082 -9124.294795 -11598.753788
-14541.875786 -9126.115028 -11598.752127
-14542.704489 -9127.935260 -11598.750466
-14543.533193 -9129.755493 -11598.748804
-14544.361897 -9131.575726 -11598.747143
-14545.190601 -9133.395958 -11598.745482
-14546.019305 -9135.216191 -11598.743821
-14546.848009 -9137.036424 -11598.742159
-14547.676713 -9138.856656 -11598.740498
-14548.505417 -9140.676889 -11598.738837
-14549.334121 -9142.497122 -11598.737176
-14550.162825 -9144.317354 -11598.735514
-14550.991529 -9146.137587 -11598.733853
-14551.820233 -9147.957820 -11598.732192
-14552.648937 -9149.778052 -11598.730531
-14553.477641 -9151.598285 -11598.728869
-14554.306345 -9153.418518 -11598.727208
-14555.135049 -9155.238750 -11598.725547
-14555.963753 -9157.058983 -11598.723886
-14556.792457 -9158.879216 -11598.722224
-14557.621161 -9160.699449 -11598.720563
-14558.449865 -9162.519681 -11598.718902
-14559.278569 -9164.339914 -11598.717241
-14560.107272 -9166.160147 -11598.715579
-14560.935976 -9167.980379 -11598.713918
-14561.764680 -9169.800612 -11598.712257
-14562.593384 -9171.620845 -11598.710596
-14563.422088 -9173.441077 -11598.708934
-14564.250792 -9175.261310 -11598.707273
-14565.079496 -9177.081543 -11598.705612
-14565.908200 -9178.901775 -11598.703951
-14566.736904 -9180.722008 -11598.702289
-14567.565608 -9182.542241 -11598.700628
-14568.394312 -9184.362473 -11598.698967
-14569.223016 -9186.182706 -11598.697306
-14570.051720 -9188.002939 -11598.695644
-14570.880424 -9189.823171 -11598.693983
-14571.709128 -9191.643404 -11598.692322
-14572.537832 -9193.463637 -11598.690661
-14573.366536 -9195.283869 -11598.688999
-14574.195240 -9197.104102 -11598.687338
-14575.023944 -9198.924335 -11598.685677
-14575.852648 -9200.744567 -11598.684016
-14576.681352 -9202.564800 -11598.682355
-14577.510055 -9204.385033 -11598.680693
-14578.338759 -9206.205265 -11598.679032
-14579.167463 -9208.025498 -11598.677371
-14579.996167 -9209.845731 -11598.675710
-14580.824871 -9211.665963 -11598.674048
-14581.653575 -9213.486196 -11598.672387
-14582.482279 -9215.306429 -11598.670726
-14583.310983 -9217.126662 -11598.669065
-14584.139687 -9218.946894 -11598.667403
-14584.968391 -9220.767127 -11598.665742
-14585.797095 -9222.587360 -11598.664081
-14586.625799 -9224.407592 -11598.662420
-14587.454503 -9226.227825 -11598.660758
-14588.283207 -9228.048058 -11598.659097
-14589.111911 -9229.868290 -11598.657436
-14589.940615 -9231.688523 -11598.655775
-14590.769319 -9233.508756 -11598.654113
-14591.598023 -9235.328988 -11598.652452
-14592.426727 -9237.149221 -11598.650791
-14593.255431 -9238.969454 -11598.649130
-14594.084135 -9240.789686 -11598.647468
-14594.912838 -9242.609919 -11598.645807
-14595.741542 -9244.430152 -11598.644146
-14596.570246 -9246.250384 -11598.642485
-14597.398950 -9248.070617 -11598.640823
-14598.227654 -9249.890850 -11598.639162
-14599.056358 -9251.711082 -11598.637501
-14599.885062 -9253.531315 -11598.635840
-14600.713766 -9255.351548 -11598.634178
-14601.542470 -9257.171780 -11598.632517
-14602.371174 -9258.992013 -11598.630856
-14603.199878 -9260.812246 -11598.629195
-14604.028582 -9262.632478 -11598.627533
-14604.857286 -9264.452711 -11598.625872
-14605.685990 -9266.272944 -11598.624211
-14606.514694 -9268.093176 -11598.622550
-14607.343398 -9269.913409 -11598.620888
-14608.172102 -9271.733642 -11598.619227
-14609.000806 -9273.553875 -11598.617566
-14609.829510 -9275.374107 -11598.615905
-14610.658214 -9277.194340 -11598.614243
-14611.486918 -9279.014573 -11598.612582
-14612.315621 -9280.834805 -11598.610921
-14613.144325 -9282.655038 -11598.609260
-14613.973029 -9284.475271 -11598.607598
-14614.801733 -9286.295503 -11598.605937
-14615.630437 -9288.115736 -11598.604276
-14616.459141 -9289.935969 -11598.602615
-14617.287845 -9291.756201 -11598.600953
-14618.116549 -9293.576434 -11598.599292
-14618.945253 -9295.396667 -11598.597631
-14619.773957 -9297.216899 -11598.595970
-14620.602661 -9299.037132 -11598.594309
-14621.431365 -9300.857365 -11598.592647
-14622.260069 -9302.677597 -11598.590986
-14623.088773 -9304.497830 -11598.589325
-14623.917477 -9306.318063 -11598.587664
-14624.746181 -9308.138295 -11598.586002
-14625.574885 -9309.958528 -11598.584341
-14626.403589 -9311.778761 -11598.582680
-14627.232293 -9313.598993 -11598.581019
-14628.060997 -9315.419226 -11598.579357
-14628.889701 -9317.239459 -11598.577696
-14629.718404 -9319.059691 -11598.576035
-14630.547108 -9320.879924 -11598.574374
-14631.375812 -9322.700157 -11598.572712
-14632.204516 -9324.520389 -11598.571051
-14633.033220 -9326.340622 -11598.569390
-14633.861924 -9328.160855 -11598.567729
-14634.690628 -9329.981088 -11598.566067
-14635.519332 -9331.801320 -11598.564406
-14636.348036 -9333.621553 -11598.562745
-14637.176740 -9335.441786 -11598.561084
-14638.005444 -9337.262018 -11598.559422
-14638.834148 -9339.082251 -11598.557761
-14639.662852 -9340.902484 -11598.556100
-14640.491556 -9342.722716 -11598.554439
-14641.320260 -9344.542949 -11598.552777
-14642.148964 -9346.363182 -11598.551116
-14642.977668 -9348.183414 -11598.549455
-14643.806372 -9350.003647 -11598.547794
-14644.635076 -9351.823880 -11598.546132
-14645.463780 -9353.644112 -11598.544471
-14646.292484 -9355.464345 -11598.542810
-14647.121187 -9357.284578 -11598.541149
-14647.949891 -9359.104810 -11598.539487
-14648.778595 -9360.925043 -11598.537826
-14649.607299 -9362.745276 -11598.536165
-14650.436003 -9364.565508 -11598.534504
-14651.264707 -9366.385741 -11598.532842
-14652.093411 -9368.205974 -11598.531181
-14652.922115 -9370.026206 -11598.529520
-14653.750819 -9371.846439 -11598.527859
-14654.579523 -9373.666672 -11598.526197
-14655.408227 -9375.486904 -11598.524536
-14656.236931 -9377.307137 -11598.522875
-14657.065635 -9379.127370 -11598.521214
-14657.894339 -9380.947602 -11598.519552
-14658.723043 -9382.767835 -11598.517891
-14659.551747 -9384.588068 -11598.516230
-14660.380451 -9386.408301 -11598.514569
-14661.209155 -9388.228533 -11598.512908
-14662.037859 -9390.048766 -11598.511246
-14662.866563 -9391.868999 -11598.509585
-14663.695267 -9393.689231 -11598.507924
-14664.523970 -9395.509464 -11598.506263
-14665.352674 -9397.329697 -11598.504601
-14666.181378 -9399.149929 -11598.502940
-14667.010082 -9400.970162 -11598.501279
-14667.838786 -9402.790395 -11598.499618
-14668.667490 -9404.610627 -11598.497956
-14669.496194 -9406.430860 -11598.496295
-14670.324898 -9408.251093 -11598.494634
-14671.153602 -9410.071325 -11598.492973
-14671.982306 -9411.891558 -11598.491311
-14672.811010 -9413.711791 -11598.489650
-14673.639714 -9415.532023 -11598.487989
-14674.468418 -9417.352256 -11598.486328
-14675.297122 -9419.172489 -11598.484666
-14676.125826 -9420.992721 -11598.483005
-14676.954530 -9422.812954 -11598.481344
-14677.783234 -9424.633187 -11598.479683
-14678.611938 -9426.453419 -11598.478021
-14679.440642 -9428.273652 -11598.476360
-14680.269346 -9430.093885 -11598.474699
-14681.098050 -9431.914117 -11598.473038
-14681.926753 -9433.734350 -11598.471376
-14682.755457 -9435.554583 -11598.469715
-14683.584161 -9437.374815 -11598.468054
-14684.412865 -9439.195048 -11598.466393
-14685.241569 -9441.015281 -11598.464731
-14686.070273 -9442.835514 -11598.463070
-14686.898977 -9444.655746 -11598.461409
-14687.727681 -9446.475979 -11598.459748
-14688.556385 -9448.296212 -11598.458086
-14689.385089 -9450.116444 -11598.456425
-14690.213793 -9451.936677 -11598.454764
-14691.042497 -9453.756910 -11598.453103
-14691.871201 -9455.577142 -11598.451441
-14692.699905 -9457.397375 -11598.449780
-14693.528609 -9459.217608 -11598.448119
-14694.357313 -9461.037840 -11598.446458
-14695.186017 -9462.858073 -11598.444796
-14696.014721 -9464.678306 -11598.443135
-14696.843425 -9466.498538 -11598.441474
-14697.672129 -9468.318771 -11598.439813
-14698.500833 -9470.139004 -11598.438151
-14699.329536 -9471.959236 -11598.436490
-14700.158240 -9473.779469 -11598.434829
-14700.986944 -9475.599702 -11598.433168
-14701.815648 -9477.419934 -11598.431506
-14702.644352 -9479.240167 -11598.429845
-14703.473056 -9481.060400 -11598.428184
-14704.301760 -9482.880632 -11598.426523
-14705.130464 -9484.700865 -11598.424862
-14705.959168 -9486.521098 -11598.423200
-14706.787872 -9488.341330 -11598.421539
-14707.616576 -9490.161563 -11598.419878
-14708.445280 -9491.981796 -11598.418217
-14709.273984 -9493.802028 -11598.416555
-14710.102688 -9495.622261 -11598.414894
-14710.931392 -9497.442494 -11598.413233
-14711.760096 -9499.262727 -11598.411572
-14712.588800 -9501.082959 -11598.409910
-14713.417504 -9502.903192 -11598.408249
-14714.246208 -9504.723425 -11598.406588
-14715.074912 -9506.543657 -11598.404927
-14715.903616 -9508.363890 -11598.403265
-14716.732319 -9510.184123 -11598.401604
-14717.561023 -9512.004355 -11598.399943
-14718.389727 -9513.824588 -11598.398282
-14719.218431 -9515.644821 -11598.396620
-14720.047135 -9517.465053 -11598.394959
-14720.875839 -9519.285286 -11598.393298
-14721.704543 -9521.105519 -11598.391637
-14722.533247 -9522.925751 -11598.389975
-14723.361951 -9524.745984 -11598.388314
-14724.190655 -9526.566217 -11598.386653
-14725.019359 -9528.386449 -11598.384992
-14725.848063 -9530.206682 -11598.383330
-14726.676767 -9532.026915 -11598.381669
-14727.505471 -9533.847147 -11598.380008
-14728.334175 -9535.667380 -11598.378347
-14729.162879 -9537.487613 -11598.376685
-14729.991583 -9539.307845 -11598.375024
-14730.820287 -9541.128078 -11598.373363
-14731.648991 -9542.948311 -11598.371702
-14732.477695 -9544.768543 -11598.370040
-14733.306399 -9546.588776 -11598.368379
-14734.135102 -9548.409009 -11598.366718
-14734.963806 -9550.229241 -11598.365057
-14735.792510 -9552.049474 -11598.363395
-14736.621214 -9553.869707 -11598.361734
-14737.449918 -9555.689940 -11598.360073
-14738.278622 -9557.510172 -11598.358412
-14739.107326 -9559.330405 -11598.356750
-14739.936030 -9561.150638 -11598.355089
-14740.764734 -9562.970870 -11598.353428
-14741.593438 -9564.791103 -11598.351767
-14742.422142 -9566.611336 -11598.350105
-14743.250846 -9568.431568 -11598.348444
-14744.079550 -9570.251801 -11598.346783
-14744.908254 -9572.072034 -11598.345122
-14745.736958 -9573.892266 -11598.343461
-14746.565662 -9575.712499 -11598.341799
-14747.394366 -9577.532732 -11598.340138
-14748.223070 -9579.352964 -11598.338477
-14749.051774 -9581.173197 -11598.336816
-14749.880478 -9582.993430 -11598.335154
-14750.709182 -9584.813662 -11598.333493
-14751.537885 -9586.633895 -11598.331832
-14752.366589 -9588.454128 -11598.330171
-14753.195293 -9590.274360 -11598.328509
-14754.023997 -9592.094593 -11598.326848
-14754.852701 -9593.914826 -11598.325187
-14755.681405 -9595.735058 -11598.323526
-14756.510109 -9597.555291 -11598.321864
-14757.338813 -9599.375524 -11598.320203
-14758.167517 -9601.195756 -11598.318542
-14758.996221 -9603.015989 -11598.316881
-14759.824925 -9604.836222 -11598.315219
-14760.653629 -9606.656454 -11598.313558
-14761.482333 -9608.476687 -11598.311897
-14762.311037 -9610.296920 -11598.310236
-14763.139741 -9612.117153 -11598.308574
-14763.968445 -9613.937385 -11598.306913
-14764.797149 -9615.757618 -11598.305252
-14765.625853 -9617.577851 -11598.303591
-14766.454557 -9619.398083 -11598.301929
-14767.283261 -9621.218316 -11598.300268
-14768.111965 -9623.038549 -11598.298607
-14768.940668 -9624.858781 -11598.296946
-14769.769372 -9626.679014 -11598.295284
-14770.598076 -9628.499247 -11598.293623
-14771.426780 -9630.319479 -11598.291962
-14772.255484 -9632.139712 -11598.290301
-14773.084188 -9633.959945 -11598.288639
-14773.912892 -9635.780177 -11598.286978
-14774.741596 -9637.600410 -11598.285317
-14775.570300 -9639.420643 -11598.283656
-14776.399004 -9641.240875 -11598.281994
-14777.227708 -9643.061108 -11598.280333
-14778.056412 -9644.881341 -11598.278672
-14778.885116 -9646.701573 -11598.277011
-14779.713820 -9648.521806 -11598.275349
-14780.542524 -9650.342039 -11598.273688
-14781.371228 -9652.162271 -11598.272027
-14782.199932 -9653.982504 -11598.270366
-14783.028636 -9655.802737 -11598.268704
-14783.857340 -9657.622969 -11598.267043
-14784.686044 -9659.443202 -11598.265382
-14785.514748 -9661.263435 -11598.263721
-14786.343451 -9663.083667 -11598.262060
-14787.172155 -9664.903900 -11598.260398
-14788.000859 -9666.724133 -11598.258737
-14788.829563 -9668.544366 -11598.257076
-14789.658267 -9670.364598 -11598.255415
-14790.486971 -9672.184831 -11598.253753
-14791.315675 -9674.005064 -11598.252092
-14792.144379 -9675.825296 -11598.250431
-14792.973083 -9677.645529 -11598.248770
-14793.801787 -9679.465762 -11598.247108
-14794.630491 -9681.285994 -11598.245447
-14795.459195 -9683.106227 -11598.243786
-14796.287899 -9684.926460 -11598.242125
-14797.116603 -9686.746692 -11598.240463
-14797.945307 -9688.566925 -11598.238802
-14798.774011 -9690.387158 -11598.237141
-14799.602715 -9692.207390 -11598.235480
-14800.431419 -9694.027623 -11598.233818
-14801.260123 -9695.847856 -11598.232157
-14802.088827 -9697.668088 -11598.230496
-14802.917531 -9699.488321 -11598.228835
-14803.746234 -9701.308554 -11598.227173
-14804.574938 -9703.128786 -11598.225512
-14805.403642 -9704.949019 -11598.223851
-14806.232346 -9706.769252 -11598.222190
-14807.061050 -9708.589484 -11598.220528
-14807.889754 -9710.409717 -11598.218867
-14808.718458 -9712.229950 -11598.217206
-14809.547162 -9714.050182 -11598.215545
-14810.375866 -9715.870415 -11598.213883
-14811.204570 -9717.690648 -11598.212222
-14812.033274 -9719.510880 -11598.210561
-14812.861978 -9721.331113 -11598.208900
-14813.690682 -9723.151346 -11598.207238
-14814.519386 -9724.971578 -11598.205577
-14815.348090 -9726.791811 -11598.203916
-14816.176794 -9728.612044 -11598.202255
-14817.005498 -9730.432277 -11598.200593
-14817.834202 -9732.252509 -11598.198932
-14818.662906 -9734.072742 -11598.197271
-14819.491610 -9735.892975 -11598.195610
-14820.320314 -9737.713207 -11598.193948
-14821.149017 -9739.533440 -11598.192287
-14821.977721 -9741.353673 -11598.190626
-14822.806425 -9743.173905 -11598.188965
-14823.635129 -9744.994138 -11598.187303
-14824.463833 -9746.814371 -11598.185642
-14825.292537 -9748.634603 -11598.183981
-14826.121241 -9750.454836 -11598.182320
-14826.949945 -9752.275069 -11598.180658
-14827.778649 -9754.095301 -11598.178997
-14828.607353 -9755.915534 -11598.177336
-14829.436057 -9757.735767 -11598.175675
-14830.264761 -9759.555999 -11598.174014
-14831.093465 -9761.376232 -11598.172352
-14831.922169 -9763.196465 -11598.170691
-14832.750873 -9765.016697 -11598.169030
-14833.579577 -9766.836930 -11598.167369
-14834.408281 -9768.657163 -11598.165707
-14835.236985 -9770.477395 -11598.164046
-14836.065689 -9772.297628 -11598.162385
-14836.894393 -9774.117861 -11598.160724
-14837.723097 -9775.938093 -11598.159062
-14838.551800 -9777.758326 -11598.157401
-14839.380504 -9779.578559 -11598.155740
-14840.209208 -9781.398791 -11598.154079
-14841.037912 -9783.219024 -11598.152417
-14841.866616 -9785.039257 -11598.150756
-14842.695320 -9786.859490 -11598.149095
-14843.524024 -9788.679722 -11598.147434
-14844.352728 -9790.499955 -11598.145772
-14845.181432 -9792.320188 -11598.144111
-14846.010136 -9794.140420 -11598.142450
-14846.838840 -9795.960653 -11598.140789
-14847.667544 -9797.780886 -11598.139127
-14848.496248 -9799.601118 -11598.137466
-14849.324952 -9801.421351 -11598.135805
-14850.153656 -9803.241584 -11598.134144
-14850.982360 -9805.061816 -11598.132482
-14851.811064 -9806.882049 -11598.130821
-14852.639768 -9808.702282 -11598.129160
-14853.468472 -9810.522514 -11598.127499
-14854.297176 -9812.342747 -11598.125837
-14855.125880 -9814.162980 -11598.124176
-14855.954583 -9815.983212 -11598.122515
-14856.783287 -9817.803445 -11598.120854
-14857.611991 -9819.623678 -11598.119192
-14858.440695 -9821.443910 -11598.117531
-14859.269399 -9823.264143 -11598.115870
-14860.098103 -9825.084376 -11598.114209
-14860.926807 -9826.904608 -11598.112547
-14861.755511 -9828.724841 -11598.110886
-14862.584215 -9830.545074 -11598.109225
-14863.412919 -9832.365306 -11598.107564
-14864.241623 -9834.185539 -11598.105902
-14865.070327 -9836.005772 -11598.104241
-14865.899031 -9837.826004 -11598.102580
-14866.727735 -9839.646237 -11598.100919
-14867.556439 -9841.466470 -11598.099257
-14868.385143 -9843.286703 -11598.097596
-14869.213847 -9845.106935 -11598.095935
-14870.042551 -9846.927168 -11598.094274
-14870.871255 -9848.747401 -11598.092613
-14871.699959 -9850.567633 -11598.090951
-14872.528663 -9852.387866 -11598.089290
-14873.357366 -9854.208099 -11598.087629
-14874.186070 -9856.028331 -11598.085968
-14875.014774 -9857.848564 -11598.084306
-14875.843478 -9859.668797 -11598.082645
-14876.672182 -9861.489029 -11598.080984
-14877.500886 -9863.309262 -11598.079323
-14878.329590 -9865.129495 -11598.077661
-14879.158294 -9866.949727 -11598.076000
-14879.986998 -9868.769960 -11598.074339
-14880.815702 -9870.590193 -11598.072678
-14881.644406 -9872.410425 -11598.071016
-14882.473110 -9874.230658 -11598.069355
-14883.301814 -9876.050891 -11598.067694
-14884.130518 -9877.871123 -11598.066033
-14884.959222 -9879.691356 -11598.064371
-14885.787926 -9881.511589 -11598.062710
-14886.616630 -9883.331821 -11598.061049
-14887.445334 -9885.152054 -11598.059388
-14888.274038 -9886.972287 -11598.057726
-14889.102742 -9888.792519 -11598.056065
-14889.931446 -9890.612752 -11598.054404
-14890.760149 -9892.432985 -11598.052743
-14891.588853 -9894.253217 -11598.051081
-14892.417557 -9896.073450 -11598.049420
-14893.246261 -9897.893683 -11598.047759
-14894.074965 -9899.713916 -11598.046098
-14894.903669 -9901.534148 -11598.044436
-14895.732373 -9903.354381 -11598.042775
-14896.561077 -9905.174614 -11598.041114
-14897.389781 -9906.994846 -11598.039453
-14898.218485 -9908.815079 -11598.037791
-14899.047189 -9910.635312 -11598.036130
-14899.875893 -9912.455544 -11598.034469
-14900.704597 -9914.275777 -11598.032808
-14901.533301 -9916.096010 -11598.031146
-14902.362005 -9917.916242 -11598.029485
-14903.190709 -9919.736475 -11598.027824
-14904.019413 -9921.556708 -11598.026163
-14904.848117 -9923.376940 -11598.024501
-14905.676821 -9925.197173 -11598.022840
-14906.505525 -9927.017406 -11598.021179
-14907.334229 -9928.837638 -11598.019518
-14908.162932 -9930.657871 -11598.017856
-14908.991636 -9932.478104 -11598.016195
-14909.820340 -9934.298336 -11598.014534
-14910.649044 -9936.118569 -11598.012873
-14911.477748 -9937.938802 -11598.011211
-14912.306452 -9939.759034 -11598.009550
-14913.135156 -9941.579267 -11598.007889
-14913.963860 -9943.399500 -11598.006228
-14914.792564 -9945.219732 -11598.004567
-14915.621268 -9947.039965 -11598.002905
-14916.449972 -9948.860198 -11598.001244
-14917.278676 -9950.680430 -11597.999583
-14918.107380 -9952.500663 -11597.997922
-14918.936084 -9954.320896 -11597.996260
-14919.764788 -9956.141129 -11597.994599
-14920.593492 -9957.961361 -11597.992938
-14921.422196 -9959.781594 -11597.991277
-14922.250900 -9961.601827 -11597.989615
-14923.079604 -9963.422059 -11597.987954
-14923.908308 -9965.242292 -11597.986293
-14924.737012 -9967.062525 -11597.984632
-14925.565715 -9968.882757 -11597.982970
-14926.394419 -9970.702990 -11597.981309
-14927.223123 -9972.523223 -11597.979648
-14928.051827 -9974.343455 -11597.977987
-14928.880531 -9976.163688 -11597.976325
-14929.709235 -9977.983921 -11597.974664
-14930.537939 -9979.804153 -11597.973003
-14931.366643 -9981.624386 -11597.971342
-14932.195347 -9983.444619 -11597.969680
-14933.024051 -9985.264851 -11597.968019
-14933.852755 -9987.085084 -11597.966358
-14934.681459 -9988.905317 -11597.964697
-14935.510163 -9990.725549 -11597.963035
-14936.338867 -9992.545782 -11597.961374
-14937.167571 -9994.366015 -11597.959713
-14937.996275 -9996.186247 -11597.958052
-14938.824979 -9998.006480 -11597.956390
-14939.653683 -9999.826713 -11597.954729
-14940.482387 -10001.646945 -11597.953068
-14941.311091 -10003.467178 -11597.951407
-14942.139795 -10005.287411 -11597.949745
-14942.968498 -10007.107643 -11597.948084
-14943.797202 -10008.927876 -11597.946423
-14944.625906 -10010.748109 -11597.944762
-14945.454610 -10012.568342 -11597.943100
-14946.283314 -10014.388574 -11597.941439
-14947.112018 -10016.208807 -11597.939778
-14947.940722 -10018.029040 -11597.938117
-14948.769426 -10019.849272 -11597.936455
-14949.598130 -10021.669505 -11597.934794
-14950.426834 -10023.489738 -11597.933133
-14951.255538 -10025.309970 -11597.931472
-14952.084242 -10027.130203 -11597.929810
-14952.912946 -10028.950436 -11597.928149
-14953.741650 -10030.770668 -11597.926488
-14954.570354 -10032.590901 -11597.924827
-14955.399058 -10034.411134 -11597.923166
-14956.227762 -10036.231366 -11597.921504
-14957.056466 -10038.051599 -11597.919843
-14957.885170 -10039.871832 -11597.918182
-14958.713874 -10041.692064 -11597.916521
-14959.542578 -10043.512297 -11597.914859
-14960.371281 -10045.332530 -11597.913198
-14961.199985 -10047.152762 -11597.911537
-14962.028689 -10048.972995 -11597.909876
-14962.857393 -10050.793228 -11597.908214
-14963.686097 -10052.613460 -11597.906553
-14964.514801 -10054.433693 -11597.904892
-14965.343505 -10056.253926 -11597.903231
-14966.172209 -10058.074158 -11597.901569
-14967.000913 -10059.894391 -11597.899908
-14967.829617 -10061.714624 -11597.898247
-14968.658321 -10063.534856 -11597.896586
-14969.487025 -10065.355089 -11597.894924
-14970.315729 -10067.175322 -11597.893263
-14971.144433 -10068.995555 -11597.891602
-14971.973137 -10070.815787 -11597.889941
-14972.801841 -10072.636020 -11597.888279
-14973.630545 -10074.456253 -11597.886618
-14974.459249 -10076.276485 -11597.884957
-14975.287953 -10078.096718 -11597.883296
-14976.116657 -10079.916951 -11597.881634
-14976.945361 -10081.737183 -11597.879973
-14977.774064 -10083.557416 -11597.878312
-14978.602768 -10085.377649 -11597.876651
-14979.431472 -10087.197881 -11597.874989
-14980.260176 -10089.018114 -11597.873328
-14981.088880 -10090.838347 -11597.871667
-14981.917584 -10092.658579 -11597.870006
-14982.746288 -10094.478812 -11597.868344
-14983.574992 -10096.299045 -11597.866683
-14984.403696 -10098.119277 -11597.865022
-14985.232400 -10099.939510 -11597.863361
-14986.061104 -10101.759743 -11597.861699
-14986.889808 -10103.579975 -11597.860038
-14987.718512 -10105.400208 -11597.858377
-14988.547216 -10107.220441 -11597.856716
-14989.375920 -10109.040673 -11597.855054
-14990.204624 -10110.860906 -11597.853393
-14991.033328 -10112.681139 -11597.851732
-14991.862032 -10114.501371 -11597.850071
-14992.690736 -10116.321604 -11597.848409
-14993.519440 -10118.141837 -11597.846748
-14994.348144 -10119.962069 -11597.845087
-14995.176847 -10121.782302 -11597.843426
-14996.005551 -10123.602535 -11597.841764
-14996.834255 -10125.422768 -11597.840103
-14997.662959 -10127.243000 -11597.838442
-14998.491663 -10129.063233 -11597.836781
-14999.320367 -10130.883466 -11597.835120
-15000.149071 -10132.703698 -11597.833458
-15000.977775 -10134.523931 -11597.831797
-15001.806479 -10136.344164 -11597.830136
-15002.635183 -10138.164396 -11597.828475
-15003.463887 -10139.984629 -11597.826813
-15004.292591 -10141.804862 -11597.825152
-15005.121295 -10143.625094 -11597.823491
-15005.949999 -10145.445327 -11597.821830
-15006.778703 -10147.265560 -11597.820168
-15007.607407 -10149.085792 -11597.818507
-15008.436111 -10150.906025 -11597.816846
-15009.264815 -10152.726258 -11597.815185
-15010.093519 -10154.546490 -11597.813523
-15010.922223 -10156.366723 -11597.811862
-15011.750927 -10158.186956 -11597.810201
-15012.579630 -10160.007188 -11597.808540
-15013.408334 -10161.827421 -11597.806878
-15014.237038 -10163.647654 -11597.805217
-15015.065742 -10165.467886 -11597.803556
-15015.894446 -10167.288119 -11597.801895
-15016.723150 -10169.108352 -11597.800233
-15017.551854 -10170.928584 -11597.798572
-15018.380558 -10172.748817 -11597.796911
-15019.209262 -10174.569050 -11597.795250
-15020.037966 -10176.389282 -11597.793588
-15020.866670 -10178.209515 -11597.791927
-15021.695374 -10180.029748 -11597.790266
-15022.524078 -10181.849981 -11597.788605
-15023.352782 -10183.670213 -11597.786943
-15024.181486 -10185.490446 -11597.785282
-15025.010190 -10187.310679 -11597.783621
-15025.838894 -10189.130911 -11597.781960
-15026.667598 -10190.951144 -11597.780298
-15027.496302 -10192.771377 -11597.778637
-15028.325006 -10194.591609 -11597.776976
-15029.153710 -10196.411842 -11597.775315
-15029.982413 -10198.232075 -11597.773653
-15030.811117 -10200.052307 -11597.771992
-15031.639821 -10201.872540 -11597.770331
-15032.468525 -10203.692773 -11597.768670
-15033.297229 -10205.513005 -11597.767008
-15034.125933 -10207.333238 -11597.765347
-15034.954637 -10209.153471 -11597.763686
-15035.783341 -10210.973703 -11597.762025
-15036.612045 -10212.793936 -11597.760363
-15037.440749 -10214.614169 -11597.758702
-15038.269453 -10216.434401 -11597.757041
-15039.098157 -10218.254634 -11597.755380
-15039.926861 -10220.074867 -11597.753719
-15040.755565 -10221.895099 -11597.752057
-15041.584269 -10223.715332 -11597.750396
-15042.412973 -10225.535565 -11597.748735
-15043.241677 -10227.355797 -11597.747074
-15044.070381 -10229.176030 -11597.745412
-15044.899085 -10230.996263 -11597.743751
-15045.727789 -10232.816495 -11597.742090
-15046.556493 -10234.636728 -11597.740429
-15047.385196 -10236.456961 -11597.738767
-15048.213900 -10238.277194 -11597.737106
-15049.042604 -10240.097426 -11597.735445
-15049.871308 -10241.917659 -11597.733784
-15050.700012 -10243.737892 -11597.732122
-15051.528716 -10245.558124 -11597.730461
-15052.357420 -10247.378357 -11597.728800
-15053.186124 -10249.198590 -11597.727139
-15054.014828 -10251.018822 -11597.725477
-15054.843532 -10252.839055 -11597.723816
-15055.672236 -10254.659288 -11597.722155
-15056.500940 -10256.479520 -11597.720494
-15057.329644 -10258.299753 -11597.718832
-15058.158348 -10260.119986 -11597.717171
-15058.987052 -10261.940218 -11597.715510
-15059.815756 -10263.760451 -11597.713849
-15060.644460 -10265.580684 -11597.712187
-15061.473164 -10267.400916 -11597.710526
-15062.301868 -10269.221149 -11597.708865
-15063.130572 -10271.041382 -11597.707204
-15063.959276 -10272.861614 -11597.705542
-15064.787979 -10274.681847 -11597.703881
-15065.616683 -10276.502080 -11597.702220
-15066.445387 -10278.322312 -11597.700559
-15067.274091 -10280.142545 -11597.698897
-15068.102795 -10281.962778 -11597.697236
-15068.931499 -10283.783010 -11597.695575
-15069.760203 -10285.603243 -11597.693914
-15070.588907 -10287.423476 -11597.692252
-15071.417611 -10289.243708 -11597.690591
-15072.246315 -10291.063941 -11597.688930
-15073.075019 -10292.884174 -11597.687269
-15073.903723 -10294.704407 -11597.685607
-15074.732427 -10296.524639 -11597.683946
-15075.561131 -10298.344872 -11597.682285
-15076.389835 -10300.165105 -11597.680624
-15077.218539 -10301.985337 -11597.678962
-15078.047243 -10303.805570 -11597.677301
-15078.875947 -10305.625803 -11597.675640
-15079.704651 -10307.446035 -11597.673979
-15080.533355 -10309.266268 -11597.672317
-15081.362059 -10311.086501 -11597.670656
-15082.190762 -10312.906733 -11597.668995
-15083.019466 -10314.726966 -11597.667334
-15083.848170 -10316.547199 -11597.665673
-15084.676874 -10318.367431 -11597.664011
-15085.505578 -10320.187664 -11597.662350
-15086.334282 -10322.007897 -11597.660689
-15087.162986 -10323.828129 -11597.659028
-15087.991690 -10325.648362 -11597.657366
-15088.820394 -10327.468595 -11597.655705
-15089.649098 -10329.288827 -11597.654044
-15090.477802 -10331.109060 -11597.652383
-15091.306506 -10332.929293 -11597.650721
-15092.135210 -10334.749525 -11597.649060
-15092.963914 -10336.569758 -11597.647399
-15093.792618 -10338.389991 -11597.645738
-15094.621322 -10340.210223 -11597.644076
-15095.450026 -10342.030456 -11597.642415
-15096.278730 -10343.850689 -11597.640754
-15097.107434 -10345.670921 -11597.639093
-15097.936138 -10347.491154 -11597.637431
-15098.764842 -10349.311387 -11597.635770
-15099.593545 -10351.131619 -11597.634109
-15100.422249 -10352.951852 -11597.632448
-15101.250953 -10354.772085 -11597.630786
-15102.079657 -10356.592318 -11597.629125
-15102.908361 -10358.412550 -11597.627464
-15103.737065 -10360.232783 -11597.625803
-15104.565769 -10362.053016 -11597.624141
-15105.394473 -10363.873248 -11597.622480
-15106.223177 -10365.693481 -11597.620819
-15107.051881 -10367.513714 -11597.619158
-15107.880585 -10369.333946 -11597.617496
-15108.709289 -10371.154179 -11597.615835
-15109.537993 -10372.974412 -11597.614174
-15110.366697 -10374.794644 -11597.612513
-15111.195401 -10376.614877 -11597.610851
-15112.024105 -10378.435110 -11597.609190
-15112.852809 -10380.255342 -11597.607529
-15113.681513 -10382.075575 -11597.605868
-15114.510217 -10383.895808 -11597.604206
-15115.338921 -10385.716040 -11597.602545
-15116.167625 -10387.536273 -11597.600884
-15116.996328 -10389.356506 -11597.599223
-15117.825032 -10391.176738 -11597.597561
-15118.653736 -10392.996971 -11597.595900
-15119.482440 -10394.817204 -11597.594239
-15120.311144 -10396.637436 -11597.592578
-15121.139848 -10398.457669 -11597.590916
-15121.968552 -10400.277902 -11597.589255
-15122.797256 -10402.098134 -11597.587594
-15123.625960 -10403.918367 -11597.585933
-15124.454664 -10405.738600 -11597.584272
-15125.283368 -10407.558832 -11597.582610
-15126.112072 -10409.379065 -11597.580949
-15126.940776 -10411.199298 -11597.579288
-15127.769480 -10413.019531 -11597.577627
-15128.598184 -10414.839763 -11597.575965
-15129.426888 -10416.659996 -11597.574304
-15130.255592 -10418.480229 -11597.572643
-15131.084296 -10420.300461 -11597.570982
-15131.913000 -10422.120694 -11597.569320
-15132.741704 -10423.940927 -11597.567659
-15133.570408 -10425.761159 -11597.565998
-15134.399111 -10427.581392 -11597.564337
-15135.227815 -10429.401625 -11597.562675
-15136.056519 -10431.221857 -11597.561014
-15136.885223 -10433.042090 -11597.559353
-15137.713927 -10434.862323 -11597.557692
-15138.542631 -10436.682555 -11597.556030
-15139.371335 -10438.502788 -11597.554369
-15140.200039 -10440.323021 -11597.552708
-15141.028743 -10442.143253 -11597.551047
-15141.857447 -10443.963486 -11597.549385
-15142.686151 -10445.783719 -11597.547724
-15143.514855 -10447.603951 -11597.546063
-15144.343559 -10449.424184 -11597.544402
-15145.172263 -10451.244417 -11597.542740
-15146.000967 -10453.064649 -11597.541079
-15146.829671 -10454.884882 -11597.539418
-15147.658375 -10456.705115 -11597.537757
-15148.487079 -10458.525347 -11597.536095
-15149.315783 -10460.345580 -11597.534434
-15150.144487 -10462.165813 -11597.532773
-15150.973191 -10463.986045 -11597.531112
-15151.801894 -10465.806278 -11597.529450
-15152.630598 -10467.626511 -11597.527789
-15153.459302 -10469.446744 -11597.526128
-15154.288006 -10471.266976 -11597.524467
-15155.116710 -10473.087209 -11597.522805
-15155.945414 -10474.907442 -11597.521144
-15156.774118 -10476.727674 -11597.519483
-15157.602822 -10478.547907 -11597.517822
-15158.431526 -10480.368140 -11597.516160
-15159.260230 -10482.188372 -11597.514499
-15160.088934 -10484.008605 -11597.512838
-15160.917638 -10485.828838 -11597.511177
-15161.746342 -10487.649070 -11597.509515
-15162.575046 -10489.469303 -11597.507854
-15163.403750 -10491.289536 -11597.506193
-15164.232454 -10493.109768 -11597.504532
-15165.061158 -10494.930001 -11597.502870
-15165.889862 -10496.750234 -11597.501209
-15166.718566 -10498.570466 -11597.499548
-15167.547270 -10500.390699 -11597.497887
-15168.375974 -10502.210932 -11597.496226
-15169.204677 -10504.031164 -11597.494564
-15170.033381 -10505.851397 -11597.492903
-15170.862085 -10507.671630 -11597.491242
-15171.690789 -10509.491862 -11597.489581
-15172.519493 -10511.312095 -11597.487919
-15173.348197 -10513.132328 -11597.486258
-15174.176901 -10514.952560 -11597.484597
-15175.005605 -10516.772793 -11597.482936
-15175.834309 -10518.593026 -11597.481274
-15176.663013 -10520.413258 -11597.479613
-15177.491717 -10522.233491 -11597.477952
-15178.320421 -10524.053724 -11597.476291
-15179.149125 -10525.873957 -11597.474629
-15179.977829 -10527.694189 -11597.472968
-15180.806533 -10529.514422 -11597.471307
-15181.635237 -10531.334655 -11597.469646
-15182.463941 -10533.154887 -11597.467984
-15183.292645 -10534.975120 -11597.466323
-15184.121349 -10536.795353 -11597.464662
-15184.950053 -10538.615585 -11597.463001
-15185.778757 -10540.435818 -11597.461339
-15186.607460 -10542.256051 -11597.459678
-15187.436164 -10544.076283 -11597.458017
-15188.264868 -10545.896516 -11597.456356
-15189.093572 -10547.716749 -11597.454694
-15189.922276 -10549.536981 -11597.453033
-15190.750980 -10551.357214 -11597.451372
-15191.579684 -10553.177447 -11597.449711
-15192.408388 -10554.997679 -11597.448049
-15193.237092 -10556.817912 -11597.446388
-15194.065796 -10558.638145 -11597.444727
-15194.894500 -10560.458377 -11597.443066
-15195.723204 -10562.278610 -11597.441404
-15196.551908 -10564.098843 -11597.439743
-15197.380612 -10565.919075 -11597.438082
-15198.209316 -10567.739308 -11597.436421
-15199.038020 -10569.559541 -11597.434759
-15199.866724 -10571.379773 -11597.433098
-15200.695428 -10573.200006 -11597.431437
-15201.524132 -10575.020239 -11597.429776
-15202.352836 -10576.840471 -11597.428114
-15203.181540 -10578.660704 -11597.426453
-15204.010243 -10580.480937 -11597.424792
-15204.838947 -10582.301170 -11597.423131
-15205.667651 -10584.121402 -11597.421469
-15206.496355 -10585.941635 -11597.419808
-15207.325059 -10587.761868 -11597.418147
-15208.153763 -10589.582100 -11597.416486
-15208.982467 -10591.402333 -11597.414825
-15209.811171 -10593.222566 -11597.413163
-15210.639875 -10595.042798 -11597.411502
-15211.468579 -10596.863031 -11597.409841
-15212.297283 -10598.683264 -11597.408180
-15213.125987 -10600.503496 -11597.406518
-15213.954691 -10602.323729 -11597.404857
-15214.783395 -10604.143962 -11597.403196
-15215.612099 -10605.964194 -11597.401535
-15216.440803 -10607.784427 -11597.399873
-15217.269507 -10609.604660 -11597.398212
-15218.098211 -10611.424892 -11597.396551
-15218.926915 -10613.245125 -11597.394890
-15219.755619 -10615.065358 -11597.393228
-15220.584323 -10616.885590 -11597.391567
-15221.413026 -10618.705823 -11597.389906
-15222.241730 -10620.526056 -11597.388245
-15223.070434 -10622.346288 -11597.386583
-15223.899138 -10624.166521 -11597.384922
-15224.727842 -10625.986754 -11597.383261
-15225.556546 -10627.806986 -11597.381600
-15226.385250 -10629.627219 -11597.379938
-15227.213954 -10631.447452 -11597.378277
-15228.042658 -10633.267684 -11597.376616
-15228.871362 -10635.087917 -11597.374955
-15229.700066 -10636.908150 -11597.373293
-15230.528770 -10638.728383 -11597.371632
-15231.357474 -10640.548615 -11597.369971
-15232.186178 -10642.368848 -11597.368310
-15233.014882 -10644.189081 -11597.366648
-15233.843586 -10646.009313 -11597.364987
-15234.672290 -10647.829546 -11597.363326
-15235.500994 -10649.649779 -11597.361665
-15236.329698 -10651.470011 -11597.360003
-15237.158402 -10653.290244 -11597.358342
-15237.987106 -10655.110477 -11597.356681
-15238.815809 -10656.930709 -11597.355020
-15239.644513 -10658.750942 -11597.353358
-15240.473217 -10660.571175 -11597.351697
-15241.301921 -10662.391407 -11597.350036
-15242.130625 -10664.211640 -11597.348375
-15242.959329 -10666.031873 -11597.346713
-15243.788033 -10667.852105 -11597.345052
-15244.616737 -10669.672338 -11597.343391
-15245.445441 -10671.492571 -11597.341730
-15246.274145 -10673.312803 -11597.340068
-15247.102849 -10675.133036 -11597.338407
-15247.931553 -10676.953269 -11597.336746
-15248.760257 -10678.773501 -11597.335085
-15249.588961 -10680.593734 -11597.333424
-15250.417665 -10682.413967 -11597.331762
-15251.246369 -10684.234199 -11597.330101
-15252.075073 -10686.054432 -11597.328440
-15252.903777 -10687.874665 -11597.326779
-15253.732481 -10689.694897 -11597.325117
-15254.561185 -10691.515130 -11597.323456
-15255.389889 -10693.335363 -11597.321795
-15256.218592 -10695.155596 -11597.320134
-15257.047296 -10696.975828 -11597.318472
-15257.876000 -10698.796061 -11597.316811
-15258.704704 -10700.616294 -11597.315150
-15259.533408 -10702.436526 -11597.313489
-15260.362112 -10704.256759 -11597.311827
-15261.190816 -10706.076992 -11597.310166
-15262.019520 -10707.897224 -11597.308505
-15262.848224 -10709.717457 -11597.306844
-15263.676928 -10711.537690 -11597.305182
-15264.505632 -10713.357922 -11597.303521
-15265.334336 -10715.178155 -11597.301860
-15266.163040 -10716.998388 -11597.300199
-15266.991744 -10718.818620 -11597.298537
-15267.820448 -10720.638853 -11597.296876
-15268.649152 -10722.459086 -11597.295215
-15269.477856 -10724.279318 -11597.293554
-15270.306560 -10726.099551 -11597.291892
-15271.135264 -10727.919784 -11597.290231
-15271.963968 -10729.740016 -11597.288570
-15272.792672 -10731.560249 -11597.286909
-15273.621375 -10733.380482 -11597.285247
-15274.450079 -10735.200714 -11597.283586
-15275.278783 -10737.020947 -11597.281925
-15276.107487 -10738.841180 -11597.280264
-15276.936191 -10740.661412 -11597.278602
-15277.764895 -10742.481645 -11597.276941
-15278.593599 -10744.301878 -11597.275280
-15279.422303 -10746.122110 -11597.273619
-15280.251007 -10747.942343 -11597.271957
-15281.079711 -10749.762576 -11597.270296
-15281.908415 -10751.582809 -11597.268635
-15282.737119 -10753.403041 -11597.266974
-15283.565823 -10755.223274 -11597.265312
-15284.394527 -10757.043507 -11597.263651
-15285.223231 -10758.863739 -11597.261990
-15286.051935 -10760.683972 -11597.260329
-15286.880639 -10762.504205 -11597.258667
-15287.709343 -10764.324437 -11597.257006
-15288.538047 -10766.144670 -11597.255345
-15289.366751 -10767.964903 -11597.253684
-15290.195455 -10769.785135 -11597.252022
-15291.024158 -10771.605368 -11597.250361
-15291.852862 -10773.425601 -11597.248700
-15292.681566 -10775.245833 -11597.247039
-15293.510270 -10777.066066 -11597.245378
-15294.338974 -10778.886299 -11597.243716
-15295.167678 -10780.706531 -11597.242055
-15295.996382 -10782.526764 -11597.240394
-15296.825086 -10784.346997 -11597.238733
-15297.653790 -10786.167229 -11597.237071
-15298.482494 -10787.987462 -11597.235410
-15299.311198 -10789.807695 -11597.233749
-15300.139902 -10791.627927 -11597.232088
-15300.968606 -10793.448160 -11597.230426
-15301.797310 -10795.268393 -11597.228765
-15302.626014 -10797.088625 -11597.227104
-15303.454718 -10798.908858 -11597.225443
-15304.283422 -10800.729091 -11597.223781
-15305.112126 -10802.549323 -11597.222120
-15305.940830 -10804.369556 -11597.220459
-15306.769534 -10806.189789 -11597.218798
-15307.598238 -10808.010022 -11597.217136
-15308.426941 -10809.830254 -11597.215475
-15309.255645 -10811.650487 -11597.213814
-15310.084349 -10813.470720 -11597.212153
-15310.913053 -10815.290952 -11597.210491
-15311.741757 -10817.111185 -11597.208830
-15312.570461 -10818.931418 -11597.207169
-15313.399165 -10820.751650 -11597.205508
-15314.227869 -10822.571883 -11597.203846
-15315.056573 -10824.392116 -11597.202185
-15315.885277 -10826.212348 -11597.200524
-15316.713981 -10828.032581 -11597.198863
-15317.542685 -10829.852814 -11597.197201
-15318.371389 -10831.673046 -11597.195540
-15319.200093 -10833.493279 -11597.193879
-15320.028797 -10835.313512 -11597.192218
-15320.857501 -10837.133744 -11597.190556
-15321.686205 -10838.953977 -11597.188895
-15322.514909 -10840.774210 -11597.187234
-15323.343613 -10842.594442 -11597.185573
-15324.172317 -10844.414675 -11597.183911
-15325.001021 -10846.234908 -11597.182250
-15325.829724 -10848.055140 -11597.180589
-15326.658428 -10849.875373 -11597.178928
-15327.487132 -10851.695606 -11597.177266
-15328.315836 -10853.515838 -11597.175605
-15329.144540 -10855.336071 -11597.173944
-15329.973244 -10857.156304 -11597.172283
-15330.801948 -10858.976536 -11597.170621
-15331.630652 -10860.796769 -11597.168960
-15332.459356 -10862.617002 -11597.167299
-15333.288060 -10864.437235 -11597.165638
-15334.116764 -10866.257467 -11597.163977
-15334.945468 -10868.077700 -11597.162315
-15335.774172 -10869.897933 -11597.160654
-15336.602876 -10871.718165 -11597.158993
-15337.431580 -10873.538398 -11597.157332
-15338.260284 -10875.358631 -11597.155670
-15339.088988 -10877.178863 -11597.154009
-15339.917692 -10878.999096 -11597.152348
-15340.746396 -10880.819329 -11597.150687
-15341.575100 -10882.639561 -11597.149025
-15342.403804 -10884.459794 -11597.147364
-15343.232507 -10886.280027 -11597.145703
-15344.061211 -10888.100259 -11597.144042
-15344.889915 -10889.920492 -11597.142380
-15345.718619 -10891.740725 -11597.140719
-15346.547323 -10893.560957 -11597.139058
-15347.376027 -10895.381190 -11597.137397
-15348.204731 -10897.201423 -11597.135735
-15349.033435 -10899.021655 -11597.134074
-15349.862139 -10900.841888 -11597.132413
-15350.690843 -10902.662121 -11597.130752
-15351.519547 -10904.482353 -11597.129090
-15352.348251 -10906.302586 -11597.127429
-15353.176955 -10908.122819 -11597.125768
-15354.005659 -10909.943051 -11597.124107
-15354.834363 -10911.763284 -11597.122445
-15355.663067 -10913.583517 -11597.120784
-15356.491771 -10915.403749 -11597.119123
-15357.320475 -10917.223982 -11597.117462
-15358.149179 -10919.044215 -11597.115800
-15358.977883 -10920.864447 -11597.114139
-15359.806587 -10922.684680 -11597.112478
-15360.635290 -10924.504913 -11597.110817
-15361.463994 -10926.325146 -11597.109155
-15362.292698 -10928.145378 -11597.107494
-15363.121402 -10929.965611 -11597.105833
-15363.950106 -10931.785844 -11597.104172
-15364.778810 -10933.606076 -11597.102510
-15365.607514 -10935.426309 -11597.100849
-15366.436218 -10937.246542 -11597.099188
-15367.264922 -10939.066774 -11597.097527
-15368.093626 -10940.887007 -11597.095865
-15368.922330 -10942.707240 -11597.094204
-15369.751034 -10944.527472 -11597.092543
-15370.579738 -10946.347705 -11597.090882
-15371.408442 -10948.167938 -11597.089220
-15372.237146 -10949.988170 -11597.087559
-15373.065850 -10951.808403 -11597.085898
-15373.894554 -10953.628636 -11597.084237
-15374.723258 -10955.448868 -11597.082575
-15375.551962 -10957.269101 -11597.080914
-15376.380666 -10959.089334 -11597.079253
-15377.209370 -10960.909566 -11597.077592
-15378.038073 -10962.729799 -11597.075931
-15378.866777 -10964.550032 -11597.074269
-15379.695481 -10966.370264 -11597.072608
-15380.524185 -10968.190497 -11597.070947
-15381.352889 -10970.010730 -11597.069286
-15382.181593 -10971.830962 -11597.067624
-15383.010297 -10973.651195 -11597.065963
-15383.839001 -10975.471428 -11597.064302
-15384.667705 -10977.291660 -11597.062641
-15385.496409 -10979.111893 -11597.060979
-15386.325113 -10980.932126 -11597.059318
-15387.153817 -10982.752359 -11597.057657
-15387.982521 -10984.572591 -11597.055996
-15388.811225 -10986.392824 -11597.054334
-15389.639929 -10988.213057 -11597.052673
-15390.468633 -10990.033289 -11597.051012
-15391.297337 -10991.853522 -11597.049351
-15392.126041 -10993.673755 -11597.047689
-15392.954745 -10995.493987 -11597.046028
-15393.783449 -10997.314220 -11597.044367
-15394.612153 -10999.134453 -11597.042706
-15395.440856 -11000.954685 -11597.041044
-15396.269560 -11002.774918 -11597.039383
-15397.098264 -11004.595151 -11597.037722
-15397.926968 -11006.415383 -11597.036061
-15398.755672 -11008.235616 -11597.034399
-15399.584376 -11010.055849 -11597.032738
-15400.413080 -11011.876081 -11597.031077
-15401.241784 -11013.696314 -11597.029416
-15402.070488 -11015.516547 -11597.027754
-15402.899192 -11017.336779 -11597.026093
-15403.727896 -11019.157012 -11597.024432
-15404.556600 -11020.977245 -11597.022771
-15405.385304 -11022.797477 -11597.021109
-15406.214008 -11024.617710 -11597.019448
-15407.042712 -11026.437943 -11597.017787
-15407.871416 -11028.258175 -11597.016126
-15408.700120 -11030.078408 -11597.014464
-15409.528824 -11031.898641 -11597.012803
-15410.357528 -11033.718873 -11597.011142
-15411.186232 -11035.539106 -11597.009481
-15412.014936 -11037.359339 -11597.007819
-15412.843639 -11039.179572 -11597.006158
-15413.672343 -11040.999804 -11597.004497
-15414.501047 -11042.820037 -11597.002836
-15415.329751 -11044.640270 -11597.001174
-15416.158455 -11046.460502 -11596.999513
-15416.987159 -11048.280735 -11596.997852
-15417.815863 -11050.100968 -11596.996191
-15418.644567 -11051.921200 -11596.994530
-15419.473271 -11053.741433 -11596.992868
-15420.301975 -11055.561666 -11596.991207
-15421.130679 -11057.381898 -11596.989546
-15421.959383 -11059.202131 -11596.987885
-15422.788087 -11061.022364 -11596.986223
-15423.616791 -11062.842596 -11596.984562
-15424.445495 -11064.662829 -11596.982901
-15425.274199 -11066.483062 -11596.981240
-15426.102903 -11068.303294 -11596.979578
-15426.931607 -11070.123527 -11596.977917
-15427.760311 -11071.943760 -11596.976256
-15428.589015 -11073.763992 -11596.974595
-15429.417719 -11075.584225 -11596.972933
-15430.246422 -11077.404458 -11596.971272
-15431.075126 -11079.224690 -11596.969611
-15431.903830 -11081.044923 -11596.967950
-15432.732534 -11082.865156 -11596.966288
-15433.561238 -11084.685388 -11596.964627
-15434.389942 -11086.505621 -11596.962966
-15435.218646 -11088.325854 -11596.961305
-15436.047350 -11090.146086 -11596.959643
-15436.876054 -11091.966319 -11596.957982
-15437.704758 -11093.786552 -11596.956321
-15438.533462 -11095.606785 -11596.954660
-15439.362166 -11097.427017 -11596.952998
-15440.190870 -11099.247250 -11596.951337
-15441.019574 -11101.067483 -11596.949676
-15441.848278 -11102.887715 -11596.948015
-15442.676982 -11104.707948 -11596.946353
-15443.505686 -11106.528181 -11596.944692
-15444.334390 -11108.348413 -11596.943031
-15445.163094 -11110.168646 -11596.941370
-15445.991798 -11111.988879 -11596.939708
-15446.820502 -11113.809111 -11596.938047
-15447.649205 -11115.629344 -11596.936386
-15448.477909 -11117.449577 -11596.934725
-15449.306613 -11119.269809 -11596.933063
-15450.135317 -11121.090042 -11596.931402
-15450.964021 -11122.910275 -11596.929741
-15451.792725 -11124.730507 -11596.928080
-15452.621429 -11126.550740 -11596.926418
-15453.450133 -11128.370973 -11596.924757
-15454.278837 -11130.191205 -11596.923096
-15455.107541 -11132.011438 -11596.921435
-15455.936245 -11133.831671 -11596.919773
-15456.764949 -11135.651903 -11596.918112
-15457.593653 -11137.472136 -11596.916451
-15458.422357 -11139.292369 -11596.914790
-15459.251061 -11141.112601 -11596.913128
-15460.079765 -11142.932834 -11596.911467
-15460.908469 -11144.753067 -11596.909806
-15461.737173 -11146.573299 -11596.908145
-15462.565877 -11148.393532 -11596.906484
-15463.394581 -11150.213765 -11596.904822
-15464.223285 -11152.033998 -11596.903161
-15465.051988 -11153.854230 -11596.901500
-15465.880692 -11155.674463 -11596.899839
-15466.709396 -11157.494696 -11596.898177
-15467.538100 -11159.314928 -11596.896516
-15468.366804 -11161.135161 -11596.894855
-15469.195508 -11162.955394 -11596.893194
-15470.024212 -11164.775626 -11596.891532
-15470.852916 -11166.595859 -11596.889871
-15471.681620 -11168.416092 -11596.888210
-15472.510324 -11170.236324 -11596.886549
-15473.339028 -11172.056557 -11596.884887
-15474.167732 -11173.876790 -11596.883226
-15474.996436 -11175.697022 -11596.881565
-15475.825140 -11177.517255 -11596.879904
-15476.653844 -11179.337488 -11596.878242
-15477.482548 -11181.157720 -11596.876581
-15478.311252 -11182.977953 -11596.874920
-15479.139956 -11184.798186 -11596.873259
-15479.968660 -11186.618418 -11596.871597
-15480.797364 -11188.438651 -11596.869936
-15481.626068 -11190.258884 -11596.868275
-15482.454771 -11192.079116 -11596.866614
-15483.283475 -11193.899349 -11596.864952
-15484.112179 -11195.719582 -11596.863291
-15484.940883 -11197.539814 -11596.861630
-15485.769587 -11199.360047 -11596.859969
-15486.598291 -11201.180280 -11596.858307
-15487.426995 -11203.000512 -11596.856646
-15488.255699 -11204.820745 -11596.854985
-15489.084403 -11206.640978 -11596.853324
-15489.913107 -11208.461211 -11596.851662
-15490.741811 -11210.281443 -11596.850001
-15491.570515 -11212.101676 -11596.848340
-15492.399219 -11213.921909 -11596.846679
-15493.227923 -11215.742141 -11596.845017
-15494.056627 -11217.562374 -11596.843356
-15494.885331 -11219.382607 -11596.841695
-15495.714035 -11221.202839 -11596.840034
-15496.542739 -11223.023072 -11596.838372
-15497.371443 -11224.843305 -11596.836711
-15498.200147 -11226.663537 -11596.835050
-15499.028851 -11228.483770 -11596.833389
-15499.857554 -11230.304003 -11596.831727
-15500.686258 -11232.124235 -11596.830066
-15501.514962 -11233.944468 -11596.828405
-15502.343666 -11235.764701 -11596.826744
-15503.172370 -11237.584933 -11596.825083
-15504.001074 -11239.405166 -11596.823421
-15504.829778 -11241.225399 -11596.821760
-15505.658482 -11243.045631 -11596.820099
-15506.487186 -11244.865864 -11596.818438
-15507.315890 -11246.686097 -11596.816776
-15508.144594 -11248.506329 -11596.815115
-15508.973298 -11250.326562 -11596.813454
-15509.802002 -11252.146795 -11596.811793
-15510.630706 -11253.967027 -11596.810131
-15511.459410 -11255.787260 -11596.808470
-15512.288114 -11257.607493 -11596.806809
-15513.116818 -11259.427725 -11596.805148
-15513.945522 -11261.247958 -11596.803486
-15514.774226 -11263.068191 -11596.801825
-15515.602930 -11264.888424 -11596.800164
-15516.431634 -11266.708656 -11596.798503
-15517.260337 -11268.528889 -11596.796841
-15518.089041 -11270.349122 -11596.795180
-15518.917745 -11272.169354 -11596.793519
-15519.746449 -11273.989587 -11596.791858
-15520.575153 -11275.809820 -11596.790196
-15521.403857 -11277.630052 -11596.788535
-15522.232561 -11279.450285 -11596.786874
-15523.061265 -11281.270518 -11596.785213
-15523.889969 -11283.090750 -11596.783551
-15524.718673 -11284.910983 -11596.781890
-15525.547377 -11286.731216 -11596.780229
-15526.376081 -11288.551448 -11596.778568
-15527.204785 -11290.371681 -11596.776906
-15528.033489 -11292.191914 -11596.775245
-15528.862193 -11294.012146 -11596.773584
-15529.690897 -11295.832379 -11596.771923
-15530.519601 -11297.652612 -11596.770261
-15531.348305 -11299.472844 -11596.768600
-15532.177009 -11301.293077 -11596.766939
-15533.005713 -11303.113310 -11596.765278
-15533.834417 -11304.933542 -11596.763616
-15534.663120 -11306.753775 -11596.761955
-15535.491824 -11308.574008 -11596.760294
-15536.320528 -11310.394240 -11596.758633
-15537.149232 -11312.214473 -11596.756971
-15537.977936 -11314.034706 -11596.755310
-15538.806640 -11315.854938 -11596.753649
-15539.635344 -11317.675171 -11596.751988
-15540.464048 -11319.495404 -11596.750326
-15541.292752 -11321.315637 -11596.748665
-15542.121456 -11323.135869 -11596.747004
-15542.950160 -11324.956102 -11596.745343
-15543.778864 -11326.776335 -11596.743681
-15544.607568 -11328.596567 -11596.742020
-15545.436272 -11330.416800 -11596.740359
-15546.264976 -11332.237033 -11596.738698
-15547.093680 -11334.057265 -11596.737037
-15547.922384 -11335.877498 -11596.735375
-15548.751088 -11337.697731 -11596.733714
-15549.579792 -11339.517963 -11596.732053
-15550.408496 -11341.338196 -11596.730392
-15551.237200 -11343.158429 -11596.728730
-15552.065903 -11344.978661 -11596.727069
-15552.894607 -11346.798894 -11596.725408
-15553.723311 -11348.619127 -11596.723747
-15554.552015 -11350.439359 -11596.722085
-15555.380719 -11352.259592 -11596.720424
-15556.209423 -11354.079825 -11596.718763
-15557.038127 -11355.900057 -11596.717102
-15557.866831 -11357.720290 -11596.715440
-15558.695535 -11359.540523 -11596.713779
-15559.524239 -11361.360755 -11596.712118
-15560.352943 -11363.180988 -11596.710457
-15561.181647 -11365.001221 -11596.708795
-15562.010351 -11366.821453 -11596.707134
-15562.839055 -11368.641686 -11596.705473
-15563.667759 -11370.461919 -11596.703812
-15564.496463 -11372.282151 -11596.702150
-15565.325167 -11374.102384 -11596.700489
-15566.153871 -11375.922617 -11596.698828
-15566.982575 -11377.742850 -11596.697167
-15567.811279 -11379.563082 -11596.695505
-15568.639983 -11381.383315 -11596.693844
-15569.468686 -11383.203548 -11596.692183
-15570.297390 -11385.023780 -11596.690522
-15571.126094 -11386.844013 -11596.688860
-15571.954798 -11388.664246 -11596.687199
-15572.783502 -11390.484478 -11596.685538
-15573.612206 -11392.304711 -11596.683877
-15574.440910 -11394.124944 -11596.682215
-15575.269614 -11395.945176 -11596.680554
-15576.098318 -11397.765409 -11596.678893
-15576.927022 -11399.585642 -11596.677232
-15577.755726 -11401.405874 -11596.675570
-15578.584430 -11403.226107 -11596.673909
-15579.413134 -11405.046340 -11596.672248
-15580.241838 -11406.866572 -11596.670587
-15581.070542 -11408.686805 -11596.668925
-15581.899246 -11410.507038 -11596.667264
-15582.727950 -11412.327270 -11596.665603
-15583.556654 -11414.147503 -11596.663942
-15584.385358 -11415.967736 -11596.662280
-15585.214062 -11417.787968 -11596.660619
-15586.042766 -11419.608201 -11596.658958
-15586.871469 -11421.428434 -11596.657297
-15587.700173 -11423.248666 -11596.655636
-15588.528877 -11425.068899 -11596.653974
-15589.357581 -11426.889132 -11596.652313
-15590.186285 -11428.709364 -11596.650652
-15591.014989 -11430.529597 -11596.648991
-15591.843693 -11432.349830 -11596.647329
-15592.672397 -11434.170063 -11596.645668
-15593.501101 -11435.990295 -11596.644007
-15594.329805 -11437.810528 -11596.642346
-15595.158509 -11439.630761 -11596.640684
-15595.987213 -11441.450993 -11596.639023
-15596.815917 -11443.271226 -11596.637362
-15597.644621 -11445.091459 -11596.635701
-15598.473325 -11446.911691 -11596.634039
-15599.302029 -11448.731924 -11596.632378
-15600.130733 -11450.552157 -11596.630717
-15600.959437 -11452.372389 -11596.629056
-15601.788141 -11454.192622 -11596.627394
-15602.616845 -11456.012855 -11596.625733
-15603.445549 -11457.833087 -11596.624072
-15604.274252 -11459.653320 -11596.622411
-15605.102956 -11461.473553 -11596.620749
-15605.931660 -11463.293785 -11596.619088
-15606.760364 -11465.114018 -11596.617427
-15607.589068 -11466.934251 -11596.615766
-15608.417772 -11468.754483 -11596.614104
-15609.246476 -11470.574716 -11596.612443
-15610.075180 -11472.394949 -11596.610782
-15610.903884 -11474.215181 -11596.609121
-15611.732588 -11476.035414 -11596.607459
-15612.561292 -11477.855647 -11596.605798
-15613.389996 -11479.675879 -11596.604137
-15614.218700 -11481.496112 -11596.602476
-15615.047404 -11483.316345 -11596.600814
-15615.876108 -11485.136577 -11596.599153
-15616.704812 -11486.956810 -11596.597492
-15617.533516 -11488.777043 -11596.595831
-15618.362220 -11490.597276 -11596.594169
-15619.190924 -11492.417508 -11596.592508
-15620.019628 -11494.237741 -11596.590847
-15620.848332 -11496.057974 -11596.589186
-15621.677035 -11497.878206 -11596.587524
-15622.505739 -11499.698439 -11596.585863
-15623.334443 -11501.518672 -11596.584202
-15624.163147 -11503.338904 -11596.582541
-15624.991851 -11505.159137 -11596.580879
-15625.820555 -11506.979370 -11596.579218
-15626.649259 -11508.799602 -11596.577557
-15627.477963 -11510.619835 -11596.575896
-15628.306667 -11512.440068 -11596.574235
-15629.135371 -11514.260300 -11596.572573
-15629.964075 -11516.080533 -11596.570912
-15630.792779 -11517.900766 -11596.569251
-15631.621483 -11519.720998 -11596.567590
-15632.450187 -11521.541231 -11596.565928
-15633.278891 -11523.361464 -11596.564267
-15634.107595 -11525.181696 -11596.562606
-15634.936299 -11527.001929 -11596.560945
-15635.765003 -11528.822162 -11596.559283
-15636.593707 -11530.642394 -11596.557622
-15637.422411 -11532.462627 -11596.555961
-15638.251115 -11534.282860 -11596.554300
-15639.079818 -11536.103092 -11596.552638
-15639.908522 -11537.923325 -11596.550977
-15640.737226 -11539.743558 -11596.549316
-15641.565930 -11541.563790 -11596.547655
-15642.394634 -11543.384023 -11596.545993
-15643.223338 -11545.204256 -11596.544332
-15644.052042 -11547.024488 -11596.542671
-15644.880746 -11548.844721 -11596.541010
-15645.709450 -11550.664954 -11596.539348
-15646.538154 -11552.485187 -11596.537687
-15647.366858 -11554.305419 -11596.536026
-15648.195562 -11556.125652 -11596.534365
-15649.024266 -11557.945885 -11596.532703
-15649.852970 -11559.766117 -11596.531042
-15650.681674 -11561.586350 -11596.529381
-15651.510378 -11563.406583 -11596.527720
-15652.339082 -11565.226815 -11596.526058
-15653.167786 -11567.047048 -11596.524397
-15653.996490 -11568.867281 -11596.522736
-15654.825194 -11570.687513 -11596.521075
-15655.653898 -11572.507746 -11596.519413
-15656.482601 -11574.327979 -11596.517752
-15657.311305 -11576.148211 -11596.516091
-15658.140009 -11577.968444 -11596.514430
-15658.968713 -11579.788677 -11596.512768
-15659.797417 -11581.608909 -11596.511107
-15660.626121 -11583.429142 -11596.509446
-15661.454825 -11585.249375 -11596.507785
-15662.283529 -11587.069607 -11596.506123
-15663.112233 -11588.889840 -11596.504462
-15663.940937 -11590.710073 -11596.502801
-15664.769641 -11592.530305 -11596.501140
-15665.598345 -11594.350538 -11596.499478
-15666.427049 -11596.170771 -11596.497817
-15667.255753 -11597.991003 -11596.496156
-15668.084457 -11599.811236 -11596.494495
-15668.913161 -11601.631469 -11596.492833
-15669.741865 -11603.451701 -11596.491172
-15670.570569 -11605.271934 -11596.489511
-15671.399273 -11607.092167 -11596.487850
-15672.227977 -11608.912400 -11596.486189
-15673.056681 -11610.732632 -11596.484527
-15673.885384 -11612.552865 -11596.482866
-15674.714088 -11614.373098 -11596.481205
-15675.542792 -11616.193330 -11596.479544
-15676.371496 -11618.013563 -11596.477882
-15677.200200 -11619.833796 -11596.476221
-15678.028904 -11621.654028 -11596.474560
-15678.857608 -11623.474261 -11596.472899
-15679.686312 -11625.294494 -11596.471237
-15680.515016 -11627.114726 -11596.469576
-15681.343720 -11628.934959 -11596.467915
-15682.172424 -11630.755192 -11596.466254
-15683.001128 -11632.575424 -11596.464592
-15683.829832 -11634.395657 -11596.462931
-15684.658536 -11636.215890 -11596.461270
-15685.487240 -11638.036122 -11596.459609
-15686.315944 -11639.856355 -11596.457947
-15687.144648 -11641.676588 -11596.456286
-15687.973352 -11643.496820 -11596.454625
-15688.802056 -11645.317053 -11596.452964
-15689.630760 -11647.137286 -11596.451302
-15690.459464 -11648.957518 -11596.449641
-15691.288167 -11650.777751 -11596.447980
-15692.116871 -11652.597984 -11596.446319
-15692.945575 -11654.418216 -11596.444657
-15693.774279 -11656.238449 -11596.442996
-15694.602983 -11658.058682 -11596.441335
-15695.431687 -11659.878914 -11596.439674
-15696.260391 -11661.699147 -11596.438012
-15697.089095 -11663.519380 -11596.436351
-15697.917799 -11665.339613 -11596.434690
-15698.746503 -11667.159845 -11596.433029
-15699.575207 -11668.980078 -11596.431367
-15700.403911 -11670.800311 -11596.429706
-15701.232615 -11672.620543 -11596.428045
-15702.061319 -11674.440776 -11596.426384
-15702.890023 -11676.261009 -11596.424722
-15703.718727 -11678.081241 -11596.423061
-15704.547431 -11679.901474 -11596.421400
-15705.376135 -11681.721707 -11596.419739
-15706.204839 -11683.541939 -11596.418077
-15707.033543 -11685.362172 -11596.416416
-15707.862247 -11687.182405 -11596.414755
-15708.690950 -11689.002637 -11596.413094
-15709.519654 -11690.822870 -11596.411432
-15710.348358 -11692.643103 -11596.409771
-15711.177062 -11694.463335 -11596.408110
-15712.005766 -11696.283568 -11596.406449
-15712.834470 -11698.103801 -11596.404788
-15713.663174 -11699.924033 -11596.403126
-15714.491878 -11701.744266 -11596.401465
-15715.320582 -11703.564499 -11596.399804
-15716.149286 -11705.384731 -11596.398143
-15716.977990 -11707.204964 -11596.396481
-15717.806694 -11709.025197 -11596.394820
-15718.635398 -11710.845429 -11596.393159
-15719.464102 -11712.665662 -11596.391498
-15720.292806 -11714.485895 -11596.389836
-15721.121510 -11716.306127 -11596.388175
-15721.950214 -11718.126360 -11596.386514
-15722.778918 -11719.946593 -11596.384853
-15723.607622 -11721.766826 -11596.383191
-15724.436326 -11723.587058 -11596.381530
-15725.265030 -11725.407291 -11596.379869
-15726.093733 -11727.227524 -11596.378208
-15726.922437 -11729.047756 -11596.376546
-15727.751141 -11730.867989 -11596.374885
-15728.579845 -11732.688222 -11596.373224
-15729.408549 -11734.508454 -11596.371563
-15730.237253 -11736.328687 -11596.369901
-15731.065957 -11738.148920 -11596.368240
-15731.894661 -11739.969152 -11596.366579
-15732.723365 -11741.789385 -11596.364918
-15733.552069 -11743.609618 -11596.363256
-15734.380773 -11745.429850 -11596.361595
-15735.209477 -11747.250083 -11596.359934
-15736.038181 -11749.070316 -11596.358273
-15736.866885 -11750.890548 -11596.356611
-15737.695589 -11752.710781 -11596.354950
-15738.524293 -11754.531014 -11596.353289
-15739.352997 -11756.351246 -11596.351628
-15740.181701 -11758.171479 -11596.349966
-15741.010405 -11759.991712 -11596.348305
-15741.839109 -11761.811944 -11596.346644
-15742.667813 -11763.632177 -11596.344983
-15743.496516 -11765.452410 -11596.343321
-15744.325220 -11767.272642 -11596.341660
-15745.153924 -11769.092875 -11596.339999
-15745.982628 -11770.913108 -11596.338338
-15746.811332 -11772.733340 -11596.336676
-15747.640036 -11774.553573 -11596.335015
-15748.468740 -11776.373806 -11596.333354
-15749.297444 -11778.194039 -11596.331693
-15750.126148 -11780.014271 -11596.330031
-15750.954852 -11781.834504 -11596.328370
-15751.783556 -11783.654737 -11596.326709
-15752.612260 -11785.474969 -11596.325048
-15753.440964 -11787.295202 -11596.323386
-15754.269668 -11789.115435 -11596.321725
-15755.098372 -11790.935667 -11596.320064
-15755.927076 -11792.755900 -11596.318403
-15756.755780 -11794.576133 -11596.316742
-15757.584484 -11796.396365 -11596.315080
-15758.413188 -11798.216598 -11596.313419
-15759.241892 -11800.036831 -11596.311758
-15760.070596 -11801.857063 -11596.310097
-15760.899299 -11803.677296 -11596.308435
-15761.728003 -11805.497529 -11596.306774
-15762.556707 -11807.317761 -11596.305113
-15763.385411 -11809.137994 -11596.303452
-15764.214115 -11810.958227 -11596.301790
-15765.042819 -11812.778459 -11596.300129
-15765.871523 -11814.598692 -11596.298468
-15766.700227 -11816.418925 -11596.296807
-15767.528931 -11818.239157 -11596.295145
-15768.357635 -11820.059390 -11596.293484
-15769.186339 -11821.879623 -11596.291823
-15770.015043 -11823.699855 -11596.290162
-15770.843747 -11825.520088 -11596.288500
-15771.672451 -11827.340321 -11596.286839
-15772.501155 -11829.160553 -11596.285178
-15773.329859 -11830.980786 -11596.283517
-15774.158563 -11832.801019 -11596.281855
-15774.987267 -11834.621252 -11596.280194
-15775.815971 -11836.441484 -11596.278533
-15776.644675 -11838.261717 -11596.276872
-15777.473379 -11840.081950 -11596.275210
-15778.302082 -11841.902182 -11596.273549
-15779.130786 -11843.722415 -11596.271888
-15779.959490 -11845.542648 -11596.270227
-15780.788194 -11847.362880 -11596.268565
-15781.616898 -11849.183113 -11596.266904
-15782.445602 -11851.003346 -11596.265243
-15783.274306 -11852.823578 -11596.263582
-15784.103010 -11854.643811 -11596.261920
-15784.931714 -11856.464044 -11596.260259
-15785.760418 -11858.284276 -11596.258598
-15786.589122 -11860.104509 -11596.256937
-15787.417826 -11861.924742 -11596.255275
-15788.246530 -11863.744974 -11596.253614
-15789.075234 -11865.565207 -11596.251953
-15789.903938 -11867.385440 -11596.250292
-15790.732642 -11869.205672 -11596.248630
-15791.561346 -11871.025905 -11596.246969
-15792.390050 -11872.846138 -11596.245308
-15793.218754 -11874.666370 -11596.243647
-15794.047458 -11876.486603 -11596.241985
-15794.876162 -11878.306836 -11596.240324
-15795.704865 -11880.127068 -11596.238663
-15796.533569 -11881.947301 -11596.237002
-15797.362273 -11883.767534 -11596.235341
-15798.190977 -11885.587766 -11596.233679
-15799.019681 -11887.407999 -11596.232018
-15799.848385 -11889.228232 -11596.230357
-15800.677089 -11891.048465 -11596.228696
-15801.505793 -11892.868697 -11596.227034
-15802.334497 -11894.688930 -11596.225373
-15803.163201 -11896.509163 -11596.223712
-15803.991905 -11898.329395 -11596.222051
-15804.820609 -11900.149628 -11596.220389
-15805.649313 -11901.969861 -11596.218728
-15806.478017 -11903.790093 -11596.217067
-15807.306721 -11905.610326 -11596.215406
-15808.135425 -11907.430559 -11596.213744
-15808.964129 -11909.250791 -11596.212083
-15809.792833 -11911.071024 -11596.210422
-15810.621537 -11912.891257 -11596.208761
-15811.450241 -11914.711489 -11596.207099
-15812.278945 -11916.531722 -11596.205438
-15813.107648 -11918.351955 -11596.203777
-15813.936352 -11920.172187 -11596.202116
-15814.765056 -11921.992420 -11596.200454
-15815.593760 -11923.812653 -11596.198793
-15816.422464 -11925.632885 -11596.197132
-15817.251168 -11927.453118 -11596.195471
-15818.079872 -11929.273351 -11596.193809
-15818.908576 -11931.093583 -11596.192148
-15819.737280 -11932.913816 -11596.190487
-15820.565984 -11934.734049 -11596.188826
-15821.394688 -11936.554281 -11596.187164
-15822.223392 -11938.374514 -11596.185503
-15823.052096 -11940.194747 -11596.183842
-15823.880800 -11942.014979 -11596.182181
-15824.709504 -11943.835212 -11596.180519
-15825.538208 -11945.655445 -11596.178858
-15826.366912 -11947.475678 -11596.177197
-15827.195616 -11949.295910 -11596.175536
-15828.024320 -11951.116143 -11596.173874
-15828.853024 -11952.936376 -11596.172213
-15829.681728 -11954.756608 -11596.170552
-15830.510431 -11956.576841 -11596.168891
-15831.339135 -11958.397074 -11596.167229
-15832.167839 -11960.217306 -11596.165568
-15832.996543 -11962.037539 -11596.163907
-15833.825247 -11963.857772 -11596.162246
-15834.653951 -11965.678004 -11596.160584
-15835.482655 -11967.498237 -11596.158923
-15836.311359 -11969.318470 -11596.157262
-15837.140063 -11971.138702 -11596.155601
-15837.968767 -11972.958935 -11596.153939
-15838.797471 -11974.779168 -11596.152278
-15839.626175 -11976.599400 -11596.150617
-15840.454879 -11978.419633 -11596.148956
-15841.283583 -11980.239866 -11596.147295
-15842.112287 -11982.060098 -11596.145633
-15842.940991 -11983.880331 -11596.143972
-15843.769695 -11985.700564 -11596.142311
-15844.598399 -11987.520796 -11596.140650
-15845.427103 -11989.341029 -11596.138988
-15846.255807 -11991.161262 -11596.137327
-15847.084511 -11992.981494 -11596.135666
-15847.913214 -11994.801727 -11596.134005
-15848.741918 -11996.621960 -11596.132343
-15849.570622 -11998.442192 -11596.130682
-15850.399326 -12000.262425 -11596.129021
-15851.228030 -12002.082658 -11596.127360
-15852.056734 -12003.902891 -11596.125698
-15852.885438 -12005.723123 -11596.124037
-15853.714142 -12007.543356 -11596.122376
-15854.542846 -12009.363589 -11596.120715
-15855.371550 -12011.183821 -11596.119053
-15856.200254 -12013.004054 -11596.117392
-15857.028958 -12014.824287 -11596.115731
-15857.857662 -12016.644519 -11596.114070
-15858.686366 -12018.464752 -11596.112408
-15859.515070 -12020.284985 -11596.110747
-15860.343774 -12022.105217 -11596.109086
-15861.172478 -12023.925450 -11596.107425
-15862.001182 -12025.745683 -11596.105763
-15862.829886 -12027.565915 -11596.104102
-15863.658590 -12029.386148 -11596.102441
-15864.487294 -12031.206381 -11596.100780
-15865.315997 -12033.026613 -11596.099118
-15866.144701 -12034.846846 -11596.097457
-15866.973405 -12036.667079 -11596.095796
-15867.802109 -12038.487311 -11596.094135
-15868.630813 -12040.307544 -11596.092473
-15869.459517 -12042.127777 -11596.090812
-15870.288221 -12043.948009 -11596.089151
-15871.116925 -12045.768242 -11596.087490
-15871.945629 -12047.588475 -11596.085828
-15872.774333 -12049.408707 -11596.084167
-15873.603037 -12051.228940 -11596.082506
-15874.431741 -12053.049173 -11596.080845
-15875.260445 -12054.869405 -11596.079183
-15876.089149 -12056.689638 -11596.077522
-15876.917853 -12058.509871 -11596.075861
-15877.746557 -12060.330104 -11596.074200
-15878.575261 -12062.150336 -11596.072538
-15879.403965 -12063.970569 -11596.070877
-15880.232669 -12065.790802 -11596.069216
-15881.061373 -12067.611034 -11596.067555
-15881.890077 -12069.431267 -11596.065894
-15882.718780 -12071.251500 -11596.064232
-15883.547484 -12073.071732 -11596.062571
-15884.376188 -12074.891965 -11596.060910
-15885.204892 -12076.712198 -11596.059249
-15886.033596 -12078.532430 -11596.057587
-15886.862300 -12080.352663 -11596.055926
-15887.691004 -12082.172896 -11596.054265
-15888.519708 -12083.993128 -11596.052604
-15889.348412 -12085.813361 -11596.050942
-15890.177116 -12087.633594 -11596.049281
-15891.005820 -12089.453826 -11596.047620
-15891.834524 -12091.274059 -11596.045959
-15892.663228 -12093.094292 -11596.044297
-15893.491932 -12094.914524 -11596.042636
-15894.320636 -12096.734757 -11596.040975
-15895.149340 -12098.554990 -11596.039314
-15895.978044 -12100.375222 -11596.037652
-15896.806748 -12102.195455 -11596.035991
-15897.635452 -12104.015688 -11596.034330
-15898.464156 -12105.835920 -11596.032669
-15899.292860 -12107.656153 -11596.031007
-15900.121563 -12109.476386 -11596.029346
-15900.950267 -12111.296618 -11596.027685
-15901.778971 -12113.116851 -11596.026024
-15902.607675 -12114.937084 -11596.024362
-15903.436379 -12116.757317 -11596.022701
-15904.265083 -12118.577549 -11596.021040
-15905.093787 -12120.397782 -11596.019379
-15905.922491 -12122.218015 -11596.017717
-15906.751195 -12124.038247 -11596.016056
-15907.579899 -12125.858480 -11596.014395
-15908.408603 -12127.678713 -11596.012734
-15909.237307 -12129.498945 -11596.011072
-15910.066011 -12131.319178 -11596.009411
-15910.894715 -12133.139411 -11596.007750
-15911.723419 -12134.959643 -11596.006089
-15912.552123 -12136.779876 -11596.004427
-15913.380827 -12138.600109 -11596.002766
-15914.209531 -12140.420341 -11596.001105
-15915.038235 -12142.240574 -11595.999444
-15915.866939 -12144.060807 -11595.997782
-15916.695643 -12145.881039 -11595.996121
-15917.524346 -12147.701272 -11595.994460
-15918.353050 -12149.521505 -11595.992799
-15919.181754 -12151.341737 -11595.991137
-15920.010458 -12153.161970 -11595.989476
-15920.839162 -12154.982203 -11595.987815
-15921.667866 -12156.802435 -11595.986154
-15922.496570 -12158.622668 -11595.984492
-15923.325274 -12160.442901 -11595.982831
-15924.153978 -12162.263133 -11595.981170
-15924.982682 -12164.083366 -11595.979509
-15925.811386 -12165.903599 -11595.977848
-15926.640090 -12167.723831 -11595.976186
-15927.468794 -12169.544064 -11595.974525
-15928.297498 -12171.364297 -11595.972864
-15929.126202 -12173.184529 -11595.971203
-15929.954906 -12175.004762 -11595.969541
-15930.783610 -12176.824995 -11595.967880
-15931.612314 -12178.645228 -11595.966219
-15932.441018 -12180.465460 -11595.964558
-15933.269722 -12182.285693 -11595.962896
-15934.098426 -12184.105926 -11595.961235
-15934.927129 -12185.926158 -11595.959574
-15935.755833 -12187.746391 -11595.957913
-15936.584537 -12189.566624 -11595.956251
-15937.413241 -12191.386856 -11595.954590
-15938.241945 -12193.207089 -11595.952929
-15939.070649 -12195.027322 -11595.951268
-15939.899353 -12196.847554 -11595.949606
-15940.728057 -12198.667787 -11595.947945
-15941.556761 -12200.488020 -11595.946284
-15942.385465 -12202.308252 -11595.944623
-15943.214169 -12204.128485 -11595.942961
-15944.042873 -12205.948718 -11595.941300
-15944.871577 -12207.768950 -11595.939639
-15945.700281 -12209.589183 -11595.937978
-15946.528985 -12211.409416 -11595.936316
-15947.357689 -12213.229648 -11595.934655
-15948.186393 -12215.049881 -11595.932994
-15949.015097 -12216.870114 -11595.931333
-15949.843801 -12218.690346 -11595.929671
-15950.672505 -12220.510579 -11595.928010
-15951.501209 -12222.330812 -11595.926349
-15952.329912 -12224.151044 -11595.924688
-15953.158616 -12225.971277 -11595.923026
-15953.987320 -12227.791510 -11595.921365
-15954.816024 -12229.611742 -11595.919704
-15955.644728 -12231.431975 -11595.918043
-15956.473432 -12233.252208 -11595.916381
-15957.302136 -12235.072441 -11595.914720
-15958.130840 -12236.892673 -11595.913059
-15958.959544 -12238.712906 -11595.911398
-15959.788248 -12240.533139 -11595.909736
-15960.616952 -12242.353371 -11595.908075
-15961.445656 -12244.173604 -11595.906414
-15962.274360 -12245.993837 -11595.904753
-15963.103064 -12247.814069 -11595.903091
-15963.931768 -12249.634302 -11595.901430
-15964.760472 -12251.454535 -11595.899769
-15965.589176 -12253.274767 -11595.898108
-15966.417880 -12255.095000 -11595.896447
-15967.246584 -12256.915233 -11595.894785
-15968.075288 -12258.735465 -11595.893124
-15968.903992 -12260.555698 -11595.891463
-15969.732695 -12262.375931 -11595.889802
-15970.561399 -12264.196163 -11595.888140
-15971.390103 -12266.016396 -11595.886479
-15972.218807 -12267.836629 -11595.884818
-15973.047511 -12269.656861 -11595.883157
-15973.876215 -12271.477094 -11595.881495
-15974.704919 -12273.297327 -11595.879834
-15975.533623 -12275.117559 -11595.878173
-15976.362327 -12276.937792 -11595.876512
-15977.191031 -12278.758025 -11595.874850
-15978.019735 -12280.578257 -11595.873189
-15978.848439 -12282.398490 -11595.871528
-15979.677143 -12284.218723 -11595.869867
-15980.505847 -12286.038955 -11595.868205
-15981.334551 -12287.859188 -11595.866544
-15982.163255 -12289.679421 -11595.864883
-15982.991959 -12291.499654 -11595.863222
-15983.820663 -12293.319886 -11595.861560
-15984.649367 -12295.140119 -11595.859899
-15985.478071 -12296.960352 -11595.858238
-15986.306775 -12298.780584 -11595.856577
-15987.135478 -12300.600817 -11595.854915
-15987.964182 -12302.421050 -11595.853254
-15988.792886 -12304.241282 -11595.851593
-15989.621590 -12306.061515 -11595.849932
-15990.450294 -12307.881748 -11595.848270
-15991.278998 -12309.701980 -11595.846609
-15992.107702 -12311.522213 -11595.844948
-15992.936406 -12313.342446 -11595.843287
-15993.765110 -12315.162678 -11595.841625
-15994.593814 -12316.982911 -11595.839964
-15995.422518 -12318.803144 -11595.838303
-15996.251222 -12320.623376 -11595.836642
-15997.079926 -12322.443609 -11595.834980
-15997.908630 -12324.263842 -11595.833319
-15998.737334 -12326.084074 -11595.831658
-15999.566038 -12327.904307 -11595.829997
-16000.394742 -12329.724540 -11595.828335
-16001.223446 -12331.544772 -11595.826674
-16002.052150 -12333.365005 -11595.825013
-16002.880854 -12335.185238 -11595.823352
-16003.709558 -12337.005470 -11595.821690
-16004.538261 -12338.825703 -11595.820029
-16005.366965 -12340.645936 -11595.818368
-16006.195669 -12342.466168 -11595.816707
-16007.024373 -12344.286401 -11595.815046
-16007.853077 -12346.106634 -11595.813384
-16008.681781 -12347.926867 -11595.811723
-16009.510485 -12349.747099 -11595.810062
-16010.339189 -12351.567332 -11595.808401
-16011.167893 -12353.387565 -11595.806739
-16011.996597 -12355.207797 -11595.805078
-16012.825301 -12357.028030 -11595.803417
-16013.654005 -12358.848263 -11595.801756
-16014.482709 -12360.668495 -11595.800094
-16015.311413 -12362.488728 -11595.798433
-16016.140117 -12364.308961 -11595.796772
-16016.968821 -12366.129193 -11595.795111
-16017.797525 -12367.949426 -11595.793449
-16018.626229 -12369.769659 -11595.791788
-16019.454933 -12371.589891 -11595.790127
-16020.283637 -12373.410124 -11595.788466
-16021.112341 -12375.230357 -11595.786804
-16021.941044 -12377.050589 -11595.785143
-16022.769748 -12378.870822 -11595.783482
-16023.598452 -12380.691055 -11595.781821
-16024.427156 -12382.511287 -11595.780159
-16025.255860 -12384.331520 -11595.778498
-16026.084564 -12386.151753 -11595.776837
-16026.913268 -12387.971985 -11595.775176
-16027.741972 -12389.792218 -11595.773514
-16028.570676 -12391.612451 -11595.771853
-16029.399380 -12393.432683 -11595.770192
-16030.228084 -12395.252916 -11595.768531
-16031.056788 -12397.073149 -11595.766869
-16031.885492 -12398.893381 -11595.765208
-16032.714196 -12400.713614 -11595.763547
-16033.542900 -12402.533847 -11595.761886
-16034.371604 -12404.354080 -11595.760224
-16035.200308 -12406.174312 -11595.758563
-16036.029012 -12407.994545 -11595.756902
-16036.857716 -12409.814778 -11595.755241
-16037.686420 -12411.635010 -11595.753579
-16038.515124 -12413.455243 -11595.751918
-16039.343827 -12415.275476 -11595.750257
-16040.172531 -12417.095708 -11595.748596
-16041.001235 -12418.915941 -11595.746934
-16041.829939 -12420.736174 -11595.745273
-16042.658643 -12422.556406 -11595.743612
-16043.487347 -12424.376639 -11595.741951
-16044.316051 -12426.196872 -11595.740289
-16045.144755 -12428.017104 -11595.738628
-16045.973459 -12429.837337 -11595.736967
-16046.802163 -12431.657570 -11595.735306
-16047.630867 -12433.477802 -11595.733644
-16048.459571 -12435.298035 -11595.731983
-16049.288275 -12437.118268 -11595.730322
-16050.116979 -12438.938500 -11595.728661
-16050.945683 -12440.758733 -11595.727000
-16051.774387 -12442.578966 -11595.725338
-16052.603091 -12444.399198 -11595.723677
-16053.431795 -12446.219431 -11595.722016
-16054.260499 -12448.039664 -11595.720355
-16055.089203 -12449.859896 -11595.718693
-16055.917907 -12451.680129 -11595.717032
-16056.746610 -12453.500362 -11595.715371
-16057.575314 -12455.320594 -11595.713710
-16058.404018 -12457.140827 -11595.712048
-16059.232722 -12458.961060 -11595.710387
-16060.061426 -12460.781293 -11595.708726
-16060.890130 -12462.601525 -11595.707065
-16061.718834 -12464.421758 -11595.705403
-16062.547538 -12466.241991 -11595.703742
-16063.376242 -12468.062223 -11595.702081
-16064.204946 -12469.882456 -11595.700420
-16065.033650 -12471.702689 -11595.698758
-16065.862354 -12473.522921 -11595.697097
-16066.691058 -12475.343154 -11595.695436
-16067.519762 -12477.163387 -11595.693775
-16068.348466 -12478.983619 -11595.692113
-16069.177170 -12480.803852 -11595.690452
-16070.005874 -12482.624085 -11595.688791
-16070.834578 -12484.444317 -11595.687130
-16071.663282 -12486.264550 -11595.685468
-16072.491986 -12488.084783 -11595.683807
-16073.320690 -12489.905015 -11595.682146
-16074.149393 -12491.725248 -11595.680485
-16074.978097 -12493.545481 -11595.678823
-16075.806801 -12495.365713 -11595.677162
-16076.635505 -12497.185946 -11595.675501
-16077.464209 -12499.006179 -11595.673840
-16078.292913 -12500.826411 -11595.672178
-16079.121617 -12502.646644 -11595.670517
-16079.950321 -12504.466877 -11595.668856
-16080.779025 -12506.287109 -11595.667195
-16081.607729 -12508.107342 -11595.665533
-16082.436433 -12509.927575 -11595.663872
-16083.265137 -12511.747807 -11595.662211
-16084.093841 -12513.568040 -11595.660550
-16084.922545 -12515.388273 -11595.658888
-16085.751249 -12517.208506 -11595.657227
-16086.579953 -12519.028738 -11595.655566
-16087.408657 -12520.848971 -11595.653905
-16088.237361 -12522.669204 -11595.652243
-16089.066065 -12524.489436 -11595.650582
-16089.894769 -12526.309669 -11595.648921
-16090.723473 -12528.129902 -11595.647260
-16091.552176 -12529.950134 -11595.645599
-16092.380880 -12531.770367 -11595.643937
-16093.209584 -12533.590600 -11595.642276
-16094.038288 -12535.410832 -11595.640615
-16094.866992 -12537.231065 -11595.638954
-16095.695696 -12539.051298 -11595.637292
-16096.524400 -12540.871530 -11595.635631
-16097.353104 -12542.691763 -11595.633970
-16098.181808 -12544.511996 -11595.632309
-16099.010512 -12546.332228 -11595.630647
-16099.839216 -12548.152461 -11595.628986
-16100.667920 -12549.972694 -11595.627325
-16101.496624 -12551.792926 -11595.625664
-16102.325328 -12553.613159 -11595.624002
-16103.154032 -12555.433392 -11595.622341
-16103.982736 -12557.253624 -11595.620680
-16104.811440 -12559.073857 -11595.619019
-16105.640144 -12560.894090 -11595.617357
-16106.468848 -12562.714322 -11595.615696
-16107.297552 -12564.534555 -11595.614035
-16108.126256 -12566.354788 -11595.612374
-16108.954959 -12568.175020 -11595.610712
-16109.783663 -12569.995253 -11595.609051
-16110.612367 -12571.815486 -11595.607390
-16111.441071 -12573.635719 -11595.605729
-16112.269775 -12575.455951 -11595.604067
-16113.098479 -12577.276184 -11595.602406
-16113.927183 -12579.096417 -11595.600745
-16114.755887 -12580.916649 -11595.599084
-16115.584591 -12582.736882 -11595.597422
-16116.413295 -12584.557115 -11595.595761
-16117.241999 -12586.377347 -11595.594100
-16118.070703 -12588.197580 -11595.592439
-16118.899407 -12590.017813 -11595.590777
-16119.728111 -12591.838045 -11595.589116
-16120.556815 -12593.658278 -11595.587455
-16121.385519 -12595.478511 -11595.585794
-16122.214223 -12597.298743 -11595.584132
-16123.042927 -12599.118976 -11595.582471
-16123.871631 -12600.939209 -11595.580810
-16124.700335 -12602.759441 -11595.579149
-16125.529039 -12604.579674 -11595.577487
-16126.357742 -12606.399907 -11595.575826
-16127.186446 -12608.220139 -11595.574165
-16128.015150 -12610.040372 -11595.572504
-16128.843854 -12611.860605 -11595.570842
-16129.672558 -12613.680837 -11595.569181
-16130.501262 -12615.501070 -11595.567520
-16131.329966 -12617.321303 -11595.565859
-16132.158670 -12619.141535 -11595.564197
-16132.987374 -12620.961768 -11595.562536
-16133.816078 -12622.782001 -11595.560875
-16134.644782 -12624.602233 -11595.559214
-16135.473486 -12626.422466 -11595.557553
-16136.302190 -12628.242699 -11595.555891
-16137.130894 -12630.062932 -11595.554230
-16137.959598 -12631.883164 -11595.552569
-16138.788302 -12633.703397 -11595.550908
-16139.617006 -12635.523630 -11595.549246
-16140.445710 -12637.343862 -11595.547585
-16141.274414 -12639.164095 -11595.545924
-16142.103118 -12640.984328 -11595.544263
-16142.931822 -12642.804560 -11595.542601
-16143.760525 -12644.624793 -11595.540940
-16144.589229 -12646.445026 -11595.539279
-16145.417933 -12648.265258 -11595.537618
-16146.246637 -12650.085491 -11595.535956
-16147.075341 -12651.905724 -11595.534295
-16147.904045 -12653.725956 -11595.532634
-16148.732749 -12655.546189 -11595.530973
-16149.561453 -12657.366422 -11595.529311
-16150.390157 -12659.186654 -11595.527650
-16151.218861 -12661.006887 -11595.525989
-16152.047565 -12662.827120 -11595.524328
-16152.876269 -12664.647352 -11595.522666
-16153.704973 -12666.467585 -11595.521005
-16154.533677 -12668.287818 -11595.519344
-16155.362381 -12670.108050 -11595.517683
-16156.191085 -12671.928283 -11595.516021
-16157.019789 -12673.748516 -11595.514360
-16157.848493 -12675.568748 -11595.512699
-16158.677197 -12677.388981 -11595.511038
-16159.505901 -12679.209214 -11595.509376
-16160.334605 -12681.029446 -11595.507715
-16161.163308 -12682.849679 -11595.506054
-16161.992012 -12684.669912 -11595.504393
-16162.820716 -12686.490145 -11595.502731
-16163.649420 -12688.310377 -11595.501070
-16164.478124 -12690.130610 -11595.499409
-16165.306828 -12691.950843 -11595.497748
-16166.135532 -12693.771075 -11595.496086
-16166.964236 -12695.591308 -11595.494425
-16167.792940 -12697.411541 -11595.492764
-16168.621644 -12699.231773 -11595.491103
-16169.450348 -12701.052006 -11595.489441
-16170.279052 -12702.872239 -11595.487780
-16171.107756 -12704.692471 -11595.486119
-16171.936460 -12706.512704 -11595.484458
-16172.765164 -12708.332937 -11595.482796
-16173.593868 -12710.153169 -11595.481135
-16174.422572 -12711.973402 -11595.479474
-16175.251276 -12713.793635 -11595.477813
-16176.079980 -12715.613867 -11595.476152
-16176.908684 -12717.434100 -11595.474490
-16177.737388 -12719.254333 -11595.472829
-16178.566091 -12721.074565 -11595.471168
-16179.394795 -12722.894798 -11595.469507
-16180.223499 -12724.715031 -11595.467845
-16181.052203 -12726.535263 -11595.466184
-16181.880907 -12728.355496 -11595.464523
-16182.709611 -12730.175729 -11595.462862
-16183.538315 -12731.995961 -11595.461200
-16184.367019 -12733.816194 -11595.459539
-16185.195723 -12735.636427 -11595.457878
-16186.024427 -12737.456659 -11595.456217
-16186.853131 -12739.276892 -11595.454555
-16187.681835 -12741.097125 -11595.452894
-16188.510539 -12742.917357 -11595.451233
-16189.339243 -12744.737590 -11595.449572
-16190.167947 -12746.557823 -11595.447910
-16190.996651 -12748.378056 -11595.446249
-16191.825355 -12750.198288 -11595.444588
-16192.654059 -12752.018521 -11595.442927
-16193.482763 -12753.838754 -11595.441265
-16194.311467 -12755.658986 -11595.439604
-16195.140171 -12757.479219 -11595.437943
-16195.968874 -12759.299452 -11595.436282
-16196.797578 -12761.119684 -11595.434620
-16197.626282 -12762.939917 -11595.432959
-16198.454986 -12764.760150 -11595.431298
-16199.283690 -12766.580382 -11595.429637
-16200.112394 -12768.400615 -11595.427975
-16200.941098 -12770.220848 -11595.426314
-16201.769802 -12772.041080 -11595.424653
-16202.598506 -12773.861313 -11595.422992
-16203.427210 -12775.681546 -11595.421330
-16204.255914 -12777.501778 -11595.419669
-16205.084618 -12779.322011 -11595.418008
-16205.913322 -12781.142244 -11595.416347
-16206.742026 -12782.962476 -11595.414685
-16207.570730 -12784.782709 -11595.413024
-16208.399434 -12786.602942 -11595.411363
-16209.228138 -12788.423174 -11595.409702
-16210.056842 -12790.243407 -11595.408040
-16210.885546 -12792.063640 -11595.406379
-16211.714250 -12793.883872 -11595.404718
-16212.542954 -12795.704105 -11595.403057
-16213.371657 -12797.524338 -11595.401395
-16214.200361 -12799.344570 -11595.399734
-16215.029065 -12801.164803 -11595.398073
-16215.857769 -12802.985036 -11595.396412
-16216.686473 -12804.805269 -11595.394750
-16217.515177 -12806.625501 -11595.393089
-16218.343881 -12808.445734 -11595.391428
-16219.172585 -12810.265967 -11595.389767
-16220.001289 -12812.086199 -11595.388106
-16220.829993 -12813.906432 -11595.386444
-16221.658697 -12815.726665 -11595.384783
-16222.487401 -12817.546897 -11595.383122
-16223.316105 -12819.367130 -11595.381461
-16224.144809 -12821.187363 -11595.379799
-16224.973513 -12823.007595 -11595.378138
-16225.802217 -12824.827828 -11595.376477
-16226.630921 -12826.648061 -11595.374816
-16227.459625 -12828.468293 -11595.373154
-16228.288329 -12830.288526 -11595.371493
-16229.117033 -12832.108759 -11595.369832
-16229.945737 -12833.928991 -11595.368171
-16230.774440 -12835.749224 -11595.366509
-16231.603144 -12837.569457 -11595.364848
-16232.431848 -12839.389689 -11595.363187
-16233.260552 -12841.209922 -11595.361526
-16234.089256 -12843.030155 -11595.359864
-16234.917960 -12844.850387 -11595.358203
-16235.746664 -12846.670620 -11595.356542
-16236.575368 -12848.490853 -11595.354881
-16237.404072 -12850.311085 -11595.353219
-16238.232776 -12852.131318 -11595.351558
-16239.061480 -12853.951551 -11595.349897
-16239.890184 -12855.771783 -11595.348236
-16240.718888 -12857.592016 -11595.346574
-16241.547592 -12859.412249 -11595.344913
-16242.376296 -12861.232482 -11595.343252
-16243.205000 -12863.052714 -11595.341591
-16244.033704 -12864.872947 -11595.339929
-16244.862408 -12866.693180 -11595.338268
-16245.691112 -12868.513412 -11595.336607
-16246.519816 -12870.333645 -11595.334946
-16247.348520 -12872.153878 -11595.333284
-16248.177223 -12873.974110 -11595.331623
-16249.005927 -12875.794343 -11595.329962
-16249.834631 -12877.614576 -11595.328301
-16250.663335 -12879.434808 -11595.326639
-16251.492039 -12881.255041 -11595.324978
-16252.320743 -12883.075274 -11595.323317
-16253.149447 -12884.895506 -11595.321656
-16253.978151 -12886.715739 -11595.319994
-16254.806855 -12888.535972 -11595.318333
-16255.635559 -12890.356204 -11595.316672
-16256.464263 -12892.176437 -11595.315011
-16257.292967 -12893.996670 -11595.313349
-16258.121671 -12895.816902 -11595.311688
-16258.950375 -12897.637135 -11595.310027
-16259.779079 -12899.457368 -11595.308366
-16260.607783 -12901.277600 -11595.306705
-16261.436487 -12903.097833 -11595.305043
-16262.265191 -12904.918066 -11595.303382
-16263.093895 -12906.738298 -11595.301721
-16263.922599 -12908.558531 -11595.300060
-16264.751303 -12910.378764 -11595.298398
-16265.580006 -12912.198996 -11595.296737
-16266.408710 -12914.019229 -11595.295076
-16267.237414 -12915.839462 -11595.293415
-16268.066118 -12917.659695 -11595.291753
-16268.894822 -12919.479927 -11595.290092
-16269.723526 -12921.300160 -11595.288431
-16270.552230 -12923.120393 -11595.286770
-16271.380934 -12924.940625 -11595.285108
-16272.209638 -12926.760858 -11595.283447
-16273.038342 -12928.581091 -11595.281786
-16273.867046 -12930.401323 -11595.280125
-16274.695750 -12932.221556 -11595.278463
-16275.524454 -12934.041789 -11595.276802
-16276.353158 -12935.862021 -11595.275141
-16277.181862 -12937.682254 -11595.273480
-16278.010566 -12939.502487 -11595.271818
-16278.839270 -12941.322719 -11595.270157
-16279.667974 -12943.142952 -11595.268496
-16280.496678 -12944.963185 -11595.266835
-16281.325382 -12946.783417 -11595.265173
-16282.154086 -12948.603650 -11595.263512
-16282.982789 -12950.423883 -11595.261851
-16283.811493 -12952.244115 -11595.260190
-16284.640197 -12954.064348 -11595.258528
-16285.468901 -12955.884581 -11595.256867
-16286.297605 -12957.704813 -11595.255206
-16287.126309 -12959.525046 -11595.253545
-16287.955013 -12961.345279 -11595.251883
-16288.783717 -12963.165511 -11595.250222
-16289.612421 -12964.985744 -11595.248561
-16290.441125 -12966.805977 -11595.246900
-16291.269829 -12968.626209 -11595.245238
-16292.098533 -12970.446442 -11595.243577
-16292.927237 -12972.266675 -11595.241916
-16293.755941 -12974.086908 -11595.240255
-16294.584645 -12975.907140 -11595.238593
-16295.413349 -12977.727373 -11595.236932
-16296.242053 -12979.547606 -11595.235271
-16297.070757 -12981.367838 -11595.233610
-16297.899461 -12983.188071 -11595.231948
-16298.728165 -12985.008304 -11595.230287
-16299.556869 -12986.828536 -11595.228626
-16300.385572 -12988.648769 -11595.226965
-16301.214276 -12990.469002 -11595.225303
-16302.042980 -12992.289234 -11595.223642
-16302.871684 -12994.109467 -11595.221981
-16303.700388 -12995.929700 -11595.220320
-16304.529092 -12997.749932 -11595.218659
-16305.357796 -12999.570165 -11595.216997
-16306.186500 -13001.390398 -11595.215336
-16307.015204 -13003.210630 -11595.213675
-16307.843908 -13005.030863 -11595.212014
-16308.672612 -13006.851096 -11595.210352
-16309.501316 -13008.671328 -11595.208691
-16310.330020 -13010.491561 -11595.207030
-16311.158724 -13012.311794 -11595.205369
-16311.987428 -13014.132026 -11595.203707
-16312.816132 -13015.952259 -11595.202046
-16313.644836 -13017.772492 -11595.200385
-16314.473540 -13019.592724 -11595.198724
-16315.302244 -13021.412957 -11595.197062
-16316.130948 -13023.233190 -11595.195401
-16316.959652 -13025.053422 -11595.193740
-16317.788355 -13026.873655 -11595.192079
-16318.617059 -13028.693888 -11595.190417
-16319.445763 -13030.514121 -11595.188756
-16320.274467 -13032.334353 -11595.187095
-16321.103171 -13034.154586 -11595.185434
-16321.931875 -13035.974819 -11595.183772
-16322.760579 -13037.795051 -11595.182111
-16323.589283 -13039.615284 -11595.180450
-16324.417987 -13041.435517 -11595.178789
-16325.246691 -13043.255749 -11595.177127
-16326.075395 -13045.075982 -11595.175466
-16326.904099 -13046.896215 -11595.173805
-16327.732803 -13048.716447 -11595.172144
-16328.561507 -13050.536680 -11595.170482
-16329.390211 -13052.356913 -11595.168821
-16330.218915 -13054.177145 -11595.167160
-16331.047619 -13055.997378 -11595.165499
-16331.876323 -13057.817611 -11595.163837
-16332.705027 -13059.637843 -11595.162176
-16333.533731 -13061.458076 -11595.160515
-16334.362435 -13063.278309 -11595.158854
-16335.191138 -13065.098541 -11595.157192
-16336.019842 -13066.918774 -11595.155531
-16336.848546 -13068.739007 -11595.153870
-16337.677250 -13070.559239 -11595.152209
-16338.505954 -13072.379472 -11595.150547
-16339.334658 -13074.199705 -11595.148886
-16340.163362 -13076.019937 -11595.147225
-16340.992066 -13077.840170 -11595.145564
-16341.820770 -13079.660403 -11595.143902
-16342.649474 -13081.480635 -11595.142241
-16343.478178 -13083.300868 -11595.140580
-16344.306882 -13085.121101 -11595.138919
-16345.135586 -13086.941334 -11595.137258
-16345.964290 -13088.761566 -11595.135596
-16346.792994 -13090.581799 -11595.133935
-16347.621698 -13092.402032 -11595.132274
-16348.450402 -13094.222264 -11595.130613
-16349.279106 -13096.042497 -11595.128951
-16350.107810 -13097.862730 -11595.127290
-16350.936514 -13099.682962 -11595.125629
-16351.765218 -13101.503195 -11595.123968
-16352.593921 -13103.323428 -11595.122306
-16353.422625 -13105.143660 -11595.120645
-16354.251329 -13106.963893 -11595.118984
-16355.080033 -13108.784126 -11595.117323
-16355.908737 -13110.604358 -11595.115661
-16356.737441 -13112.424591 -11595.114000
-16357.566145 -13114.244824 -11595.112339
-16358.394849 -13116.065056 -11595.110678
-16359.223553 -13117.885289 -11595.109016
-16360.052257 -13119.705522 -11595.107355
-16360.880961 -13121.525754 -11595.105694
-16361.709665 -13123.345987 -11595.104033
-16362.538369 -13125.166220 -11595.102371
-16363.367073 -13126.986452 -11595.100710
-16364.195777 -13128.806685 -11595.099049
-16365.024481 -13130.626918 -11595.097388
-16365.853185 -13132.447150 -11595.095726
-16366.681889 -13134.267383 -11595.094065
-16367.510593 -13136.087616 -11595.092404
-16368.339297 -13137.907848 -11595.090743
-16369.168001 -13139.728081 -11595.089081
-16369.996704 -13141.548314 -11595.087420
-16370.825408 -13143.368547 -11595.085759
-16371.654112 -13145.188779 -11595.084098
-16372.482816 -13147.009012 -11595.082436
-16373.311520 -13148.829245 -11595.080775
-16374.140224 -13150.649477 -11595.079114
-16374.968928 -13152.469710 -11595.077453
-16375.797632 -13154.289943 -11595.075791
-16376.626336 -13156.110175 -11595.074130
-16377.455040 -13157.930408 -11595.072469
-16378.283744 -13159.750641 -11595.070808
-16379.112448 -13161.570873 -11595.069146
-16379.941152 -13163.391106 -11595.067485
-16380.769856 -13165.211339 -11595.065824
-16381.598560 -13167.031571 -11595.064163
-16382.427264 -13168.851804 -11595.062501
-16383.255968 -13170.672037 -11595.060840
-16384.084672 -13172.492269 -11595.059179
-16384.913376 -13174.312502 -11595.057518
-16385.742080 -13176.132735 -11595.055856
-16386.570784 -13177.952967 -11595.054195
-16387.399487 -13179.773200 -11595.052534
-16388.228191 -13181.593433 -11595.050873
-16389.056895 -13183.413665 -11595.049212
-16389.885599 -13185.233898 -11595.047550
-16390.714303 -13187.054131 -11595.045889
-16391.543007 -13188.874363 -11595.044228
-16392.371711 -13190.694596 -11595.042567
-16393.200415 -13192.514829 -11595.040905
-16394.029119 -13194.335061 -11595.039244
-16394.857823 -13196.155294 -11595.037583
-16395.686527 -13197.975527 -11595.035922
-16396.515231 -13199.795760 -11595.034260
-16397.343935 -13201.615992 -11595.032599
-16398.172639 -13203.436225 -11595.030938
-16399.001343 -13205.256458 -11595.029277
-16399.830047 -13207.076690 -11595.027615
-16400.658751 -13208.896923 -11595.025954
-16401.487455 -13210.717156 -11595.024293
-16402.316159 -13212.537388 -11595.022632
-16403.144863 -13214.357621 -11595.020970
-16403.973567 -13216.177854 -11595.019309
-16404.802270 -13217.998086 -11595.017648
-16405.630974 -13219.818319 -11595.015987
-16406.459678 -13221.638552 -11595.014325
-16407.288382 -13223.458784 -11595.012664
-16408.117086 -13225.279017 -11595.011003
-16408.945790 -13227.099250 -11595.009342
-16409.774494 -13228.919482 -11595.007680
-16410.603198 -13230.739715 -11595.006019
-16411.431902 -13232.559948 -11595.004358
-16412.260606 -13234.380180 -11595.002697
-16413.089310 -13236.200413 -11595.001035
-16413.918014 -13238.020646 -11594.999374
-16414.746718 -13239.840878 -11594.997713
-16415.575422 -13241.661111 -11594.996052
-16416.404126 -13243.481344 -11594.994390
-16417.232830 -13245.301576 -11594.992729
-16418.061534 -13247.121809 -11594.991068
-16418.890238 -13248.942042 -11594.989407
-16419.718942 -13250.762274 -11594.987745
-16420.547646 -13252.582507 -11594.986084
-16421.376350 -13254.402740 -11594.984423
-16422.205053 -13256.222973 -11594.982762
-16423.033757 -13258.043205 -11594.981100
-16423.862461 -13259.863438 -11594.979439
-16424.691165 -13261.683671 -11594.977778
-16425.519869 -13263.503903 -11594.976117
-16426.348573 -13265.324136 -11594.974455
-16427.177277 -13267.144369 -11594.972794
-16428.005981 -13268.964601 -11594.971133
-16428.834685 -13270.784834 -11594.969472
-16429.663389 -13272.605067 -11594.967811
-16430.492093 -13274.425299 -11594.966149
-16431.320797 -13276.245532 -11594.964488
-16432.149501 -13278.065765 -11594.962827
-16432.978205 -13279.885997 -11594.961166
-16433.806909 -13281.706230 -11594.959504
-16434.635613 -13283.526463 -11594.957843
-16435.464317 -13285.346695 -11594.956182
-16436.293021 -13287.166928 -11594.954521
-16437.121725 -13288.987161 -11594.952859
-16437.950429 -13290.807393 -11594.951198
-16438.779133 -13292.627626 -11594.949537
-16439.607836 -13294.447859 -11594.947876
-16440.436540 -13296.268091 -11594.946214
-16441.265244 -13298.088324 -11594.944553
-16442.093948 -13299.908557 -11594.942892
-16442.922652 -13301.728789 -11594.941231
-16443.751356 -13303.549022 -11594.939569
-16444.580060 -13305.369255 -11594.937908
-16445.408764 -13307.189487 -11594.936247
-16446.237468 -13309.009720 -11594.934586
-16447.066172 -13310.829953 -11594.932924
-16447.894876 -13312.650186 -11594.931263
-16448.723580 -13314.470418 -11594.929602
-16449.552284 -13316.290651 -11594.927941
-16450.380988 -13318.110884 -11594.926279
-16451.209692 -13319.931116 -11594.924618
-16452.038396 -13321.751349 -11594.922957
-16452.867100 -13323.571582 -11594.921296
-16453.695804 -13325.391814 -11594.919634
-16454.524508 -13327.212047 -11594.917973
-16455.353212 -13329.032280 -11594.916312
-16456.181916 -13330.852512 -11594.914651
-16457.010619 -13332.672745 -11594.912989
-16457.839323 -13334.492978 -11594.911328
-16458.668027 -13336.313210 -11594.909667
-16459.496731 -13338.133443 -11594.908006
-16460.325435 -13339.953676 -11594.906344
-16461.154139 -13341.773908 -11594.904683
-16461.982843 -13343.594141 -11594.903022
-16462.811547 -13345.414374 -11594.901361
-16463.640251 -13347.234606 -11594.899699
-16464.468955 -13349.054839 -11594.898038
-16465.297659 -13350.875072 -11594.896377
-16466.126363 -13352.695304 -11594.894716
-16466.955067 -13354.515537 -11594.893054
-16467.783771 -13356.335770 -11594.891393
-16468.612475 -13358.156002 -11594.889732
-16469.441179 -13359.976235 -11594.888071
-16470.269883 -13361.796468 -11594.886410
-16471.098587 -13363.616700 -11594.884748
-16471.927291 -13365.436933 -11594.883087
-16472.755995 -13367.257166 -11594.881426
-16473.584699 -13369.077398 -11594.879765
-16474.413402 -13370.897631 -11594.878103
-16475.242106 -13372.717864 -11594.876442
-16476.070810 -13374.538097 -11594.874781
-16476.899514 -13376.358329 -11594.873120
-16477.728218 -13378.178562 -11594.871458
-16478.556922 -13379.998795 -11594.869797
-16479.385626 -13381.819027 -11594.868136
-16480.214330 -13383.639260 -11594.866475
-16481.043034 -13385.459493 -11594.864813
-16481.871738 -13387.279725 -11594.863152
-16482.700442 -13389.099958 -11594.861491
-16483.529146 -13390.920191 -11594.859830
-16484.357850 -13392.740423 -11594.858168
-16485.186554 -13394.560656 -11594.856507
-16486.015258 -13396.380889 -11594.854846
-16486.843962 -13398.201121 -11594.853185
-16487.672666 -13400.021354 -11594.851523
-16488.501370 -13401.841587 -11594.849862
-16489.330074 -13403.661819 -11594.848201
-16490.158778 -13405.482052 -11594.846540
-16490.987482 -13407.302285 -11594.844878
-16491.816185 -13409.122517 -11594.843217
-16492.644889 -13410.942750 -11594.841556
-16493.473593 -13412.762983 -11594.839895
-16494.302297 -13414.583215 -11594.838233
-16495.131001 -13416.403448 -11594.836572
-16495.959705 -13418.223681 -11594.834911
-16496.788409 -13420.043913 -11594.833250
-16497.617113 -13421.864146 -11594.831588
-16498.445817 -13423.684379 -11594.829927
-16499.274521 -13425.504611 -11594.828266
-16500.103225 -13427.324844 -11594.826605
-16500.931929 -13429.145077 -11594.824943
-16501.760633 -13430.965310 -11594.823282
-16502.589337 -13432.785542 -11594.821621
-16503.418041 -13434.605775 -11594.819960
-16504.246745 -13436.426008 -11594.818298
-16505.075449 -13438.246240 -11594.816637
-16505.904153 -13440.066473 -11594.814976
-16506.732857 -13441.886706 -11594.813315
-16507.561561 -13443.706938 -11594.811653
-16508.390265 -13445.527171 -11594.809992
-16509.218968 -13447.347404 -11594.808331
-16510.047672 -13449.167636 -11594.806670
-16510.876376 -13450.987869 -11594.805008
-16511.705080 -13452.808102 -11594.803347
-16512.533784 -13454.628334 -11594.801686
-16513.362488 -13456.448567 -11594.800025
-16514.191192 -13458.268800 -11594.798364
-16515.019896 -13460.089032 -11594.796702
-16515.848600 -13461.909265 -11594.795041
-16516.677304 -13463.729498 -11594.793380
-16517.506008 -13465.549730 -11594.791719
-16518.334712 -13467.369963 -11594.790057
-16519.163416 -13469.190196 -11594.788396
-16519.992120 -13471.010428 -11594.786735
-16520.820824 -13472.830661 -11594.785074
-16521.649528 -13474.650894 -11594.783412
-16522.478232 -13476.471126 -11594.781751
-16523.306936 -13478.291359 -11594.780090
-16524.135640 -13480.111592 -11594.778429
-16524.964344 -13481.931824 -11594.776767
-16525.793048 -13483.752057 -11594.775106
-16526.621751 -13485.572290 -11594.773445
-16527.450455 -13487.392523 -11594.771784
-16528.279159 -13489.212755 -11594.770122
-16529.107863 -13491.032988 -11594.768461
-16529.936567 -13492.853221 -11594.766800
-16530.765271 -13494.673453 -11594.765139
-16531.593975 -13496.493686 -11594.763477
-16532.422679 -13498.313919 -11594.761816
-16533.251383 -13500.134151 -11594.760155
-16534.080087 -13501.954384 -11594.758494
-16534.908791 -13503.774617 -11594.756832
-16535.737495 -13505.594849 -11594.755171
-16536.566199 -13507.415082 -11594.753510
-16537.394903 -13509.235315 -11594.751849
-16538.223607 -13511.055547 -11594.750187
-16539.052311 -13512.875780 -11594.748526
-16539.881015 -13514.696013 -11594.746865
-16540.709719 -13516.516245 -11594.745204
-16541.538423 -13518.336478 -11594.743542
-16542.367127 -13520.156711 -11594.741881
-16543.195831 -13521.976943 -11594.740220
-16544.024534 -13523.797176 -11594.738559
-16544.853238 -13525.617409 -11594.736897
-16545.681942 -13527.437641 -11594.735236
-16546.510646 -13529.257874 -11594.733575
-16547.339350 -13531.078107 -11594.731914
-16548.168054 -13532.898339 -11594.730252
-16548.996758 -13534.718572 -11594.728591
-16549.825462 -13536.538805 -11594.726930
-16550.654166 -13538.359037 -11594.725269
-16551.482870 -13540.179270 -11594.723607
-16552.311574 -13541.999503 -11594.721946
-16553.140278 -13543.819736 -11594.720285
-16553.968982 -13545.639968 -11594.718624
-16554.797686 -13547.460201 -11594.716963
-16555.626390 -13549.280434 -11594.715301
-16556.455094 -13551.100666 -11594.713640
-16557.283798 -13552.920899 -11594.711979
-16558.112502 -13554.741132 -11594.710318
-16558.941206 -13556.561364 -11594.708656
-16559.769910 -13558.381597 -11594.706995
-16560.598614 -13560.201830 -11594.705334
-16561.427317 -13562.022062 -11594.703673
-16562.256021 -13563.842295 -11594.702011
-16563.084725 -13565.662528 -11594.700350
-16563.913429 -13567.482760 -11594.698689
-16564.742133 -13569.302993 -11594.697028
-16565.570837 -13571.123226 -11594.695366
-16566.399541 -13572.943458 -11594.693705
-16567.228245 -13574.763691 -11594.692044
-16568.056949 -13576.583924 -11594.690383
-16568.885653 -13578.404156 -11594.688721
-16569.714357 -13580.224389 -11594.687060
-16570.543061 -13582.044622 -11594.685399
-16571.371765 -13583.864854 -11594.683738
-16572.200469 -13585.685087 -11594.682076
-16573.029173 -13587.505320 -11594.680415
-16573.857877 -13589.325552 -11594.678754
-16574.686581 -13591.145785 -11594.677093
-16575.515285 -13592.966018 -11594.675431
-16576.343989 -13594.786250 -11594.673770
-16577.172693 -13596.606483 -11594.672109
-16578.001397 -13598.426716 -11594.670448
-16578.830100 -13600.246949 -11594.668786
-16579.658804 -13602.067181 -11594.667125
-16580.487508 -13603.887414 -11594.665464
-16581.316212 -13605.707647 -11594.663803
-16582.144916 -13607.527879 -11594.662141
-16582.973620 -13609.348112 -11594.660480
-16583.802324 -13611.168345 -11594.658819
-16584.631028 -13612.988577 -11594.657158
-16585.459732 -13614.808810 -11594.655496
-16586.288436 -13616.629043 -11594.653835
-16587.117140 -13618.449275 -11594.652174
-16587.945844 -13620.269508 -11594.650513
-16588.774548 -13622.089741 -11594.648851
-16589.603252 -13623.909973 -11594.647190
-16590.431956 -13625.730206 -11594.645529
-16591.260660 -13627.550439 -11594.643868
-16592.089364 -13629.370671 -11594.642206
-16592.918068 -13631.190904 -11594.640545
-16593.746772 -13633.011137 -11594.638884
-16594.575476 -13634.831369 -11594.637223
-16595.404180 -13636.651602 -11594.635561
-16596.232883 -13638.471835 -11594.633900
-16597.061587 -13640.292067 -11594.632239
-16597.890291 -13642.112300 -11594.630578
-16598.718995 -13643.932533 -11594.628917
-16599.547699 -13645.752765 -11594.627255
-16600.376403 -13647.572998 -11594.625594
-16601.205107 -13649.393231 -11594.623933
-16602.033811 -13651.213463 -11594.622272
-16602.862515 -13653.033696 -11594.620610
-16603.691219 -13654.853929 -11594.618949
-16604.519923 -13656.674162 -11594.617288
-16605.348627 -13658.494394 -11594.615627
-16606.177331 -13660.314627 -11594.613965
-16607.006035 -13662.134860 -11594.612304
-16607.834739 -13663.955092 -11594.610643
-16608.663443 -13665.775325 -11594.608982
-16609.492147 -13667.595558 -11594.607320
-16610.320851 -13669.415790 -11594.605659
-16611.149555 -13671.236023 -11594.603998
-16611.978259 -13673.056256 -11594.602337
-16612.806963 -13674.876488 -11594.600675
-16613.635666 -13676.696721 -11594.599014
-16614.464370 -13678.516954 -11594.597353
-16615.293074 -13680.337186 -11594.595692
-16616.121778 -13682.157419 -11594.594030
-16616.950482 -13683.977652 -11594.592369
-16617.779186 -13685.797884 -11594.590708
-16618.607890 -13687.618117 -11594.589047
-16619.436594 -13689.438350 -11594.587385
-16620.265298 -13691.258582 -11594.585724
-16621.094002 -13693.078815 -11594.584063
-16621.922706 -13694.899048 -11594.582402
-16622.751410 -13696.719280 -11594.580740
-16623.580114 -13698.539513 -11594.579079
-16624.408818 -13700.359746 -11594.577418
-16625.237522 -13702.179978 -11594.575757
-16626.066226 -13704.000211 -11594.574095
-16626.894930 -13705.820444 -11594.572434
-16627.723634 -13707.640676 -11594.570773
-16628.552338 -13709.460909 -11594.569112
-16629.381042 -13711.281142 -11594.567450
-16630.209746 -13713.101375 -11594.565789
-16631.038449 -13714.921607 -11594.564128
-16631.867153 -13716.741840 -11594.562467
-16632.695857 -13718.562073 -11594.560805
-16633.524561 -13720.382305 -11594.559144
-16634.353265 -13722.202538 -11594.557483
-16635.181969 -13724.022771 -11594.555822
-16636.010673 -13725.843003 -11594.554160
-16636.839377 -13727.663236 -11594.552499
-16637.668081 -13729.483469 -11594.550838
-16638.496785 -13731.303701 -11594.549177
-16639.325489 -13733.123934 -11594.547516
-16640.154193 -13734.944167 -11594.545854
-16640.982897 -13736.764399 -11594.544193
-16641.811601 -13738.584632 -11594.542532
-16642.640305 -13740.404865 -11594.540871
-16643.469009 -13742.225097 -11594.539209
-16644.297713 -13744.045330 -11594.537548
-16645.126417 -13745.865563 -11594.535887
-16645.955121 -13747.685795 -11594.534226
-16646.783825 -13749.506028 -11594.532564
-16647.612529 -13751.326261 -11594.530903
-16648.441232 -13753.146493 -11594.529242
-16649.269936 -13754.966726 -11594.527581
-16650.098640 -13756.786959 -11594.525919
-16650.927344 -13758.607191 -11594.524258
-16651.756048 -13760.427424 -11594.522597
-16652.584752 -13762.247657 -11594.520936
-16653.413456 -13764.067889 -11594.519274
-16654.242160 -13765.888122 -11594.517613
-16655.070864 -13767.708355 -11594.515952
-16655.899568 -13769.528588 -11594.514291
-16656.728272 -13771.348820 -11594.512629
-16657.556976 -13773.169053 -11594.510968
-16658.385680 -13774.989286 -11594.509307
-16659.214384 -13776.809518 -11594.507646
-16660.043088 -13778.629751 -11594.505984
-16660.871792 -13780.449984 -11594.504323
-16661.700496 -13782.270216 -11594.502662
-16662.529200 -13784.090449 -11594.501001
-16663.357904 -13785.910682 -11594.499339
-16664.186608 -13787.730914 -11594.497678
-16665.015312 -13789.551147 -11594.496017
-16665.844015 -13791.371380 -11594.494356
-16666.672719 -13793.191612 -11594.492694
-16667.501423 -13795.011845 -11594.491033
-16668.330127 -13796.832078 -11594.489372
-16669.158831 -13798.652310 -11594.487711
-16669.987535 -13800.472543 -11594.486049
-16670.816239 -13802.292776 -11594.484388
-16671.644943 -13804.113008 -11594.482727
-16672.473647 -13805.933241 -11594.481066
-16673.302351 -13807.753474 -11594.479404
-16674.131055 -13809.573706 -11594.477743
-16674.959759 -13811.393939 -11594.476082
-16675.788463 -13813.214172 -11594.474421
-16676.617167 -13815.034404 -11594.472759
-16677.445871 -13816.854637 -11594.471098
-16678.274575 -13818.674870 -11594.469437
-16679.103279 -13820.495102 -11594.467776
-16679.931983 -13822.315335 -11594.466114
-16680.760687 -13824.135568 -11594.464453
-16681.589391 -13825.955801 -11594.462792
-16682.418095 -13827.776033 -11594.461131
-16683.246798 -13829.596266 -11594.459470
-16684.075502 -13831.416499 -11594.457808
-16684.904206 -13833.236731 -11594.456147
-16685.732910 -13835.056964 -11594.454486
-16686.561614 -13836.877197 -11594.452825
-16687.390318 -13838.697429 -11594.451163
-16688.219022 -13840.517662 -11594.449502
-16689.047726 -13842.337895 -11594.447841
-16689.876430 -13844.158127 -11594.446180
-16690.705134 -13845.978360 -11594.444518
-16691.533838 -13847.798593 -11594.442857
-16692.362542 -13849.618825 -11594.441196
-16693.191246 -13851.439058 -11594.439535
-16694.019950 -13853.259291 -11594.437873
-16694.848654 -13855.079523 -11594.436212
-16695.677358 -13856.899756 -11594.434551
-16696.506062 -13858.719989 -11594.432890
-16697.334766 -13860.540221 -11594.431228
-16698.163470 -13862.360454 -11594.429567
-16698.992174 -13864.180687 -11594.427906
-16699.820878 -13866.000919 -11594.426245
-16700.649581 -13867.821152 -11594.424583
-16701.478285 -13869.641385 -11594.422922
-16702.306989 -13871.461617 -11594.421261
-16703.135693 -13873.281850 -11594.419600
-16703.964397 -13875.102083 -11594.417938
-16704.793101 -13876.922315 -11594.416277
-16705.621805 -13878.742548 -11594.414616
-16706.450509 -13880.562781 -11594.412955
-16707.279213 -13882.383014 -11594.411293
-16708.107917 -13884.203246 -11594.409632
-16708.936621 -13886.023479 -11594.407971
-16709.765325 -13887.843712 -11594.406310
-16710.594029 -13889.663944 -11594.404648
-16711.422733 -13891.484177 -11594.402987
-16712.251437 -13893.304410 -11594.401326
-16713.080141 -13895.124642 -11594.399665
-16713.908845 -13896.944875 -11594.398003
-16714.737549 -13898.765108 -11594.396342
-16715.566253 -13900.585340 -11594.394681
-16716.394957 -13902.405573 -11594.393020
-16717.223661 -13904.225806 -11594.391358
-16718.052364 -13906.046038 -11594.389697
-16718.881068 -13907.866271 -11594.388036
-16719.709772 -13909.686504 -11594.386375
-16720.538476 -13911.506736 -11594.384713
-16721.367180 -13913.326969 -11594.383052
-16722.195884 -13915.147202 -11594.381391
-16723.024588 -13916.967434 -11594.379730
-16723.853292 -13918.787667 -11594.378069
-16724.681996 -13920.607900 -11594.376407
-16725.510700 -13922.428132 -11594.374746
-16726.339404 -13924.248365 -11594.373085
-16727.168108 -13926.068598 -11594.371424
-16727.996812 -13927.888830 -11594.369762
-16728.825516 -13929.709063 -11594.368101
-16729.654220 -13931.529296 -11594.366440
-16730.482924 -13933.349528 -11594.364779
-16731.311628 -13935.169761 -11594.363117
-16732.140332 -13936.989994 -11594.361456
-16732.969036 -13938.810227 -11594.359795
-16733.797740 -13940.630459 -11594.358134
-16734.626444 -13942.450692 -11594.356472
-16735.455147 -13944.270925 -11594.354811
-16736.283851 -13946.091157 -11594.353150
-16737.112555 -13947.911390 -11594.351489
-16737.941259 -13949.731623 -11594.349827
-16738.769963 -13951.551855 -11594.348166
-16739.598667 -13953.372088 -11594.346505
-16740.427371 -13955.192321 -11594.344844
-16741.256075 -13957.012553 -11594.343182
-16742.084779 -13958.832786 -11594.341521
-16742.913483 -13960.653019 -11594.339860
-16743.742187 -13962.473251 -11594.338199
-16744.570891 -13964.293484 -11594.336537
-16745.399595 -13966.113717 -11594.334876
-16746.228299 -13967.933949 -11594.333215
-16747.057003 -13969.754182 -11594.331554
-16747.885707 -13971.574415 -11594.329892
-16748.714411 -13973.394647 -11594.328231
-16749.543115 -13975.214880 -11594.326570
-16750.371819 -13977.035113 -11594.324909
-16751.200523 -13978.855345 -11594.323247
-16752.029227 -13980.675578 -11594.321586
-16752.857930 -13982.495811 -11594.319925
-16753.686634 -13984.316043 -11594.318264
-16754.515338 -13986.136276 -11594.316602
-16755.344042 -13987.956509 -11594.314941
-16756.172746 -13989.776741 -11594.313280
-16757.001450 -13991.596974 -11594.311619
-16757.830154 -13993.417207 -11594.309957
-16758.658858 -13995.237439 -11594.308296
-16759.487562 -13997.057672 -11594.306635
-16760.316266 -13998.877905 -11594.304974
-16761.144970 -14000.698138 -11594.303312
-16761.973674 -14002.518370 -11594.301651
-16762.802378 -14004.338603 -11594.299990
-16763.631082 -14006.158836 -11594.298329
-16764.459786 -14007.979068 -11594.296667
-16765.288490 -14009.799301 -11594.295006
-16766.117194 -14011.619534 -11594.293345
-16766.945898 -14013.439766 -11594.291684
-16767.774602 -14015.259999 -11594.290023
-16768.603306 -14017.080232 -11594.288361
-16769.432010 -14018.900464 -11594.286700
-16770.260713 -14020.720697 -11594.285039
-16771.089417 -14022.540930 -11594.283378
-16771.918121 -14024.361162 -11594.281716
-16772.746825 -14026.181395 -11594.280055
-16773.575529 -14028.001628 -11594.278394
-16774.404233 -14029.821860 -11594.276733
-16775.232937 -14031.642093 -11594.275071
-16776.061641 -14033.462326 -11594.273410
-16776.890345 -14035.282558 -11594.271749
-16777.719049 -14037.102791 -11594.270088
-16778.547753 -14038.923024 -11594.268426
-16779.376457 -14040.743256 -11594.266765
-16780.205161 -14042.563489 -11594.265104
-16781.033865 -14044.383722 -11594.263443
-16781.862569 -14046.203954 -11594.261781
-16782.691273 -14048.024187 -11594.260120
-16783.519977 -14049.844420 -11594.258459
-16784.348681 -14051.664652 -11594.256798
-16785.177385 -14053.484885 -11594.255136
-16786.006089 -14055.305118 -11594.253475
-16786.834793 -14057.125351 -11594.251814
-16787.663496 -14058.945583 -11594.250153
-16788.492200 -14060.765816 -11594.248491
-16789.320904 -14062.586049 -11594.246830
-16790.149608 -14064.406281 -11594.245169
-16790.978312 -14066.226514 -11594.243508
-16791.807016 -14068.046747 -11594.241846
-16792.635720 -14069.866979 -11594.240185
-16793.464424 -14071.687212 -11594.238524
-16794.293128 -14073.507445 -11594.236863
-16795.121832 -14075.327677 -11594.235201
-16795.950536 -14077.147910 -11594.233540
-16796.779240 -14078.968143 -11594.231879
-16797.607944 -14080.788375 -11594.230218
-16798.436648 -14082.608608 -11594.228556
-16799.265352 -14084.428841 -11594.226895
-16800.094056 -14086.249073 -11594.225234
-16800.922760 -14088.069306 -11594.223573
-16801.751464 -14089.889539 -11594.221911
-16802.580168 -14091.709771 -11594.220250
-16803.408872 -14093.530004 -11594.218589
-16804.237576 -14095.350237 -11594.216928
-16805.066279 -14097.170469 -11594.215266
-16805.894983 -14098.990702 -11594.213605
-16806.723687 -14100.810935 -11594.211944
-16807.552391 -14102.631167 -11594.210283
-16808.381095 -14104.451400 -11594.208622
-16809.209799 -14106.271633 -11594.206960
-16810.038503 -14108.091865 -11594.205299
-16810.867207 -14109.912098 -11594.203638
-16811.695911 -14111.732331 -11594.201977
-16812.524615 -14113.552564 -11594.200315
-16813.353319 -14115.372796 -11594.198654
-16814.182023 -14117.193029 -11594.196993
-16815.010727 -14119.013262 -11594.195332
-16815.839431 -14120.833494 -11594.193670
-16816.668135 -14122.653727 -11594.192009
-16817.496839 -14124.473960 -11594.190348
-16818.325543 -14126.294192 -11594.188687
-16819.154247 -14128.114425 -11594.187025
-16819.982951 -14129.934658 -11594.185364
-16820.811655 -14131.754890 -11594.183703
-16821.640359 -14133.575123 -11594.182042
-16822.469062 -14135.395356 -11594.180380
-16823.297766 -14137.215588 -11594.178719
-16824.126470 -14139.035821 -11594.177058
-16824.955174 -14140.856054 -11594.175397
-16825.783878 -14142.676286 -11594.173735
-16826.612582 -14144.496519 -11594.172074
-16827.441286 -14146.316752 -11594.170413
-16828.269990 -14148.136984 -11594.168752
-16829.098694 -14149.957217 -11594.167090
-16829.927398 -14151.777450 -11594.165429
-16830.756102 -14153.597682 -11594.163768
-16831.584806 -14155.417915 -11594.162107
-16832.413510 -14157.238148 -11594.160445
-16833.242214 -14159.058380 -11594.158784
-16834.070918 -14160.878613 -11594.157123
-16834.899622 -14162.698846 -11594.155462
-16835.728326 -14164.519078 -11594.153800
-16836.557030 -14166.339311 -11594.152139
-16837.385734 -14168.159544 -11594.150478
-16838.214438 -14169.979777 -11594.148817
-16839.043142 -14171.800009 -11594.147155
-16839.871845 -14173.620242 -11594.145494
-16840.700549 -14175.440475 -11594.143833
-16841.529253 -14177.260707 -11594.142172
-16842.357957 -14179.080940 -11594.140510
-16843.186661 -14180.901173 -11594.138849
-16844.015365 -14182.721405 -11594.137188
-16844.844069 -14184.541638 -11594.135527
-16845.672773 -14186.361871 -11594.133865
-16846.501477 -14188.182103 -11594.132204
-16847.330181 -14190.002336 -11594.130543
-16848.158885 -14191.822569 -11594.128882
-16848.987589 -14193.642801 -11594.127221
-16849.816293 -14195.463034 -11594.125559
-16850.644997 -14197.283267 -11594.123898
-16851.473701 -14199.103499 -11594.122237
-16852.302405 -14200.923732 -11594.120576
-16853.131109 -14202.743965 -11594.118914
-16853.959813 -14204.564197 -11594.117253
-16854.788517 -14206.384430 -11594.115592
-16855.617221 -14208.204663 -11594.113931
-16856.445925 -14210.024895 -11594.112269
-16857.274628 -14211.845128 -11594.110608
-16858.103332 -14213.665361 -11594.108947
-16858.932036 -14215.485593 -11594.107286
-16859.760740 -14217.305826 -11594.105624
-16860.589444 -14219.126059 -11594.103963
-16861.418148 -14220.946291 -11594.102302
-16862.246852 -14222.766524 -11594.100641
-16863.075556 -14224.586757 -11594.098979
-16863.904260 -14226.406990 -11594.097318
-16864.732964 -14228.227222 -11594.095657
-16865.561668 -14230.047455 -11594.093996
-16866.390372 -14231.867688 -11594.092334
-16867.219076 -14233.687920 -11594.090673
-16868.047780 -14235.508153 -11594.089012
-16868.876484 -14237.328386 -11594.087351
-16869.705188 -14239.148618 -11594.085689
-16870.533892 -14240.968851 -11594.084028
-16871.362596 -14242.789084 -11594.082367
-16872.191300 -14244.609316 -11594.080706
-16873.020004 -14246.429549 -11594.079044
-16873.848708 -14248.249782 -11594.077383
-16874.677411 -14250.070014 -11594.075722
-16875.506115 -14251.890247 -11594.074061
-16876.334819 -14253.710480 -11594.072399
-16877.163523 -14255.530712 -11594.070738
-16877.992227 -14257.350945 -11594.069077
-16878.820931 -14259.171178 -11594.067416
-16879.649635 -14260.991410 -11594.065754
-16880.478339 -14262.811643 -11594.064093
-16881.307043 -14264.631876 -11594.062432
-16882.135747 -14266.452108 -11594.060771
-16882.964451 -14268.272341 -11594.059109
-16883.793155 -14270.092574 -11594.057448
-16884.621859 -14271.912806 -11594.055787
-16885.450563 -14273.733039 -11594.054126
-16886.279267 -14275.553272 -11594.052464
-16887.107971 -14277.373504 -11594.050803
-16887.936675 -14279.193737 -11594.049142
-16888.765379 -14281.013970 -11594.047481
-16889.594083 -14282.834203 -11594.045819
-16890.422787 -14284.654435 -11594.044158
-16891.251491 -14286.474668 -11594.042497
-16892.080194 -14288.294901 -11594.040836
-16892.908898 -14290.115133 -11594.039175
-16893.737602 -14291.935366 -11594.037513
-16894.566306 -14293.755599 -11594.035852
-16895.395010 -14295.575831 -11594.034191
-16896.223714 -14297.396064 -11594.032530
-16897.052418 -14299.216297 -11594.030868
-16897.881122 -14301.036529 -11594.029207
-16898.709826 -14302.856762 -11594.027546
-16899.538530 -14304.676995 -11594.025885
-16900.367234 -14306.497227 -11594.024223
-16901.195938 -14308.317460 -11594.022562
-16902.024642 -14310.137693 -11594.020901
-16902.853346 -14311.957925 -11594.019240
-16903.682050 -14313.778158 -11594.017578
-16904.510754 -14315.598391 -11594.015917
-16905.339458 -14317.418623 -11594.014256
-16906.168162 -14319.238856 -11594.012595
-16906.996866 -14321.059089 -11594.010933
-16907.825570 -14322.879321 -11594.009272
-16908.654274 -14324.699554 -11594.007611
-16909.482977 -14326.519787 -11594.005950
-16910.311681 -14328.340019 -11594.004288
-16911.140385 -14330.160252 -11594.002627
-16911.969089 -14331.980485 -11594.000966
-16912.797793 -14333.800717 -11593.999305
-16913.626497 -14335.620950 -11593.997643
-16914.455201 -14337.441183 -11593.995982
-16915.283905 -14339.261416 -11593.994321
-16916.112609 -14341.081648 -11593.992660
-16916.941313 -14342.901881 -11593.990998
-16917.770017 -14344.722114 -11593.989337
-16918.598721 -14346.542346 -11593.987676
-16919.427425 -14348.362579 -11593.986015
-16920.256129 -14350.182812 -11593.984353
-16921.084833 -14352.003044 -11593.982692
-16921.913537 -14353.823277 -11593.981031
-16922.742241 -14355.643510 -11593.979370
-16923.570945 -14357.463742 -11593.977708
-16924.399649 -14359.283975 -11593.976047
-16925.228353 -14361.104208 -11593.974386
-16926.057057 -14362.924440 -11593.972725
-16926.885760 -14364.744673 -11593.971063
-16927.714464 -14366.564906 -11593.969402
-16928.543168 -14368.385138 -11593.967741
-16929.371872 -14370.205371 -11593.966080
-16930.200576 -14372.025604 -11593.964418
-16931.029280 -14373.845836 -11593.962757
-16931.857984 -14375.666069 -11593.961096
-16932.686688 -14377.486302 -11593.959435
-16933.515392 -14379.306534 -11593.957774
-16934.344096 -14381.126767 -11593.956112
-16935.172800 -14382.947000 -11593.954451
-16936.001504 -14384.767232 -11593.952790
-16936.830208 -14386.587465 -11593.951129
-16937.658912 -14388.407698 -11593.949467
-16938.487616 -14390.227930 -11593.947806
-16939.316320 -14392.048163 -11593.946145
-16940.145024 -14393.868396 -11593.944484
-16940.973728 -14395.688629 -11593.942822
-16941.802432 -14397.508861 -11593.941161
-16942.631136 -14399.329094 -11593.939500
-16943.459840 -14401.149327 -11593.937839
-16944.288543 -14402.969559 -11593.936177
-16945.117247 -14404.789792 -11593.934516
-16945.945951 -14406.610025 -11593.932855
-16946.774655 -14408.430257 -11593.931194
-16947.603359 -14410.250490 -11593.929532
-16948.432063 -14412.070723 -11593.927871
-16949.260767 -14413.890955 -11593.926210
-16950.089471 -14415.711188 -11593.924549
-16950.918175 -14417.531421 -11593.922887
-16951.746879 -14419.351653 -11593.921226
-16952.575583 -14421.171886 -11593.919565
-16953.404287 -14422.992119 -11593.917904
-16954.232991 -14424.812351 -11593.916242
-16955.061695 -14426.632584 -11593.914581
-16955.890399 -14428.452817 -11593.912920
-16956.719103 -14430.273049 -11593.911259
-16957.547807 -14432.093282 -11593.909597
-16958.376511 -14433.913515 -11593.907936
-16959.205215 -14435.733747 -11593.906275
-16960.033919 -14437.553980 -11593.904614
-16960.862623 -14439.374213 -11593.902952
-16961.691326 -14441.194445 -11593.901291
-16962.520030 -14443.014678 -11593.899630
-16963.348734 -14444.834911 -11593.897969
-16964.177438 -14446.655143 -11593.896307
-16965.006142 -14448.475376 -11593.894646
-16965.834846 -14450.295609 -11593.892985
-16966.663550 -14452.115842 -11593.891324
-16967.492254 -14453.936074 -11593.889662
-16968.320958 -14455.756307 -11593.888001
-16969.149662 -14457.576540 -11593.886340
-16969.978366 -14459.396772 -11593.884679
-16970.807070 -14461.217005 -11593.883017
-16971.635774 -14463.037238 -11593.881356
-16972.464478 -14464.857470 -11593.879695
-16973.293182 -14466.677703 -11593.878034
-16974.121886 -14468.497936 -11593.876372
-16974.950590 -14470.318168 -11593.874711
-16975.779294 -14472.138401 -11593.873050
-16976.607998 -14473.958634 -11593.871389
-16977.436702 -14475.778866 -11593.869728
-16978.265406 -14477.599099 -11593.868066
-16979.094109 -14479.419332 -11593.866405
-16979.922813 -14481.239564 -11593.864744
-16980.751517 -14483.059797 -11593.863083
-16981.580221 -14484.880030 -11593.861421
-16982.408925 -14486.700262 -11593.859760
-16983.237629 -14488.520495 -11593.858099
-16984.066333 -14490.340728 -11593.856438
-16984.895037 -14492.160960 -11593.854776
-16985.723741 -14493.981193 -11593.853115
-16986.552445 -14495.801426 -11593.851454
-16987.381149 -14497.621658 -11593.849793
-16988.209853 -14499.441891 -11593.848131
-16989.038557 -14501.262124 -11593.846470
-16989.867261 -14503.082356 -11593.844809
-16990.695965 -14504.902589 -11593.843148
-16991.524669 -14506.722822 -11593.841486
-16992.353373 -14508.543055 -11593.839825
-16993.182077 -14510.363287 -11593.838164
-16994.010781 -14512.183520 -11593.836503
-16994.839485 -14514.003753 -11593.834841
-16995.668189 -14515.823985 -11593.833180
-16996.496892 -14517.644218 -11593.831519
-16997.325596 -14519.464451 -11593.829858
-16998.154300 -14521.284683 -11593.828196
-16998.983004 -14523.104916 -11593.826535
-16999.811708 -14524.925149 -11593.824874
-17000.640412 -14526.745381 -11593.823213
-17001.469116 -14528.565614 -11593.821551
-17002.297820 -14530.385847 -11593.819890
-17003.126524 -14532.206079 -11593.818229
-17003.955228 -14534.026312 -11593.816568
-17004.783932 -14535.846545 -11593.814906
-17005.612636 -14537.666777 -11593.813245
-17006.441340 -14539.487010 -11593.811584
-17007.270044 -14541.307243 -11593.809923
-17008.098748 -14543.127475 -11593.808261
-17008.927452 -14544.947708 -11593.806600
-17009.756156 -14546.767941 -11593.804939
-17010.584860 -14548.588173 -11593.803278
-17011.413564 -14550.408406 -11593.801616
-17012.242268 -14552.228639 -11593.799955
-17013.070972 -14554.048871 -11593.798294
-17013.899675 -14555.869104 -11593.796633
-17014.728379 -14557.689337 -11593.794971
-17015.557083 -14559.509569 -11593.793310
-17016.385787 -14561.329802 -11593.791649
-17017.214491 -14563.150035 -11593.789988
-17018.043195 -14564.970267 -11593.788327
-17018.871899 -14566.790500 -11593.786665
-17019.700603 -14568.610733 -11593.785004
-17020.529307 -14570.430966 -11593.783343
-17021.358011 -14572.251198 -11593.781682
-17022.186715 -14574.071431 -11593.780020
-17023.015419 -14575.891664 -11593.778359
-17023.844123 -14577.711896 -11593.776698
-17024.672827 -14579.532129 -11593.775037
-17025.501531 -14581.352362 -11593.773375
-17026.330235 -14583.172594 -11593.771714
-17027.158939 -14584.992827 -11593.770053
-17027.987643 -14586.813060 -11593.768392
-17028.816347 -14588.633292 -11593.766730
-17029.645051 -14590.453525 -11593.765069
-17030.473755 -14592.273758 -11593.763408
-17031.302458 -14594.093990 -11593.761747
-17032.131162 -14595.914223 -11593.760085
-17032.959866 -14597.734456 -11593.758424
-17033.788570 -14599.554688 -11593.756763
-17034.617274 -14601.374921 -11593.755102
-17035.445978 -14603.195154 -11593.753440
-17036.274682 -14605.015386 -11593.751779
-17037.103386 -14606.835619 -11593.750118
-17037.932090 -14608.655852 -11593.748457
-17038.760794 -14610.476084 -11593.746795
-17039.589498 -14612.296317 -11593.745134
-17040.418202 -14614.116550 -11593.743473
-17041.246906 -14615.936782 -11593.741812
-17042.075610 -14617.757015 -11593.740150
-17042.904314 -14619.577248 -11593.738489
-17043.733018 -14621.397480 -11593.736828
-17044.561722 -14623.217713 -11593.735167
-17045.390426 -14625.037946 -11593.733505
-17046.219130 -14626.858179 -11593.731844
-17047.047834 -14628.678411 -11593.730183
-17047.876538 -14630.498644 -11593.728522
-17048.705241 -14632.318877 -11593.726860
-17049.533945 -14634.139109 -11593.725199
-17050.362649 -14635.959342 -11593.723538
-17051.191353 -14637.779575 -11593.721877
-17052.020057 -14639.599807 -11593.720215
-17052.848761 -14641.420040 -11593.718554
-17053.677465 -14643.240273 -11593.716893
-17054.506169 -14645.060505 -11593.715232
-17055.334873 -14646.880738 -11593.713570
-17056.163577 -14648.700971 -11593.711909
-17056.992281 -14650.521203 -11593.710248
-17057.820985 -14652.341436 -11593.708587
-17058.649689 -14654.161669 -11593.706925
-17059.478393 -14655.981901 -11593.705264
-17060.307097 -14657.802134 -11593.703603
-17061.135801 -14659.622367 -11593.701942
-17061.964505 -14661.442599 -11593.700281
-17062.793209 -14663.262832 -11593.698619
-17063.621913 -14665.083065 -11593.696958
-17064.450617 -14666.903297 -11593.695297
-17065.279321 -14668.723530 -11593.693636
-17066.108024 -14670.543763 -11593.691974
-17066.936728 -14672.363995 -11593.690313
-17067.765432 -14674.184228 -11593.688652
-17068.594136 -14676.004461 -11593.686991
-17069.422840 -14677.824693 -11593.685329
-17070.251544 -14679.644926 -11593.683668
-17071.080248 -14681.465159 -11593.682007
-17071.908952 -14683.285392 -11593.680346
-17072.737656 -14685.105624 -11593.678684
-17073.566360 -14686.925857 -11593.677023
-17074.395064 -14688.746090 -11593.675362
-17075.223768 -14690.566322 -11593.673701
-17076.052472 -14692.386555 -11593.672039
-17076.881176 -14694.206788 -11593.670378
-17077.709880 -14696.027020 -11593.668717
-17078.538584 -14697.847253 -11593.667056
-17079.367288 -14699.667486 -11593.665394
-17080.195992 -14701.487718 -11593.663733
-17081.024696 -14703.307951 -11593.662072
-17081.853400 -14705.128184 -11593.660411
-17082.682104 -14706.948416 -11593.658749
-17083.510807 -14708.768649 -11593.657088
-17084.339511 -14710.588882 -11593.655427
-17085.168215 -14712.409114 -11593.653766
-17085.996919 -14714.229347 -11593.652104
-17086.825623 -14716.049580 -11593.650443
-17087.654327 -14717.869812 -11593.648782
-17088.483031 -14719.690045 -11593.647121
-17089.311735 -14721.510278 -11593.645459
-17090.140439 -14723.330510 -11593.643798
-17090.969143 -14725.150743 -11593.642137
-17091.797847 -14726.970976 -11593.640476
-17092.626551 -14728.791208 -11593.638814
-17093.455255 -14730.611441 -11593.637153
-17094.283959 -14732.431674 -11593.635492
-17095.112663 -14734.251906 -11593.633831
-17095.941367 -14736.072139 -11593.632169
-17096.770071 -14737.892372 -11593.630508
-17097.598775 -14739.712605 -11593.628847
-17098.427479 -14741.532837 -11593.627186
-17099.256183 -14743.353070 -11593.625524
-17100.084887 -14745.173303 -11593.623863
-17100.913590 -14746.993535 -11593.622202
-17101.742294 -14748.813768 -11593.620541
-17102.570998 -14750.634001 -11593.618880
-17103.399702 -14752.454233 -11593.617218
-17104.228406 -14754.274466 -11593.615557
-17105.057110 -14756.094699 -11593.613896
-17105.885814 -14757.914931 -11593.612235
-17106.714518 -14759.735164 -11593.610573
-17107.543222 -14761.555397 -11593.608912
-17108.371926 -14763.375629 -11593.607251
-17109.200630 -14765.195862 -11593.605590
-17110.029334 -14767.016095 -11593.603928
-17110.858038 -14768.836327 -11593.602267
-17111.686742 -14770.656560 -11593.600606
-17112.515446 -14772.476793 -11593.598945
-17113.344150 -14774.297025 -11593.597283
-17114.172854 -14776.117258 -11593.595622
-17115.001558 -14777.937491 -11593.593961
-17115.830262 -14779.757723 -11593.592300
-17116.658966 -14781.577956 -11593.590638
-17117.487670 -14783.398189 -11593.588977
-17118.316373 -14785.218421 -11593.587316
-17119.145077 -14787.038654 -11593.585655
-17119.973781 -14788.858887 -11593.583993
-17120.802485 -14790.679119 -11593.582332
-17121.631189 -14792.499352 -11593.580671
-17122.459893 -14794.319585 -11593.579010
-17123.288597 -14796.139818 -11593.577348
-17124.117301 -14797.960050 -11593.575687
-17124.946005 -14799.780283 -11593.574026
-17125.774709 -14801.600516 -11593.572365
-17126.603413 -14803.420748 -11593.570703
-17127.432117 -14805.240981 -11593.569042
-17128.260821 -14807.061214 -11593.567381
-17129.089525 -14808.881446 -11593.565720
-17129.918229 -14810.701679 -11593.564058
-17130.746933 -14812.521912 -11593.562397
-17131.575637 -14814.342144 -11593.560736
-17132.404341 -14816.162377 -11593.559075
-17133.233045 -14817.982610 -11593.557413
-17134.061749 -14819.802842 -11593.555752
-17134.890452 -14821.623075 -11593.554091
-17135.719156 -14823.443308 -11593.552430
-17136.547860 -14825.263540 -11593.550768
-17137.376564 -14827.083773 -11593.549107
-17138.205268 -14828.904006 -11593.547446
-17139.033972 -14830.724238 -11593.545785
-17139.862676 -14832.544471 -11593.544123
-17140.691380 -14834.364704 -11593.542462
-17141.520084 -14836.184936 -11593.540801
-17142.348788 -14838.005169 -11593.539140
-17143.177492 -14839.825402 -11593.537478
-17144.006196 -14841.645634 -11593.535817
-17144.834900 -14843.465867 -11593.534156
-17145.663604 -14845.286100 -11593.532495
-17146.492308 -14847.106332 -11593.530834
-17147.321012 -14848.926565 -11593.529172
-17148.149716 -14850.746798 -11593.527511
-17148.978420 -14852.567031 -11593.525850
-17149.807124 -14854.387263 -11593.524189
-17150.635828 -14856.207496 -11593.522527
-17151.464532 -14858.027729 -11593.520866
-17152.293235 -14859.847961 -11593.519205
-17153.121939 -14861.668194 -11593.517544
-17153.950643 -14863.488427 -11593.515882
-17154.779347 -14865.308659 -11593.514221
-17155.608051 -14867.128892 -11593.512560
-17156.436755 -14868.949125 -11593.510899
-17157.265459 -14870.769357 -11593.509237
-17158.094163 -14872.589590 -11593.507576
-17158.922867 -14874.409823 -11593.505915
-17159.751571 -14876.230055 -11593.504254
-17160.580275 -14878.050288 -11593.502592
-17161.408979 -14879.870521 -11593.500931
-17162.237683 -14881.690753 -11593.499270
-17163.066387 -14883.510986 -11593.497609
-17163.895091 -14885.331219 -11593.495947
-17164.723795 -14887.151451 -11593.494286
-17165.552499 -14888.971684 -11593.492625
-17166.381203 -14890.791917 -11593.490964
-17167.209907 -14892.612149 -11593.489302
-17168.038611 -14894.432382 -11593.487641
-17168.867315 -14896.252615 -11593.485980
-17169.696018 -14898.072847 -11593.484319
-17170.524722 -14899.893080 -11593.482657
-17171.353426 -14901.713313 -11593.480996
-17172.182130 -14903.533545 -11593.479335
-17173.010834 -14905.353778 -11593.477674
-17173.839538 -14907.174011 -11593.476012
-17174.668242 -14908.994244 -11593.474351
-17175.496946 -14910.814476 -11593.472690
-17176.325650 -14912.634709 -11593.471029
-17177.154354 -14914.454942 -11593.469367
-17177.983058 -14916.275174 -11593.467706
-17178.811762 -14918.095407 -11593.466045
-17179.640466 -14919.915640 -11593.464384
-17180.469170 -14921.735872 -11593.462722
-17181.297874 -14923.556105 -11593.461061
-17182.126578 -14925.376338 -11593.459400
-17182.955282 -14927.196570 -11593.457739
-17183.783986 -14929.016803 -11593.456077
-17184.612690 -14930.837036 -11593.454416
-17185.441394 -14932.657268 -11593.452755
-17186.270098 -14934.477501 -11593.451094
-17187.098801 -14936.297734 -11593.449433
-17187.927505 -14938.117966 -11593.447771
-17188.756209 -14939.938199 -11593.446110
-17189.584913 -14941.758432 -11593.444449
-17190.413617 -14943.578664 -11593.442788
-17191.242321 -14945.398897 -11593.441126
-17192.071025 -14947.219130 -11593.439465
-17192.899729 -14949.039362 -11593.437804
-17193.728433 -14950.859595 -11593.436143
-17194.557137 -14952.679828 -11593.434481
-17195.385841 -14954.500060 -11593.432820
-17196.214545 -14956.320293 -11593.431159
-17197.043249 -14958.140526 -11593.429498
-17197.871953 -14959.960758 -11593.427836
-17198.700657 -14961.780991 -11593.426175
-17199.529361 -14963.601224 -11593.424514
-17200.358065 -14965.421457 -11593.422853
-17201.186769 -14967.241689 -11593.421191
-17202.015473 -14969.061922 -11593.419530
-17202.844177 -14970.882155 -11593.417869
-17203.672881 -14972.702387 -11593.416208
-17204.501584 -14974.522620 -11593.414546
-17205.330288 -14976.342853 -11593.412885
-17206.158992 -14978.163085 -11593.411224
-17206.987696 -14979.983318 -11593.409563
-17207.816400 -14981.803551 -11593.407901
-17208.645104 -14983.623783 -11593.406240
-17209.473808 -14985.444016 -11593.404579
-17210.302512 -14987.264249 -11593.402918
-17211.131216 -14989.084481 -11593.401256
-17211.959920 -14990.904714 -11593.399595
-17212.788624 -14992.724947 -11593.397934
-17213.617328 -14994.545179 -11593.396273
-17214.446032 -14996.365412 -11593.394611
-17215.274736 -14998.185645 -11593.392950
-17216.103440 -15000.005877 -11593.391289
-17216.932144 -15001.826110 -11593.389628
-17217.760848 -15003.646343 -11593.387966
-17218.589552 -15005.466575 -11593.386305
-17219.418256 -15007.286808 -11593.384644
-17220.246960 -15009.107041 -11593.382983
-17221.075664 -15010.927273 -11593.381321
-17221.904367 -15012.747506 -11593.379660
-17222.733071 -15014.567739 -11593.377999
-17223.561775 -15016.387971 -11593.376338
-17224.390479 -15018.208204 -11593.374676
-17225.219183 -15020.028437 -11593.373015
-17226.047887 -15021.848670 -11593.371354
-17226.876591 -15023.668902 -11593.369693
-17227.705295 -15025.489135 -11593.368031
-17228.533999 -15027.309368 -11593.366370
-17229.362703 -15029.129600 -11593.364709
-17230.191407 -15030.949833 -11593.363048
-17231.020111 -15032.770066 -11593.361387
-17231.848815 -15034.590298 -11593.359725
-17232.677519 -15036.410531 -11593.358064
-17233.506223 -15038.230764 -11593.356403
-17234.334927 -15040.050996 -11593.354742
-17235.163631 -15041.871229 -11593.353080
-17235.992335 -15043.691462 -11593.351419
-17236.821039 -15045.511694 -11593.349758
-17237.649743 -15047.331927 -11593.348097
-17238.478447 -15049.152160 -11593.346435
-17239.307150 -15050.972392 -11593.344774
-17240.135854 -15052.792625 -11593.343113
-17240.964558 -15054.612858 -11593.341452
-17241.793262 -15056.433090 -11593.339790
-17242.621966 -15058.253323 -11593.338129
-17243.450670 -15060.073556 -11593.336468
-17244.279374 -15061.893788 -11593.334807
-17245.108078 -15063.714021 -11593.333145
-17245.936782 -15065.534254 -11593.331484
-17246.765486 -15067.354486 -11593.329823
-17247.594190 -15069.174719 -11593.328162
-17248.422894 -15070.994952 -11593.326500
-17249.251598 -15072.815184 -11593.324839
-17250.080302 -15074.635417 -11593.323178
-17250.909006 -15076.455650 -11593.321517
-17251.737710 -15078.275883 -11593.319855
-17252.566414 -15080.096115 -11593.318194
-17253.395118 -15081.916348 -11593.316533
-17254.223822 -15083.736581 -11593.314872
-17255.052526 -15085.556813 -11593.313210
-17255.881230 -15087.377046 -11593.311549
-17256.709933 -15089.197279 -11593.309888
-17257.538637 -15091.017511 -11593.308227
-17258.367341 -15092.837744 -11593.306565
-17259.196045 -15094.657977 -11593.304904
-17260.024749 -15096.478209 -11593.303243
-17260.853453 -15098.298442 -11593.301582
-17261.682157 -15100.118675 -11593.299920
-17262.510861 -15101.938907 -11593.298259
-17263.339565 -15103.759140 -11593.296598
-17264.168269 -15105.579373 -11593.294937
-17264.996973 -15107.399605 -11593.293275
-17265.825677 -15109.219838 -11593.291614
-17266.654381 -15111.040071 -11593.289953
-17267.483085 -15112.860303 -11593.288292
-17268.311789 -15114.680536 -11593.286630
-17269.140493 -15116.500769 -11593.284969
-17269.969197 -15118.321001 -11593.283308
-17270.797901 -15120.141234 -11593.281647
-17271.626605 -15121.961467 -11593.279986
-17272.455309 -15123.781699 -11593.278324
-17273.284013 -15125.601932 -11593.276663
-17274.112716 -15127.422165 -11593.275002
-17274.941420 -15129.242397 -11593.273341
-17275.770124 -15131.062630 -11593.271679
-17276.598828 -15132.882863 -11593.270018
-17277.427532 -15134.703096 -11593.268357
-17278.256236 -15136.523328 -11593.266696
-17279.084940 -15138.343561 -11593.265034
-17279.913644 -15140.163794 -11593.263373
-17280.742348 -15141.984026 -11593.261712
-17281.571052 -15143.804259 -11593.260051
-17282.399756 -15145.624492 -11593.258389
-17283.228460 -15147.444724 -11593.256728
-17284.057164 -15149.264957 -11593.255067
-17284.885868 -15151.085190 -11593.253406
-17285.714572 -15152.905422 -11593.251744
-17286.543276 -15154.725655 -11593.250083
-17287.371980 -15156.545888 -11593.248422
-17288.200684 -15158.366120 -11593.246761
-17289.029388 -15160.186353 -11593.245099
-17289.858092 -15162.006586 -11593.243438
-17290.686796 -15163.826818 -11593.241777
-17291.515499 -15165.647051 -11593.240116
-17292.344203 -15167.467284 -11593.238454
-17293.172907 -15169.287516 -11593.236793
-17294.001611 -15171.107749 -11593.235132
-17294.830315 -15172.927982 -11593.233471
-17295.659019 -15174.748214 -11593.231809
-17296.487723 -15176.568447 -11593.230148
-17297.316427 -15178.388680 -11593.228487
-17298.145131 -15180.208912 -11593.226826
-17298.973835 -15182.029145 -11593.225164
-17299.802539 -15183.849378 -11593.223503
-17300.631243 -15185.669610 -11593.221842
-17301.459947 -15187.489843 -11593.220181
-17302.288651 -15189.310076 -11593.218519
-17303.117355 -15191.130308 -11593.216858
-17303.946059 -15192.950541 -11593.215197
-17304.774763 -15194.770774 -11593.213536
-17305.603467 -15196.591007 -11593.211874
-17306.432171 -15198.411239 -11593.210213
-17307.260875 -15200.231472 -11593.208552
-17308.089579 -15202.051705 -11593.206891
-17308.918282 -15203.871937 -11593.205229
-17309.746986 -15205.692170 -11593.203568
-17310.575690 -15207.512403 -11593.201907
-17311.404394 -15209.332635 -11593.200246
-17312.233098 -15211.152868 -11593.198585
-17313.061802 -15212.973101 -11593.196923
-17313.890506 -15214.793333 -11593.195262
-17314.719210 -15216.613566 -11593.193601
-17315.547914 -15218.433799 -11593.191940
-17316.376618 -15220.254031 -11593.190278
-17317.205322 -15222.074264 -11593.188617
-17318.034026 -15223.894497 -11593.186956
-17318.862730 -15225.714729 -11593.185295
-17319.691434 -15227.534962 -11593.183633
-17320.520138 -15229.355195 -11593.181972
-17321.348842 -15231.175427 -11593.180311
-17322.177546 -15232.995660 -11593.178650
-17323.006250 -15234.815893 -11593.176988
-17323.834954 -15236.636125 -11593.175327
-17324.663658 -15238.456358 -11593.173666
-17325.492362 -15240.276591 -11593.172005
-17326.321065 -15242.096823 -11593.170343
-17327.149769 -15243.917056 -11593.168682
-17327.978473 -15245.737289 -11593.167021
-17328.807177 -15247.557521 -11593.165360
-17329.635881 -15249.377754 -11593.163698
-17330.464585 -15251.197987 -11593.162037
-17331.293289 -15253.018220 -11593.160376
-17332.121993 -15254.838452 -11593.158715
-17332.950697 -15256.658685 -11593.157053
-17333.779401 -15258.478918 -11593.155392
-17334.608105 -15260.299150 -11593.153731
-17335.436809 -15262.119383 -11593.152070
-17336.265513 -15263.939616 -11593.150408
-17337.094217 -15265.759848 -11593.148747
-17337.922921 -15267.580081 -11593.147086
-17338.751625 -15269.400314 -11593.145425
-17339.580329 -15271.220546 -11593.143763
-17340.409033 -15273.040779 -11593.142102
-17341.237737 -15274.861012 -11593.140441
-17342.066441 -15276.681244 -11593.138780
-17342.895145 -15278.501477 -11593.137118
-17343.723848 -15280.321710 -11593.135457
-17344.552552 -15282.141942 -11593.133796
-17345.381256 -15283.962175 -11593.132135
-17346.209960 -15285.782408 -11593.130473
-17347.038664 -15287.602640 -11593.128812
-17347.867368 -15289.422873 -11593.127151
-17348.696072 -15291.243106 -11593.125490
-17349.524776 -15293.063338 -11593.123828
-17350.353480 -15294.883571 -11593.122167
-17351.182184 -15296.703804 -11593.120506
-17352.010888 -15298.524036 -11593.118845
-17352.839592 -15300.344269 -11593.117183
-17353.668296 -15302.164502 -11593.115522
-17354.497000 -15303.984734 -11593.113861
-17355.325704 -15305.804967 -11593.112200
-17356.154408 -15307.625200 -11593.110539
-17356.983112 -15309.445433 -11593.108877
-17357.811816 -15311.265665 -11593.107216
-17358.640520 -15313.085898 -11593.105555
-17359.469224 -15314.906131 -11593.103894
-17360.297928 -15316.726363 -11593.102232
-17361.126631 -15318.546596 -11593.100571
-17361.955335 -15320.366829 -11593.098910
-17362.784039 -15322.187061 -11593.097249
-17363.612743 -15324.007294 -11593.095587
-17364.441447 -15325.827527 -11593.093926
-17365.270151 -15327.647759 -11593.092265
-17366.098855 -15329.467992 -11593.090604
-17366.927559 -15331.288225 -11593.088942
-17367.756263 -15333.108457 -11593.087281
-17368.584967 -15334.928690 -11593.085620
-17369.413671 -15336.748923 -11593.083959
-17370.242375 -15338.569155 -11593.082297
-17371.071079 -15340.389388 -11593.080636
-17371.899783 -15342.209621 -11593.078975
-17372.728487 -15344.029853 -11593.077314
-17373.557191 -15345.850086 -11593.075652
-17374.385895 -15347.670319 -11593.073991
-17375.214599 -15349.490551 -11593.072330
-17376.043303 -15351.310784 -11593.070669
-17376.872007 -15353.131017 -11593.069007
-17377.700711 -15354.951249 -11593.067346
-17378.529414 -15356.771482 -11593.065685
-17379.358118 -15358.591715 -11593.064024
-17380.186822 -15360.411947 -11593.062362
-17381.015526 -15362.232180 -11593.060701
-17381.844230 -15364.052413 -11593.059040
-17382.672934 -15365.872646 -11593.057379
-17383.501638 -15367.692878 -11593.055717
-17384.330342 -15369.513111 -11593.054056
-17385.159046 -15371.333344 -11593.052395
-17385.987750 -15373.153576 -11593.050734
-17386.816454 -15374.973809 -11593.049072
-17387.645158 -15376.794042 -11593.047411
-17388.473862 -15378.614274 -11593.045750
-17389.302566 -15380.434507 -11593.044089
-17390.131270 -15382.254740 -11593.042427
-17390.959974 -15384.074972 -11593.040766
-17391.788678 -15385.895205 -11593.039105
-17392.617382 -15387.715438 -11593.037444
-17393.446086 -15389.535670 -11593.035782
-17394.274790 -15391.355903 -11593.034121
-17395.103494 -15393.176136 -11593.032460
-17395.932197 -15394.996368 -11593.030799
-17396.760901 -15396.816601 -11593.029138
-17397.589605 -15398.636834 -11593.027476
-17398.418309 -15400.457066 -11593.025815
-17399.247013 -15402.277299 -11593.024154
-17400.075717 -15404.097532 -11593.022493
-17400.904421 -15405.917764 -11593.020831
-17401.733125 -15407.737997 -11593.019170
-17402.561829 -15409.558230 -11593.017509
-17403.390533 -15411.378462 -11593.015848
-17404.219237 -15413.198695 -11593.014186
-17405.047941 -15415.018928 -11593.012525
-17405.876645 -15416.839160 -11593.010864
-17406.705349 -15418.659393 -11593.009203
-17407.534053 -15420.479626 -11593.007541
-17408.362757 -15422.299859 -11593.005880
-17409.191461 -15424.120091 -11593.004219
-17410.020165 -15425.940324 -11593.002558
-17410.848869 -15427.760557 -11593.000896
-17411.677573 -15429.580789 -11592.999235
-17412.506277 -15431.401022 -11592.997574
-17413.334980 -15433.221255 -11592.995913
-17414.163684 -15435.041487 -11592.994251
-17414.992388 -15436.861720 -11592.992590
-17415.821092 -15438.681953 -11592.990929
-17416.649796 -15440.502185 -11592.989268
-17417.478500 -15442.322418 -11592.987606
-17418.307204 -15444.142651 -11592.985945
-17419.135908 -15445.962883 -11592.984284
-17419.964612 -15447.783116 -11592.982623
-17420.793316 -15449.603349 -11592.980961
-17421.622020 -15451.423581 -11592.979300
-17422.450724 -15453.243814 -11592.977639
-17423.279428 -15455.064047 -11592.975978
-17424.108132 -15456.884279 -11592.974316
-17424.936836 -15458.704512 -11592.972655
-17425.765540 -15460.524745 -11592.970994
-17426.594244 -15462.344977 -11592.969333
-17427.422948 -15464.165210 -11592.967671
-17428.251652 -15465.985443 -11592.966010
-17429.080356 -15467.805675 -11592.964349
-17429.909060 -15469.625908 -11592.962688
-17430.737763 -15471.446141 -11592.961026
-17431.566467 -15473.266373 -11592.959365
-17432.395171 -15475.086606 -11592.957704
-17433.223875 -15476.906839 -11592.956043
-17434.052579 -15478.727072 -11592.954381
-17434.881283 -15480.547304 -11592.952720
-17435.709987 -15482.367537 -11592.951059
-17436.538691 -15484.187770 -11592.949398
-17437.367395 -15486.008002 -11592.947736
-17438.196099 -15487.828235 -11592.946075
-17439.024803 -15489.648468 -11592.944414
-17439.853507 -15491.468700 -11592.942753
-17440.682211 -15493.288933 -11592.941092
-17441.510915 -15495.109166 -11592.939430
-17442.339619 -15496.929398 -11592.937769
-17443.168323 -15498.749631 -11592.936108
-17443.997027 -15500.569864 -11592.934447
-17444.825731 -15502.390096 -11592.932785
-17445.654435 -15504.210329 -11592.931124
-17446.483139 -15506.030562 -11592.929463
-17447.311843 -15507.850794 -11592.927802
-17448.140546 -15509.671027 -11592.926140
-17448.969250 -15511.491260 -11592.924479
-17449.797954 -15513.311492 -11592.922818
-17450.626658 -15515.131725 -11592.921157
-17451.455362 -15516.951958 -11592.919495
-17452.284066 -15518.772190 -11592.917834
-17453.112770 -15520.592423 -11592.916173
-17453.941474 -15522.412656 -11592.914512
-17454.770178 -15524.232888 -11592.912850
-17455.598882 -15526.053121 -11592.911189
-17456.427586 -15527.873354 -11592.909528
-17457.256290 -15529.693586 -11592.907867
-17458.084994 -15531.513819 -11592.906205
-17458.913698 -15533.334052 -11592.904544
-17459.742402 -15535.154285 -11592.902883
-17460.571106 -15536.974517 -11592.901222
-17461.399810 -15538.794750 -11592.899560
-17462.228514 -15540.614983 -11592.897899
-17463.057218 -15542.435215 -11592.896238
-17463.885922 -15544.255448 -11592.894577
-17464.714626 -15546.075681 -11592.892915
-17465.543329 -15547.895913 -11592.891254
-17466.372033 -15549.716146 -11592.889593
-17467.200737 -15551.536379 -11592.887932
-17468.029441 -15553.356611 -11592.886270
-17468.858145 -15555.176844 -11592.884609
-17469.686849 -15556.997077 -11592.882948
-17470.515553 -15558.817309 -11592.881287
-17471.344257 -15560.637542 -11592.879625
-17472.172961 -15562.457775 -11592.877964
-17473.001665 -15564.278007 -11592.876303
-17473.830369 -15566.098240 -11592.874642
-17474.659073 -15567.918473 -11592.872980
-17475.487777 -15569.738705 -11592.871319
-17476.316481 -15571.558938 -11592.869658
-17477.145185 -15573.379171 -11592.867997
-17477.973889 -15575.199403 -11592.866335
-17478.802593 -15577.019636 -11592.864674
-17479.631297 -15578.839869 -11592.863013
-17480.460001 -15580.660101 -11592.861352
-17481.288705 -15582.480334 -11592.859691
-17482.117409 -15584.300567 -11592.858029
-17482.946112 -15586.120799 -11592.856368
-17483.774816 -15587.941032 -11592.854707
-17484.603520 -15589.761265 -11592.853046
-17485.432224 -15591.581498 -11592.851384
-17486.260928 -15593.401730 -11592.849723
-17487.089632 -15595.221963 -11592.848062
-17487.918336 -15597.042196 -11592.846401
-17488.747040 -15598.862428 -11592.844739
-17489.575744 -15600.682661 -11592.843078
-17490.404448 -15602.502894 -11592.841417
-17491.233152 -15604.323126 -11592.839756
-17492.061856 -15606.143359 -11592.838094
-17492.890560 -15607.963592 -11592.836433
-17493.719264 -15609.783824 -11592.834772
-17494.547968 -15611.604057 -11592.833111
-17495.376672 -15613.424290 -11592.831449
-17496.205376 -15615.244522 -11592.829788
-17497.034080 -15617.064755 -11592.828127
-17497.862784 -15618.884988 -11592.826466
-17498.691488 -15620.705220 -11592.824804
-17499.520192 -15622.525453 -11592.823143
-17500.348895 -15624.345686 -11592.821482
-17501.177599 -15626.165918 -11592.819821
-17502.006303 -15627.986151 -11592.818159
-17502.835007 -15629.806384 -11592.816498
-17503.663711 -15631.626616 -11592.814837
-17504.492415 -15633.446849 -11592.813176
-17505.321119 -15635.267082 -11592.811514
-17506.149823 -15637.087314 -11592.809853
-17506.978527 -15638.907547 -11592.808192
-17507.807231 -15640.727780 -11592.806531
-17508.635935 -15642.548012 -11592.804869
-17509.464639 -15644.368245 -11592.803208
-17510.293343 -15646.188478 -11592.801547
-17511.122047 -15648.008711 -11592.799886
-17511.950751 -15649.828943 -11592.798224
-17512.779455 -15651.649176 -11592.796563
-17513.608159 -15653.469409 -11592.794902
-17514.436863 -15655.289641 -11592.793241
-17515.265567 -15657.109874 -11592.791579
-17516.094271 -15658.930107 -11592.789918
-17516.922975 -15660.750339 -11592.788257
-17517.751678 -15662.570572 -11592.786596
-17518.580382 -15664.390805 -11592.784934
-17519.409086 -15666.211037 -11592.783273
-17520.237790 -15668.031270 -11592.781612
-17521.066494 -15669.851503 -11592.779951
-17521.895198 -15671.671735 -11592.778289
-17522.723902 -15673.491968 -11592.776628
-17523.552606 -15675.312201 -11592.774967
-17524.381310 -15677.132433 -11592.773306
-17525.210014 -15678.952666 -11592.771645
-17526.038718 -15680.772899 -11592.769983
-17526.867422 -15682.593131 -11592.768322
-17527.696126 -15684.413364 -11592.766661
-17528.524830 -15686.233597 -11592.765000
-17529.353534 -15688.053829 -11592.763338
-17530.182238 -15689.874062 -11592.761677
-17531.010942 -15691.694295 -11592.760016
-17531.839646 -15693.514527 -11592.758355
-17532.668350 -15695.334760 -11592.756693
-17533.497054 -15697.154993 -11592.755032
-17534.325758 -15698.975225 -11592.753371
-17535.154461 -15700.795458 -11592.751710
-17535.983165 -15702.615691 -11592.750048
-17536.811869 -15704.435924 -11592.748387
-17537.640573 -15706.256156 -11592.746726
-17538.469277 -15708.076389 -11592.745065
-17539.297981 -15709.896622 -11592.743403
-17540.126685 -15711.716854 -11592.741742
-17540.955389 -15713.537087 -11592.740081
-17541.784093 -15715.357320 -11592.738420
-17542.612797 -15717.177552 -11592.736758
-17543.441501 -15718.997785 -11592.735097
-17544.270205 -15720.818018 -11592.733436
-17545.098909 -15722.638250 -11592.731775
-17545.927613 -15724.458483 -11592.730113
-17546.756317 -15726.278716 -11592.728452
-17547.585021 -15728.098948 -11592.726791
-17548.413725 -15729.919181 -11592.725130
-17549.242429 -15731.739414 -11592.723468
-17550.071133 -15733.559646 -11592.721807
-17550.899837 -15735.379879 -11592.720146
-17551.728541 -15737.200112 -11592.718485
-17552.557244 -15739.020344 -11592.716823
-17553.385948 -15740.840577 -11592.715162
-17554.214652 -15742.660810 -11592.713501
-17555.043356 -15744.481042 -11592.711840
-17555.872060 -15746.301275 -11592.710178
-17556.700764 -15748.121508 -11592.708517
-17557.529468 -15749.941740 -11592.706856
-17558.358172 -15751.761973 -11592.705195
-17559.186876 -15753.582206 -11592.703533
-17560.015580 -15755.402438 -11592.701872
-17560.844284 -15757.222671 -11592.700211
-17561.672988 -15759.042904 -11592.698550
-17562.501692 -15760.863137 -11592.696888
-17563.330396 -15762.683369 -11592.695227
-17564.159100 -15764.503602 -11592.693566
-17564.987804 -15766.323835 -11592.691905
-17565.816508 -15768.144067 -11592.690244
-17566.645212 -15769.964300 -11592.688582
-17567.473916 -15771.784533 -11592.686921
-17568.302620 -15773.604765 -11592.685260
-17569.131324 -15775.424998 -11592.683599
-17569.960027 -15777.245231 -11592.681937
-17570.788731 -15779.065463 -11592.680276
-17571.617435 -15780.885696 -11592.678615
-17572.446139 -15782.705929 -11592.676954
-17573.274843 -15784.526161 -11592.675292
-17574.103547 -15786.346394 -11592.673631
-17574.932251 -15788.166627 -11592.671970
-17575.760955 -15789.986859 -11592.670309
-17576.589659 -15791.807092 -11592.668647
-17577.418363 -15793.627325 -11592.666986
-17578.247067 -15795.447557 -11592.665325
-17579.075771 -15797.267790 -11592.663664
-17579.904475 -15799.088023 -11592.662002
-17580.733179 -15800.908255 -11592.660341
-17581.561883 -15802.728488 -11592.658680
-17582.390587 -15804.548721 -11592.657019
-17583.219291 -15806.368953 -11592.655357
-17584.047995 -15808.189186 -11592.653696
-17584.876699 -15810.009419 -11592.652035
-17585.705403 -15811.829651 -11592.650374
-17586.534107 -15813.649884 -11592.648712
-17587.362810 -15815.470117 -11592.647051
-17588.191514 -15817.290349 -11592.645390
-17589.020218 -15819.110582 -11592.643729
-17589.848922 -15820.930815 -11592.642067
-17590.677626 -15822.751048 -11592.640406
-17591.506330 -15824.571280 -11592.638745
-17592.335034 -15826.391513 -11592.637084
-17593.163738 -15828.211746 -11592.635422
-17593.992442 -15830.031978 -11592.633761
-17594.821146 -15831.852211 -11592.632100
-17595.649850 -15833.672444 -11592.630439
-17596.478554 -15835.492676 -11592.628777
-17597.307258 -15837.312909 -11592.627116
-17598.135962 -15839.133142 -11592.625455
-17598.964666 -15840.953374 -11592.623794
-17599.793370 -15842.773607 -11592.622132
-17600.622074 -15844.593840 -11592.620471
-17601.450778 -15846.414072 -11592.618810
-17602.279482 -15848.234305 -11592.617149
-17603.108186 -15850.054538 -11592.615487
-17603.936890 -15851.874770 -11592.613826
-17604.765593 -15853.695003 -11592.612165
-17605.594297 -15855.515236 -11592.610504
-17606.423001 -15857.335468 -11592.608842
-17607.251705 -15859.155701 -11592.607181
-17608.080409 -15860.975934 -11592.605520
-17608.909113 -15862.796166 -11592.603859
-17609.737817 -15864.616399 -11592.602198
-17610.566521 -15866.436632 -11592.600536
-17611.395225 -15868.256864 -11592.598875
-17612.223929 -15870.077097 -11592.597214
-17613.052633 -15871.897330 -11592.595553
-17613.881337 -15873.717562 -11592.593891
-17614.710041 -15875.537795 -11592.592230
-17615.538745 -15877.358028 -11592.590569
-17616.367449 -15879.178261 -11592.588908
-17617.196153 -15880.998493 -11592.587246
-17618.024857 -15882.818726 -11592.585585
-17618.853561 -15884.638959 -11592.583924
-17619.682265 -15886.459191 -11592.582263
-17620.510969 -15888.279424 -11592.580601
-17621.339673 -15890.099657 -11592.578940
-17622.168376 -15891.919889 -11592.577279
-17622.997080 -15893.740122 -11592.575618
-17623.825784 -15895.560355 -11592.573956
-17624.654488 -15897.380587 -11592.572295
-17625.483192 -15899.200820 -11592.570634
-17626.311896 -15901.021053 -11592.568973
-17627.140600 -15902.841285 -11592.567311
-17627.969304 -15904.661518 -11592.565650
-17628.798008 -15906.481751 -11592.563989
-17629.626712 -15908.301983 -11592.562328
-17630.455416 -15910.122216 -11592.560666
-17631.284120 -15911.942449 -11592.559005
-17632.112824 -15913.762681 -11592.557344
-17632.941528 -15915.582914 -11592.555683
-17633.770232 -15917.403147 -11592.554021
-17634.598936 -15919.223379 -11592.552360
-17635.427640 -15921.043612 -11592.550699
-17636.256344 -15922.863845 -11592.549038
-17637.085048 -15924.684077 -11592.547376
-17637.913752 -15926.504310 -11592.545715
-17638.742456 -15928.324543 -11592.544054
-17639.571159 -15930.144775 -11592.542393
-17640.399863 -15931.965008 -11592.540731
-17641.228567 -15933.785241 -11592.539070
-17642.057271 -15935.605474 -11592.537409
-17642.885975 -15937.425706 -11592.535748
-17643.714679 -15939.245939 -11592.534086
-17644.543383 -15941.066172 -11592.532425
-17645.372087 -15942.886404 -11592.530764
-17646.200791 -15944.706637 -11592.529103
-17647.029495 -15946.526870 -11592.527441
-17647.858199 -15948.347102 -11592.525780
-17648.686903 -15950.167335 -11592.524119
-17649.515607 -15951.987568 -11592.522458
-17650.344311 -15953.807800 -11592.520797
-17651.173015 -15955.628033 -11592.519135
-17652.001719 -15957.448266 -11592.517474
-17652.830423 -15959.268498 -11592.515813
-17653.659127 -15961.088731 -11592.514152
-17654.487831 -15962.908964 -11592.512490
-17655.316535 -15964.729196 -11592.510829
-17656.145239 -15966.549429 -11592.509168
-17656.973942 -15968.369662 -11592.507507
-17657.802646 -15970.189894 -11592.505845
-17658.631350 -15972.010127 -11592.504184
-17659.460054 -15973.830360 -11592.502523
-17660.288758 -15975.650592 -11592.500862
-17661.117462 -15977.470825 -11592.499200
-17661.946166 -15979.291058 -11592.497539
-17662.774870 -15981.111290 -11592.495878
-17663.603574 -15982.931523 -11592.494217
-17664.432278 -15984.751756 -11592.492555
-17665.260982 -15986.571988 -11592.490894
-17666.089686 -15988.392221 -11592.489233
-17666.918390 -15990.212454 -11592.487572
-17667.747094 -15992.032687 -11592.485910
-17668.575798 -15993.852919 -11592.484249
-17669.404502 -15995.673152 -11592.482588
-17670.233206 -15997.493385 -11592.480927
-17671.061910 -15999.313617 -11592.479265
-17671.890614 -16001.133850 -11592.477604
-17672.719318 -16002.954083 -11592.475943
-17673.548022 -16004.774315 -11592.474282
-17674.376725 -16006.594548 -11592.472620
-17675.205429 -16008.414781 -11592.470959
-17676.034133 -16010.235013 -11592.469298
-17676.862837 -16012.055246 -11592.467637
-17677.691541 -16013.875479 -11592.465975
-17678.520245 -16015.695711 -11592.464314
-17679.348949 -16017.515944 -11592.462653
-17680.177653 -16019.336177 -11592.460992
-17681.006357 -16021.156409 -11592.459330
-17681.835061 -16022.976642 -11592.457669
-17682.663765 -16024.796875 -11592.456008
-17683.492469 -16026.617107 -11592.454347
-17684.321173 -16028.437340 -11592.452685
-17685.149877 -16030.257573 -11592.451024
-17685.978581 -16032.077805 -11592.449363
-17686.807285 -16033.898038 -11592.447702
-17687.635989 -16035.718271 -11592.446040
-17688.464693 -16037.538503 -11592.444379
-17689.293397 -16039.358736 -11592.442718
-17690.122101 -16041.178969 -11592.441057
-17690.950805 -16042.999201 -11592.439396
-17691.779508 -16044.819434 -11592.437734
-17692.608212 -16046.639667 -11592.436073
-17693.436916 -16048.459900 -11592.434412
-17694.265620 -16050.280132 -11592.432751
-17695.094324 -16052.100365 -11592.431089
-17695.923028 -16053.920598 -11592.429428
-17696.751732 -16055.740830 -11592.427767
-17697.580436 -16057.561063 -11592.426106
-17698.409140 -16059.381296 -11592.424444
-17699.237844 -16061.201528 -11592.422783
-17700.066548 -16063.021761 -11592.421122
-17700.895252 -16064.841994 -11592.419461
-17701.723956 -16066.662226 -11592.417799
-17702.552660 -16068.482459 -11592.416138
-17703.381364 -16070.302692 -11592.414477
-17704.210068 -16072.122924 -11592.412816
-17705.038772 -16073.943157 -11592.411154
-17705.867476 -16075.763390 -11592.409493
-17706.696180 -16077.583622 -11592.407832
-17707.524884 -16079.403855 -11592.406171
-17708.353588 -16081.224088 -11592.404509
-17709.182291 -16083.044320 -11592.402848
-17710.010995 -16084.864553 -11592.401187
-17710.839699 -16086.684786 -11592.399526
-17711.668403 -16088.505018 -11592.397864
-17712.497107 -16090.325251 -11592.396203
-17713.325811 -16092.145484 -11592.394542
-17714.154515 -16093.965716 -11592.392881
-17714.983219 -16095.785949 -11592.391219
-17715.811923 -16097.606182 -11592.389558
-17716.640627 -16099.426414 -11592.387897
-17717.469331 -16101.246647 -11592.386236
-17718.298035 -16103.066880 -11592.384574
-17719.126739 -16104.887113 -11592.382913
-17719.955443 -16106.707345 -11592.381252
-17720.784147 -16108.527578 -11592.379591
-17721.612851 -16110.347811 -11592.377929
-17722.441555 -16112.168043 -11592.376268
-17723.270259 -16113.988276 -11592.374607
-17724.098963 -16115.808509 -11592.372946
-17724.927667 -16117.628741 -11592.371284
-17725.756371 -16119.448974 -11592.369623
-17726.585074 -16121.269207 -11592.367962
-17727.413778 -16123.089439 -11592.366301
-17728.242482 -16124.909672 -11592.364639
-17729.071186 -16126.729905 -11592.362978
-17729.899890 -16128.550137 -11592.361317
-17730.728594 -16130.370370 -11592.359656
-17731.557298 -16132.190603 -11592.357994
-17732.386002 -16134.010835 -11592.356333
-17733.214706 -16135.831068 -11592.354672
-17734.043410 -16137.651301 -11592.353011
-17734.872114 -16139.471533 -11592.351350
-17735.700818 -16141.291766 -11592.349688
-17736.529522 -16143.111999 -11592.348027
-17737.358226 -16144.932231 -11592.346366
-17738.186930 -16146.752464 -11592.344705
-17739.015634 -16148.572697 -11592.343043
-17739.844338 -16150.392929 -11592.341382
-17740.673042 -16152.213162 -11592.339721
-17741.501746 -16154.033395 -11592.338060
-17742.330450 -16155.853627 -11592.336398
-17743.159154 -16157.673860 -11592.334737
-17743.987857 -16159.494093 -11592.333076
-17744.816561 -16161.314326 -11592.331415
-17745.645265 -16163.134558 -11592.329753
-17746.473969 -16164.954791 -11592.328092
-17747.302673 -16166.775024 -11592.326431
-17748.131377 -16168.595256 -11592.324770
-17748.960081 -16170.415489 -11592.323108
-17749.788785 -16172.235722 -11592.321447
-17750.617489 -16174.055954 -11592.319786
-17751.446193 -16175.876187 -11592.318125
-17752.274897 -16177.696420 -11592.316463
-17753.103601 -16179.516652 -11592.314802
-17753.932305 -16181.336885 -11592.313141
-17754.761009 -16183.157118 -11592.311480
-17755.589713 -16184.977350 -11592.309818
-17756.418417 -16186.797583 -11592.308157
-17757.247121 -16188.617816 -11592.306496
-17758.075825 -16190.438048 -11592.304835
-17758.904529 -16192.258281 -11592.303173
-17759.733233 -16194.078514 -11592.301512
-17760.561937 -16195.898746 -11592.299851
-17761.390640 -16197.718979 -11592.298190
-17762.219344 -16199.539212 -11592.296528
-17763.048048 -16201.359444 -11592.294867
-17763.876752 -16203.179677 -11592.293206
-17764.705456 -16204.999910 -11592.291545
-17765.534160 -16206.820142 -11592.289883
-17766.362864 -16208.640375 -11592.288222
-17767.191568 -16210.460608 -11592.286561
-17768.020272 -16212.280840 -11592.284900
-17768.848976 -16214.101073 -11592.283238
-17769.677680 -16215.921306 -11592.281577
-17770.506384 -16217.741539 -11592.279916
-17771.335088 -16219.561771 -11592.278255
-17772.163792 -16221.382004 -11592.276593
-17772.992496 -16223.202237 -11592.274932
-17773.821200 -16225.022469 -11592.273271
-17774.649904 -16226.842702 -11592.271610
-17775.478608 -16228.662935 -11592.269949
-17776.307312 -16230.483167 -11592.268287
-17777.136016 -16232.303400 -11592.266626
-17777.964720 -16234.123633 -11592.264965
-17778.793423 -16235.943865 -11592.263304
-17779.622127 -16237.764098 -11592.261642
-17780.450831 -16239.584331 -11592.259981
-17781.279535 -16241.404563 -11592.258320
-17782.108239 -16243.224796 -11592.256659
-17782.936943 -16245.045029 -11592.254997
-17783.765647 -16246.865261 -11592.253336
-17784.594351 -16248.685494 -11592.251675
-17785.423055 -16250.505727 -11592.250014
-17786.251759 -16252.325959 -11592.248352
-17787.080463 -16254.146192 -11592.246691
-17787.909167 -16255.966425 -11592.245030
-17788.737871 -16257.786657 -11592.243369
-17789.566575 -16259.606890 -11592.241707
-17790.395279 -16261.427123 -11592.240046
-17791.223983 -16263.247355 -11592.238385
-17792.052687 -16265.067588 -11592.236724
-17792.881391 -16266.887821 -11592.235062
-17793.710095 -16268.708053 -11592.233401
-17794.538799 -16270.528286 -11592.231740
-17795.367503 -16272.348519 -11592.230079
-17796.196206 -16274.168752 -11592.228417
-17797.024910 -16275.988984 -11592.226756
-17797.853614 -16277.809217 -11592.225095
-17798.682318 -16279.629450 -11592.223434
-17799.511022 -16281.449682 -11592.221772
-17800.339726 -16283.269915 -11592.220111
-17801.168430 -16285.090148 -11592.218450
-17801.997134 -16286.910380 -11592.216789
-17802.825838 -16288.730613 -11592.215127
-17803.654542 -16290.550846 -11592.213466
-17804.483246 -16292.371078 -11592.211805
-17805.311950 -16294.191311 -11592.210144
-17806.140654 -16296.011544 -11592.208482
-17806.969358 -16297.831776 -11592.206821
-17807.798062 -16299.652009 -11592.205160
-17808.626766 -16301.472242 -11592.203499
-17809.455470 -16303.292474 -11592.201837
-17810.284174 -16305.112707 -11592.200176
-17811.112878 -16306.932940 -11592.198515
-17811.941582 -16308.753172 -11592.196854
-17812.770286 -16310.573405 -11592.195192
-17813.598989 -16312.393638 -11592.193531
-17814.427693 -16314.213870 -11592.191870
-17815.256397 -16316.034103 -11592.190209
-17816.085101 -16317.854336 -11592.188547
-17816.913805 -16319.674568 -11592.186886
-17817.742509 -16321.494801 -11592.185225
-17818.571213 -16323.315034 -11592.183564
-17819.399917 -16325.135266 -11592.181903
-17820.228621 -16326.955499 -11592.180241
-17821.057325 -16328.775732 -11592.178580
-17821.886029 -16330.595965 -11592.176919
-17822.714733 -16332.416197 -11592.175258
-17823.543437 -16334.236430 -11592.173596
-17824.372141 -16336.056663 -11592.171935
-17825.200845 -16337.876895 -11592.170274
-17826.029549 -16339.697128 -11592.168613
-17826.858253 -16341.517361 -11592.166951
-17827.686957 -16343.337593 -11592.165290
-17828.515661 -16345.157826 -11592.163629
-17829.344365 -16346.978059 -11592.161968
-17830.173069 -16348.798291 -11592.160306
-17831.001772 -16350.618524 -11592.158645
-17831.830476 -16352.438757 -11592.156984
-17832.659180 -16354.258989 -11592.155323
-17833.487884 -16356.079222 -11592.153661
-17834.316588 -16357.899455 -11592.152000
-17835.145292 -16359.719687 -11592.150339
-17835.973996 -16361.539920 -11592.148678
-17836.802700 -16363.360153 -11592.147016
-17837.631404 -16365.180385 -11592.145355
-17838.460108 -16367.000618 -11592.143694
-17839.288812 -16368.820851 -11592.142033
-17840.117516 -16370.641083 -11592.140371
-17840.946220 -16372.461316 -11592.138710
-17841.774924 -16374.281549 -11592.137049
-17842.603628 -16376.101781 -11592.135388
-17843.432332 -16377.922014 -11592.133726
-17844.261036 -16379.742247 -11592.132065
-17845.089740 -16381.562479 -11592.130404
-17845.918444 -16383.382712 -11592.128743
-17846.747148 -16385.202945 -11592.127081
-17847.575852 -16387.023177 -11592.125420
-17848.404555 -16388.843410 -11592.123759
-17849.233259 -16390.663643 -11592.122098
-17850.061963 -16392.483876 -11592.120436
-17850.890667 -16394.304108 -11592.118775
-17851.719371 -16396.124341 -11592.117114
-17852.548075 -16397.944574 -11592.115453
-17853.376779 -16399.764806 -11592.113791
-17854.205483 -16401.585039 -11592.112130
-17855.034187 -16403.405272 -11592.110469
-17855.862891 -16405.225504 -11592.108808
-17856.691595 -16407.045737 -11592.107146
-17857.520299 -16408.865970 -11592.105485
-17858.349003 -16410.686202 -11592.103824
-17859.177707 -16412.506435 -11592.102163
-17860.006411 -16414.326668 -11592.100502
-17860.835115 -16416.146900 -11592.098840
-17861.663819 -16417.967133 -11592.097179
-17862.492523 -16419.787366 -11592.095518
-17863.321227 -16421.607598 -11592.093857
-17864.149931 -16423.427831 -11592.092195
-17864.978635 -16425.248064 -11592.090534
-17865.807338 -16427.068296 -11592.088873
-17866.636042 -16428.888529 -11592.087212
-17867.464746 -16430.708762 -11592.085550
-17868.293450 -16432.528994 -11592.083889
-17869.122154 -16434.349227 -11592.082228
-17869.950858 -16436.169460 -11592.080567
-17870.779562 -16437.989692 -11592.078905
-17871.608266 -16439.809925 -11592.077244
-17872.436970 -16441.630158 -11592.075583
-17873.265674 -16443.450390 -11592.073922
-17874.094378 -16445.270623 -11592.072260
-17874.923082 -16447.090856 -11592.070599
-17875.751786 -16448.911089 -11592.068938
-17876.580490 -16450.731321 -11592.067277
-17877.409194 -16452.551554 -11592.065615
-17878.237898 -16454.371787 -11592.063954
-17879.066602 -16456.192019 -11592.062293
-17879.895306 -16458.012252 -11592.060632
-17880.724010 -16459.832485 -11592.058970
-17881.552714 -16461.652717 -11592.057309
-17882.381418 -16463.472950 -11592.055648
-17883.210121 -16465.293183 -11592.053987
-17884.038825 -16467.113415 -11592.052325
-17884.867529 -16468.933648 -11592.050664
-17885.696233 -16470.753881 -11592.049003
-17886.524937 -16472.574113 -11592.047342
-17887.353641 -16474.394346 -11592.045680
-17888.182345 -16476.214579 -11592.044019
-17889.011049 -16478.034811 -11592.042358
-17889.839753 -16479.855044 -11592.040697
-17890.668457 -16481.675277 -11592.039035
-17891.497161 -16483.495509 -11592.037374
-17892.325865 -16485.315742 -11592.035713
-17893.154569 -16487.135975 -11592.034052
-17893.983273 -16488.956207 -11592.032390
-17894.811977 -16490.776440 -11592.030729
-17895.640681 -16492.596673 -11592.029068
-17896.469385 -16494.416905 -11592.027407
-17897.298089 -16496.237138 -11592.025745
-17898.126793 -16498.057371 -11592.024084
-17898.955497 -16499.877603 -11592.022423
-17899.784201 -16501.697836 -11592.020762
-17900.612904 -16503.518069 -11592.019100
-17901.441608 -16505.338302 -11592.017439
-17902.270312 -16507.158534 -11592.015778
-17903.099016 -16508.978767 -11592.014117
-17903.927720 -16510.799000 -11592.012456
-17904.756424 -16512.619232 -11592.010794
-17905.585128 -16514.439465 -11592.009133
-17906.413832 -16516.259698 -11592.007472
-17907.242536 -16518.079930 -11592.005811
-17908.071240 -16519.900163 -11592.004149
-17908.899944 -16521.720396 -11592.002488
