1588.000000 -612.000000 -119.821000
1589.999505 -611.957044 -119.809424
1591.999010 -611.914087 -119.797847
1593.998515 -611.871131 -119.786271
1595.998020 -611.828174 -119.774694
1597.997526 -611.785218 -119.763118
1599.997031 -611.742261 -119.751542
1601.996536 -611.699305 -119.739965
1603.996041 -611.656348 -119.728389
1605.995546 -611.613392 -119.716813
1607.995051 -611.570435 -119.705236
1609.994556 -611.527479 -119.693660
1611.994061 -611.484522 -119.682083
1613.993567 -611.441566 -119.670507
1615.993072 -611.398609 -119.658931
1617.992577 -611.355653 -119.647354
1619.992082 -611.312696 -119.635778
1621.991587 -611.269740 -119.624201
1623.991092 -611.226783 -119.612625
1625.990597 -611.183827 -119.601049
1627.990102 -611.140870 -119.589472
1629.989608 -611.097914 -119.577896
1631.989113 -611.054957 -119.566319
1633.988618 -611.012001 -119.554743
1635.988123 -610.969044 -119.543167
1637.987628 -610.926088 -119.531590
1639.987133 -610.883131 -119.520014
1641.986638 -610.840175 -119.508438
1643.986143 -610.797218 -119.496861
1645.985649 -610.754262 -119.485285
1647.985154 -610.711305 -119.473708
1649.984659 -610.668349 -119.462132
1651.984164 -610.625393 -119.450556
1653.983669 -610.582436 -119.438979
1655.983174 -610.539480 -119.427403
1657.982679 -610.496523 -119.415826
1659.982184 -610.453567 -119.404250
1661.981689 -610.410610 -119.392674
1663.981195 -610.367654 -119.381097
1665.980700 -610.324697 -119.369521
1667.980205 -610.281741 -119.357945
1669.979710 -610.238784 -119.346368
1671.979215 -610.195828 -119.334792
1673.978720 -610.152871 -119.323215
1675.978225 -610.109915 -119.311639
1677.977730 -610.066958 -119.300063
1679.977236 -610.024002 -119.288486
1681.976741 -609.981045 -119.276910
1683.976246 -609.938089 -119.265333
1685.975751 -609.895132 -119.253757
1687.975256 -609.852176 -119.242181
1689.974761 -609.809219 -119.230604
1691.974266 -609.766263 -119.219028
1693.973771 -609.723306 -119.207452
1695.973277 -609.680350 -119.195875
1697.972782 -609.637393 -119.184299
1699.972287 -609.594437 -119.172722
1701.971792 -609.551480 -119.161146
1703.971297 -609.508524 -119.149570
1705.970802 -609.465567 -119.137993
1707.970307 -609.422611 -119.126417
1709.969812 -609.379654 -119.114840
1711.969317 -609.336698 -119.103264
1713.968823 -609.293741 -119.091688
1715.968328 -609.250785 -119.080111
1718.290513 -609.200896 -119.066667
1720.225807 -608.696278 -119.066667
1722.161100 -608.191660 -119.066667
1724.096393 -607.687042 -119.066667
1726.031687 -607.182424 -119.066667
1727.966980 -606.677806 -119.066667
1729.902274 -606.173188 -119.066667
1731.837567 -605.668570 -119.066667
1733.772861 -605.163952 -119.066667
1735.708154 -604.659334 -119.066667
1737.643447 -604.154716 -119.066667
1739.578741 -603.650098 -119.066667
1741.514034 -603.145480 -119.066667
1743.449328 -602.640861 -119.066667
1745.384621 -602.136243 -119.066667
1747.319915 -601.631625 -119.066667
1749.255208 -601.127007 -119.066667
1751.190501 -600.622389 -119.066667
1753.125795 -600.117771 -119.066667
1755.061088 -599.613153 -119.066667
1756.996382 -599.108535 -119.066667
1758.931675 -598.603917 -119.066667
1760.866968 -598.099299 -119.066667
1762.802262 -597.594681 -119.066667
1764.737555 -597.090063 -119.066667
1766.672849 -596.585445 -119.066667
1768.608142 -596.080827 -119.066667
1770.543436 -595.576209 -119.066667
1772.478729 -595.071591 -119.066667
1774.414022 -594.566973 -119.066667
1776.349316 -594.062355 -119.066667
1778.284609 -593.557737 -119.066667
1780.219903 -593.053118 -119.066667
1782.155196 -592.548500 -119.066667
1784.090489 -592.043882 -119.066667
1786.025783 -591.539264 -119.066667
1787.961076 -591.034646 -119.066667
1789.896370 -590.530028 -119.066667
1791.831663 -590.025410 -119.066667
1793.766957 -589.520792 -119.066667
1795.702250 -589.016174 -119.066667
1797.637543 -588.511556 -119.066667
1799.572837 -588.006938 -119.066667
1801.508130 -587.502320 -119.066667
1803.443424 -586.997702 -119.066667
1805.378717 -586.493084 -119.066667
1807.314011 -585.988466 -119.066667
1809.249304 -585.483848 -119.066667
1811.184597 -584.979230 -119.066667
1813.119891 -584.474612 -119.066667
1815.055184 -583.969993 -119.066667
1816.990478 -583.465375 -119.066667
1818.925771 -582.960757 -119.066667
1820.861064 -582.456139 -119.066667
1822.796358 -581.951521 -119.066667
1824.731651 -581.446903 -119.066667
1826.666945 -580.942285 -119.066667
1828.602238 -580.437667 -119.066667
1830.537532 -579.933049 -119.066667
1832.472825 -579.428431 -119.066667
1834.408118 -578.923813 -119.066667
1836.343412 -578.419195 -119.066667
1838.278705 -577.914577 -119.066667
1840.213999 -577.409959 -119.066667
1842.149292 -576.905341 -119.066667
1844.084585 -576.400723 -119.066667
1846.019879 -575.896105 -119.066667
1847.955172 -575.391487 -119.066667
1849.890466 -574.886868 -119.066667
1851.825759 -574.382250 -119.066667
1853.761053 -573.877632 -119.066667
1855.696346 -573.373014 -119.066667
1857.631639 -572.868396 -119.066667
1859.566933 -572.363778 -119.066667
1861.502226 -571.859160 -119.066667
1863.437520 -571.354542 -119.066667
1865.372813 -570.849924 -119.066667
1867.308107 -570.345306 -119.066667
1869.243400 -569.840688 -119.066667
1871.178693 -569.336070 -119.066667
1873.113987 -568.831452 -119.066667
1875.049280 -568.326834 -119.066667
1876.984574 -567.822216 -119.066667
1878.919867 -567.317598 -119.066667
1880.855160 -566.812980 -119.066667
1882.810691 -566.303085 -119.066667
1884.322346 -564.993544 -119.066667
1885.834002 -563.684003 -119.066667
1887.345657 -562.374462 -119.066667
1888.857313 -561.064921 -119.066667
1890.368968 -559.755379 -119.066667
1891.880624 -558.445838 -119.066667
1893.392279 -557.136297 -119.066667
1894.903935 -555.826756 -119.066667
1896.415590 -554.517215 -119.066667
1897.927245 -553.207674 -119.066667
1899.438901 -551.898133 -119.066667
1900.950556 -550.588592 -119.066667
1902.462212 -549.279051 -119.066667
1903.973867 -547.969510 -119.066667
1905.485523 -546.659969 -119.066667
1906.997178 -545.350428 -119.066667
1908.508834 -544.040887 -119.066667
1910.020489 -542.731346 -119.066667
1911.532144 -541.421804 -119.066667
1913.043800 -540.112263 -119.066667
1914.555455 -538.802722 -119.066667
1916.067111 -537.493181 -119.066667
1917.578766 -536.183640 -119.066667
1919.090422 -534.874099 -119.066667
1920.602077 -533.564558 -119.066667
1922.113733 -532.255017 -119.066667
1923.625388 -530.945476 -119.066667
1925.137043 -529.635935 -119.066667
1926.648699 -528.326394 -119.066667
1928.160354 -527.016853 -119.066667
1929.672010 -525.707312 -119.066667
1931.183665 -524.397771 -119.066667
1932.695321 -523.088229 -119.066667
1934.206976 -521.778688 -119.066667
1935.718632 -520.469147 -119.066667
1937.230287 -519.159606 -119.066667
1938.741942 -517.850065 -119.066667
1940.253598 -516.540524 -119.066667
1941.765253 -515.230983 -119.066667
1943.276909 -513.921442 -119.066667
1944.788564 -512.611901 -119.066667
1946.300220 -511.302360 -119.066667
1947.811875 -509.992819 -119.066667
1949.323531 -508.683278 -119.066667
1950.835186 -507.373737 -119.066667
1952.346841 -506.064196 -119.066667
1953.858497 -504.754654 -119.066667
1955.370152 -503.445113 -119.066667
1956.881808 -502.135572 -119.066667
1958.393463 -500.826031 -119.066667
1959.905119 -499.516490 -119.066667
1961.416774 -498.206949 -119.066667
1962.928430 -496.897408 -119.066667
1964.440085 -495.587867 -119.066667
1965.951740 -494.278326 -119.066667
1967.463396 -492.968785 -119.066667
1968.975051 -491.659244 -119.066667
1970.486707 -490.349703 -119.066667
1971.998362 -489.040162 -119.066667
1973.510018 -487.730621 -119.066667
1975.021673 -486.421079 -119.066667
1976.533329 -485.111538 -119.066667
1978.044984 -483.801997 -119.066667
1979.556639 -482.492456 -119.066667
1981.068295 -481.182915 -119.066667
1982.579950 -479.873374 -119.066667
1984.091606 -478.563833 -119.066667
1985.603261 -477.254292 -119.066667
1987.114917 -475.944751 -119.066667
1988.626572 -474.635210 -119.066667
1990.138228 -473.325669 -119.066667
1991.649883 -472.016128 -119.066667
1993.161538 -470.706587 -119.066667
1994.673194 -469.397046 -119.066667
1996.184849 -468.087504 -119.066667
1997.696505 -466.777963 -119.066667
1999.208160 -465.468422 -119.066667
2000.719816 -464.158881 -119.066667
2002.231471 -462.849340 -119.066667
2003.743127 -461.539799 -119.066667
2005.254782 -460.230258 -119.066667
2006.766437 -458.920717 -119.066667
2008.278093 -457.611176 -119.066667
2009.789748 -456.301635 -119.066667
2012.000000 -454.386903 -119.066667
2013.097138 -456.059113 -119.067754
2014.194276 -457.731323 -119.068841
2015.291414 -459.403533 -119.069929
2016.388552 -461.075744 -119.071016
2017.485690 -462.747954 -119.072103
2018.582827 -464.420164 -119.073191
2019.679965 -466.092375 -119.074278
2020.777103 -467.764585 -119.075366
2021.874241 -469.436795 -119.076453
2022.971379 -471.109005 -119.077540
2024.068517 -472.781216 -119.078628
2025.165655 -474.453426 -119.079715
2026.262793 -476.125636 -119.080802
2027.359931 -477.797847 -119.081890
2028.457069 -479.470057 -119.082977
2029.554207 -481.142267 -119.084064
2030.651344 -482.814477 -119.085152
2031.748482 -484.486688 -119.086239
2032.845620 -486.158898 -119.087326
2033.942758 -487.831108 -119.088414
2035.039896 -489.503319 -119.089501
2036.137034 -491.175529 -119.090589
2037.234172 -492.847739 -119.091676
2038.331310 -494.519949 -119.092763
2039.428448 -496.192160 -119.093851
2040.525586 -497.864370 -119.094938
2041.622724 -499.536580 -119.096025
2042.719861 -501.208791 -119.097113
2043.816999 -502.881001 -119.098200
2044.914137 -504.553211 -119.099287
2046.011275 -506.225421 -119.100375
2047.108413 -507.897632 -119.101462
2048.205551 -509.569842 -119.102550
2049.302689 -511.242052 -119.103637
2050.399827 -512.914262 -119.104724
2051.496965 -514.586473 -119.105812
2052.594103 -516.258683 -119.106899
2053.691241 -517.930893 -119.107986
2054.788378 -519.603104 -119.109074
2055.885516 -521.275314 -119.110161
2056.982654 -522.947524 -119.111248
2058.079792 -524.619734 -119.112336
2059.176930 -526.291945 -119.113423
2060.274068 -527.964155 -119.114510
2061.371206 -529.636365 -119.115598
2062.468344 -531.308576 -119.116685
2063.565482 -532.980786 -119.117773
2064.662620 -534.652996 -119.118860
2065.759758 -536.325206 -119.119947
2066.856895 -537.997417 -119.121035
2067.954033 -539.669627 -119.122122
2069.051171 -541.341837 -119.123209
2070.148309 -543.014048 -119.124297
2071.245447 -544.686258 -119.125384
2072.342585 -546.358468 -119.126471
2073.439723 -548.030678 -119.127559
2074.536861 -549.702889 -119.128646
2075.633999 -551.375099 -119.129734
2076.731137 -553.047309 -119.130821
2077.828275 -554.719520 -119.131908
2078.925412 -556.391730 -119.132996
2080.022550 -558.063940 -119.134083
2081.119688 -559.736150 -119.135170
2082.216826 -561.408361 -119.136258
2083.313964 -563.080571 -119.137345
2084.411102 -564.752781 -119.138432
2085.508240 -566.424992 -119.139520
2086.605378 -568.097202 -119.140607
2087.702516 -569.769412 -119.141694
2088.799654 -571.441622 -119.142782
2089.896792 -573.113833 -119.143869
2090.993929 -574.786043 -119.144957
2092.091067 -576.458253 -119.146044
2093.188205 -578.130463 -119.147131
2094.285343 -579.802674 -119.148219
2095.382481 -581.474884 -119.149306
2096.479619 -583.147094 -119.150393
2097.576757 -584.819305 -119.151481
2098.673895 -586.491515 -119.152568
2099.771033 -588.163725 -119.153655
2100.868171 -589.835935 -119.154743
2101.965309 -591.508146 -119.155830
2103.062446 -593.180356 -119.156918
2104.159584 -594.852566 -119.158005
2105.256722 -596.524777 -119.159092
2106.353860 -598.196987 -119.160180
2107.450998 -599.869197 -119.161267
2108.548136 -601.541407 -119.162354
2109.645274 -603.213618 -119.163442
2110.742412 -604.885828 -119.164529
2111.839550 -606.558038 -119.165616
2112.936688 -608.230249 -119.166704
2114.033826 -609.902459 -119.167791
2115.130963 -611.574669 -119.168878
2116.228101 -613.246879 -119.169966
2117.325239 -614.919090 -119.171053
2118.422377 -616.591300 -119.172141
2119.519515 -618.263510 -119.173228
2120.616653 -619.935721 -119.174315
2121.713791 -621.607931 -119.175403
2122.810929 -623.280141 -119.176490
2123.908067 -624.952351 -119.177577
2125.005205 -626.624562 -119.178665
2126.102342 -628.296772 -119.179752
2127.199480 -629.968982 -119.180839
2128.296618 -631.641193 -119.181927
2129.393756 -633.313403 -119.183014
2130.490894 -634.985613 -119.184102
2131.588032 -636.657823 -119.185189
2132.685170 -638.330034 -119.186276
2133.782308 -640.002244 -119.187364
2134.879446 -641.674454 -119.188451
2135.976584 -643.346664 -119.189538
2137.073722 -645.018875 -119.190626
2138.170859 -646.691085 -119.191713
2139.267997 -648.363295 -119.192800
2140.365135 -650.035506 -119.193888
2141.462273 -651.707716 -119.194975
2142.559411 -653.379926 -119.196062
2143.656549 -655.052136 -119.197150
2144.753687 -656.724347 -119.198237
2145.850825 -658.396557 -119.199325
2146.947963 -660.068767 -119.200412
2148.045101 -661.740978 -119.201499
2149.142239 -663.413188 -119.202587
2150.239376 -665.085398 -119.203674
2151.336514 -666.757608 -119.204761
2152.433652 -668.429819 -119.205849
2153.530790 -670.102029 -119.206936
2154.627928 -671.774239 -119.208023
2155.725066 -673.446450 -119.209111
2156.822204 -675.118660 -119.210198
2157.919342 -676.790870 -119.211285
2159.016480 -678.463080 -119.212373
2160.113618 -680.135291 -119.213460
2161.210756 -681.807501 -119.214548
2162.307893 -683.479711 -119.215635
2163.405031 -685.151922 -119.216722
2164.502169 -686.824132 -119.217810
2165.599307 -688.496342 -119.218897
2166.696445 -690.168552 -119.219984
2167.793583 -691.840763 -119.221072
2168.890721 -693.512973 -119.222159
2169.987859 -695.185183 -119.223246
2171.084997 -696.857393 -119.224334
2172.182135 -698.529604 -119.225421
2173.279273 -700.201814 -119.226509
2174.376410 -701.874024 -119.227596
2175.473548 -703.546235 -119.228683
2176.570686 -705.218445 -119.229771
2177.667824 -706.890655 -119.230858
2178.764962 -708.562865 -119.231945
2179.862100 -710.235076 -119.233033
2180.959238 -711.907286 -119.234120
2182.056376 -713.579496 -119.235207
2183.153514 -715.251707 -119.236295
2184.250652 -716.923917 -119.237382
2185.347790 -718.596127 -119.238469
2186.444927 -720.268337 -119.239557
2187.542065 -721.940548 -119.240644
2188.639203 -723.612758 -119.241732
2189.736341 -725.284968 -119.242819
2190.833479 -726.957179 -119.243906
2191.930617 -728.629389 -119.244994
2193.027755 -730.301599 -119.246081
2194.124893 -731.973809 -119.247168
2195.222031 -733.646020 -119.248256
2196.319169 -735.318230 -119.249343
2197.416307 -736.990440 -119.250430
2198.513444 -738.662651 -119.251518
2199.610582 -740.334861 -119.252605
2200.707720 -742.007071 -119.253693
2201.804858 -743.679281 -119.254780
2202.901996 -745.351492 -119.255867
2203.999134 -747.023702 -119.256955
2205.096272 -748.695912 -119.258042
2206.193410 -750.368123 -119.259129
2207.290548 -752.040333 -119.260217
2208.387686 -753.712543 -119.261304
2209.484824 -755.384753 -119.262391
2210.581961 -757.056964 -119.263479
2211.679099 -758.729174 -119.264566
2212.776237 -760.401384 -119.265653
2213.873375 -762.073594 -119.266741
2214.970513 -763.745805 -119.267828
2216.067651 -765.418015 -119.268916
2217.164789 -767.090225 -119.270003
2218.261927 -768.762436 -119.271090
2219.359065 -770.434646 -119.272178
2220.456203 -772.106856 -119.273265
2221.553341 -773.779066 -119.274352
2222.650478 -775.451277 -119.275440
2223.747616 -777.123487 -119.276527
2224.844754 -778.795697 -119.277614
2225.941892 -780.467908 -119.278702
2227.039030 -782.140118 -119.279789
2228.136168 -783.812328 -119.280877
2229.233306 -785.484538 -119.281964
2230.330444 -787.156749 -119.283051
2231.427582 -788.828959 -119.284139
2232.524720 -790.501169 -119.285226
2233.621858 -792.173380 -119.286313
2234.718995 -793.845590 -119.287401
2235.816133 -795.517800 -119.288488
2236.913271 -797.190010 -119.289575
2238.010409 -798.862221 -119.290663
2239.107547 -800.534431 -119.291750
2240.204685 -802.206641 -119.292837
2241.301823 -803.878852 -119.293925
2242.398961 -805.551062 -119.295012
2243.496099 -807.223272 -119.296100
2244.593237 -808.895482 -119.297187
2245.690375 -810.567693 -119.298274
2246.787512 -812.239903 -119.299362
2247.884650 -813.912113 -119.300449
2248.981788 -815.584324 -119.301536
2250.078926 -817.256534 -119.302624
2251.176064 -818.928744 -119.303711
2252.273202 -820.600954 -119.304798
2253.370340 -822.273165 -119.305886
2254.467478 -823.945375 -119.306973
2255.564616 -825.617585 -119.308061
2256.661754 -827.289795 -119.309148
2257.758892 -828.962006 -119.310235
2258.856029 -830.634216 -119.311323
2259.953167 -832.306426 -119.312410
2261.050305 -833.978637 -119.313497
2262.147443 -835.650847 -119.314585
2263.244581 -837.323057 -119.315672
2264.341719 -838.995267 -119.316759
2265.438857 -840.667478 -119.317847
2266.535995 -842.339688 -119.318934
2267.633133 -844.011898 -119.320021
2268.730271 -845.684109 -119.321109
2269.827409 -847.356319 -119.322196
2270.924546 -849.028529 -119.323284
2272.021684 -850.700739 -119.324371
2273.118822 -852.372950 -119.325458
2274.215960 -854.045160 -119.326546
2275.313098 -855.717370 -119.327633
2276.410236 -857.389581 -119.328720
2277.507374 -859.061791 -119.329808
2278.604512 -860.734001 -119.330895
2279.701650 -862.406211 -119.331982
2280.798788 -864.078422 -119.333070
2281.895926 -865.750632 -119.334157
2282.993063 -867.422842 -119.335244
2284.090201 -869.095053 -119.336332
2285.187339 -870.767263 -119.337419
2286.284477 -872.439473 -119.338507
2287.381615 -874.111683 -119.339594
2288.478753 -875.783894 -119.340681
2289.575891 -877.456104 -119.341769
2290.673029 -879.128314 -119.342856
2291.770167 -880.800525 -119.343943
2292.867305 -882.472735 -119.345031
2293.964443 -884.144945 -119.346118
2295.061580 -885.817155 -119.347205
2296.158718 -887.489366 -119.348293
2297.255856 -889.161576 -119.349380
2298.352994 -890.833786 -119.350468
2299.450132 -892.505996 -119.351555
2300.547270 -894.178207 -119.352642
2301.644408 -895.850417 -119.353730
2302.741546 -897.522627 -119.354817
2303.838684 -899.194838 -119.355904
2304.935822 -900.867048 -119.356992
2306.032960 -902.539258 -119.358079
2307.130097 -904.211468 -119.359166
2308.227235 -905.883679 -119.360254
2309.324373 -907.555889 -119.361341
2310.421511 -909.228099 -119.362428
2311.518649 -910.900310 -119.363516
2312.615787 -912.572520 -119.364603
2313.712925 -914.244730 -119.365691
2314.810063 -915.916940 -119.366778
2315.907201 -917.589151 -119.367865
2317.004339 -919.261361 -119.368953
2318.101477 -920.933571 -119.370040
2319.198614 -922.605782 -119.371127
2320.295752 -924.277992 -119.372215
2321.392890 -925.950202 -119.373302
2322.490028 -927.622412 -119.374389
2323.587166 -929.294623 -119.375477
2324.684304 -930.966833 -119.376564
2325.781442 -932.639043 -119.377652
2326.878580 -934.311254 -119.378739
2327.975718 -935.983464 -119.379826
2329.072856 -937.655674 -119.380914
2330.169993 -939.327884 -119.382001
2331.267131 -941.000095 -119.383088
2332.364269 -942.672305 -119.384176
2333.461407 -944.344515 -119.385263
2334.558545 -946.016726 -119.386350
2335.655683 -947.688936 -119.387438
2336.752821 -949.361146 -119.388525
2337.849959 -951.033356 -119.389612
2338.947097 -952.705567 -119.390700
2340.044235 -954.377777 -119.391787
2341.141373 -956.049987 -119.392875
2342.238510 -957.722197 -119.393962
2343.335648 -959.394408 -119.395049
2344.432786 -961.066618 -119.396137
2345.529924 -962.738828 -119.397224
2346.627062 -964.411039 -119.398311
2347.724200 -966.083249 -119.399399
2348.821338 -967.755459 -119.400486
2349.918476 -969.427669 -119.401573
2351.015614 -971.099880 -119.402661
2352.112752 -972.772090 -119.403748
2353.209890 -974.444300 -119.404836
2354.307027 -976.116511 -119.405923
2355.404165 -977.788721 -119.407010
2356.501303 -979.460931 -119.408098
2357.598441 -981.133141 -119.409185
2358.695579 -982.805352 -119.410272
2359.792717 -984.477562 -119.411360
2360.889855 -986.149772 -119.412447
2361.986993 -987.821983 -119.413534
2363.084131 -989.494193 -119.414622
2364.181269 -991.166403 -119.415709
2365.278407 -992.838613 -119.416796
2366.375544 -994.510824 -119.417884
2367.472682 -996.183034 -119.418971
2368.569820 -997.855244 -119.420059
2369.666958 -999.527455 -119.421146
2370.764096 -1001.199665 -119.422233
2371.861234 -1002.871875 -119.423321
2372.958372 -1004.544085 -119.424408
2374.055510 -1006.216296 -119.425495
2375.152648 -1007.888506 -119.426583
2376.249786 -1009.560716 -119.427670
2377.346924 -1011.232927 -119.428757
2378.444061 -1012.905137 -119.429845
2379.541199 -1014.577347 -119.430932
2380.638337 -1016.249557 -119.432020
2381.735475 -1017.921768 -119.433107
2382.832613 -1019.593978 -119.434194
2383.929751 -1021.266188 -119.435282
2385.026889 -1022.938398 -119.436369
2386.124027 -1024.610609 -119.437456
2387.221165 -1026.282819 -119.438544
2388.318303 -1027.955029 -119.439631
2389.415441 -1029.627240 -119.440718
2390.512578 -1031.299450 -119.441806
2391.609716 -1032.971660 -119.442893
2392.706854 -1034.643870 -119.443980
2393.803992 -1036.316081 -119.445068
2394.901130 -1037.988291 -119.446155
2395.998268 -1039.660501 -119.447243
2397.095406 -1041.332712 -119.448330
2398.192544 -1043.004922 -119.449417
2399.289682 -1044.677132 -119.450505
2400.386820 -1046.349342 -119.451592
2401.483958 -1048.021553 -119.452679
2402.581095 -1049.693763 -119.453767
2403.678233 -1051.365973 -119.454854
2404.775371 -1053.038184 -119.455941
2405.872509 -1054.710394 -119.457029
2406.969647 -1056.382604 -119.458116
2408.066785 -1058.054814 -119.459203
2409.163923 -1059.727025 -119.460291
2410.261061 -1061.399235 -119.461378
2411.358199 -1063.071445 -119.462466
2412.455337 -1064.743656 -119.463553
2413.552475 -1066.415866 -119.464640
2414.649612 -1068.088076 -119.465728
2415.746750 -1069.760286 -119.466815
2416.843888 -1071.432497 -119.467902
2417.941026 -1073.104707 -119.468990
2419.038164 -1074.776917 -119.470077
2420.135302 -1076.449128 -119.471164
2421.232440 -1078.121338 -119.472252
2422.329578 -1079.793548 -119.473339
2423.426716 -1081.465758 -119.474427
2424.523854 -1083.137969 -119.475514
2425.620992 -1084.810179 -119.476601
2426.718129 -1086.482389 -119.477689
2427.815267 -1088.154599 -119.478776
2428.912405 -1089.826810 -119.479863
2430.009543 -1091.499020 -119.480951
2431.106681 -1093.171230 -119.482038
2432.203819 -1094.843441 -119.483125
2433.300957 -1096.515651 -119.484213
2434.398095 -1098.187861 -119.485300
2435.495233 -1099.860071 -119.486387
2436.592371 -1101.532282 -119.487475
2437.689509 -1103.204492 -119.488562
2438.786646 -1104.876702 -119.489650
2439.883784 -1106.548913 -119.490737
2440.980922 -1108.221123 -119.491824
2442.078060 -1109.893333 -119.492912
2443.175198 -1111.565543 -119.493999
2444.272336 -1113.237754 -119.495086
2445.369474 -1114.909964 -119.496174
2446.466612 -1116.582174 -119.497261
2447.563750 -1118.254385 -119.498348
2448.660888 -1119.926595 -119.499436
2449.758026 -1121.598805 -119.500523
2450.855163 -1123.271015 -119.501611
2451.952301 -1124.943226 -119.502698
2453.049439 -1126.615436 -119.503785
2454.146577 -1128.287646 -119.504873
2455.243715 -1129.959857 -119.505960
2456.340853 -1131.632067 -119.507047
2457.437991 -1133.304277 -119.508135
2458.535129 -1134.976487 -119.509222
2459.632267 -1136.648698 -119.510309
2460.729405 -1138.320908 -119.511397
2461.826543 -1139.993118 -119.512484
2462.923680 -1141.665329 -119.513571
2464.020818 -1143.337539 -119.514659
2465.117956 -1145.009749 -119.515746
2466.215094 -1146.681959 -119.516834
2467.312232 -1148.354170 -119.517921
2468.409370 -1150.026380 -119.519008
2469.506508 -1151.698590 -119.520096
2470.603646 -1153.370800 -119.521183
2471.700784 -1155.043011 -119.522270
2472.797922 -1156.715221 -119.523358
2473.895060 -1158.387431 -119.524445
2474.992197 -1160.059642 -119.525532
2476.089335 -1161.731852 -119.526620
2477.186473 -1163.404062 -119.527707
2478.283611 -1165.076272 -119.528795
2479.380749 -1166.748483 -119.529882
2480.477887 -1168.420693 -119.530969
2481.575025 -1170.092903 -119.532057
2482.672163 -1171.765114 -119.533144
2483.769301 -1173.437324 -119.534231
2484.866439 -1175.109534 -119.535319
2485.963577 -1176.781744 -119.536406
2487.060714 -1178.453955 -119.537493
2488.157852 -1180.126165 -119.538581
2489.254990 -1181.798375 -119.539668
2490.352128 -1183.470586 -119.540755
2491.449266 -1185.142796 -119.541843
2492.546404 -1186.815006 -119.542930
2493.643542 -1188.487216 -119.544018
2494.740680 -1190.159427 -119.545105
2495.837818 -1191.831637 -119.546192
2496.934956 -1193.503847 -119.547280
2498.032094 -1195.176058 -119.548367
2499.129231 -1196.848268 -119.549454
2500.226369 -1198.520478 -119.550542
2501.323507 -1200.192688 -119.551629
2502.420645 -1201.864899 -119.552716
2503.517783 -1203.537109 -119.553804
2504.614921 -1205.209319 -119.554891
2505.712059 -1206.881530 -119.555978
2506.809197 -1208.553740 -119.557066
2507.906335 -1210.225950 -119.558153
2509.003473 -1211.898160 -119.559241
2510.100611 -1213.570371 -119.560328
2511.197748 -1215.242581 -119.561415
2512.294886 -1216.914791 -119.562503
2513.392024 -1218.587001 -119.563590
2514.489162 -1220.259212 -119.564677
2515.586300 -1221.931422 -119.565765
2516.683438 -1223.603632 -119.566852
2517.780576 -1225.275843 -119.567939
2518.877714 -1226.948053 -119.569027
2519.974852 -1228.620263 -119.570114
2521.071990 -1230.292473 -119.571202
2522.169128 -1231.964684 -119.572289
2523.266265 -1233.636894 -119.573376
2524.363403 -1235.309104 -119.574464
2525.460541 -1236.981315 -119.575551
2526.557679 -1238.653525 -119.576638
2527.654817 -1240.325735 -119.577726
2528.751955 -1241.997945 -119.578813
2529.849093 -1243.670156 -119.579900
2530.946231 -1245.342366 -119.580988
2532.043369 -1247.014576 -119.582075
2533.140507 -1248.686787 -119.583162
2534.237644 -1250.358997 -119.584250
2535.334782 -1252.031207 -119.585337
2536.431920 -1253.703417 -119.586425
2537.529058 -1255.375628 -119.587512
2538.626196 -1257.047838 -119.588599
2539.723334 -1258.720048 -119.589687
2540.820472 -1260.392259 -119.590774
2541.917610 -1262.064469 -119.591861
2543.014748 -1263.736679 -119.592949
2544.111886 -1265.408889 -119.594036
2545.209024 -1267.081100 -119.595123
2546.306161 -1268.753310 -119.596211
2547.403299 -1270.425520 -119.597298
2548.500437 -1272.097730 -119.598386
2549.597575 -1273.769941 -119.599473
2550.694713 -1275.442151 -119.600560
2551.791851 -1277.114361 -119.601648
2552.888989 -1278.786572 -119.602735
2553.986127 -1280.458782 -119.603822
2555.083265 -1282.130992 -119.604910
2556.180403 -1283.803202 -119.605997
2557.277541 -1285.475413 -119.607084
2558.374678 -1287.147623 -119.608172
2559.471816 -1288.819833 -119.609259
2560.568954 -1290.492044 -119.610346
2561.666092 -1292.164254 -119.611434
2562.763230 -1293.836464 -119.612521
2563.860368 -1295.508674 -119.613609
2564.957506 -1297.180885 -119.614696
2566.054644 -1298.853095 -119.615783
2567.151782 -1300.525305 -119.616871
2568.248920 -1302.197516 -119.617958
2569.346058 -1303.869726 -119.619045
2570.443195 -1305.541936 -119.620133
2571.540333 -1307.214146 -119.621220
2572.637471 -1308.886357 -119.622307
2573.734609 -1310.558567 -119.623395
2574.831747 -1312.230777 -119.624482
2575.928885 -1313.902988 -119.625570
2577.026023 -1315.575198 -119.626657
2578.123161 -1317.247408 -119.627744
2579.220299 -1318.919618 -119.628832
2580.317437 -1320.591829 -119.629919
2581.414575 -1322.264039 -119.631006
2582.511712 -1323.936249 -119.632094
2583.608850 -1325.608460 -119.633181
2584.705988 -1327.280670 -119.634268
2585.803126 -1328.952880 -119.635356
2586.900264 -1330.625090 -119.636443
2587.997402 -1332.297301 -119.637530
2589.094540 -1333.969511 -119.638618
2590.191678 -1335.641721 -119.639705
2591.288816 -1337.313931 -119.640793
2592.385954 -1338.986142 -119.641880
2593.483092 -1340.658352 -119.642967
2594.580229 -1342.330562 -119.644055
2595.677367 -1344.002773 -119.645142
2596.774505 -1345.674983 -119.646229
2597.871643 -1347.347193 -119.647317
2598.968781 -1349.019403 -119.648404
2600.065919 -1350.691614 -119.649491
2601.163057 -1352.363824 -119.650579
2602.260195 -1354.036034 -119.651666
2603.357333 -1355.708245 -119.652754
2604.454471 -1357.380455 -119.653841
2605.551609 -1359.052665 -119.654928
2606.648746 -1360.724875 -119.656016
2607.745884 -1362.397086 -119.657103
2608.843022 -1364.069296 -119.658190
2609.940160 -1365.741506 -119.659278
2611.037298 -1367.413717 -119.660365
2612.134436 -1369.085927 -119.661452
2613.231574 -1370.758137 -119.662540
2614.328712 -1372.430347 -119.663627
2615.425850 -1374.102558 -119.664714
2616.522988 -1375.774768 -119.665802
2617.620126 -1377.446978 -119.666889
2618.717263 -1379.119189 -119.667977
2619.814401 -1380.791399 -119.669064
2620.911539 -1382.463609 -119.670151
2622.008677 -1384.135819 -119.671239
2623.105815 -1385.808030 -119.672326
2624.202953 -1387.480240 -119.673413
2625.300091 -1389.152450 -119.674501
2626.397229 -1390.824661 -119.675588
2627.494367 -1392.496871 -119.676675
2628.591505 -1394.169081 -119.677763
2629.688643 -1395.841291 -119.678850
2630.785780 -1397.513502 -119.679937
2631.882918 -1399.185712 -119.681025
2632.980056 -1400.857922 -119.682112
2634.077194 -1402.530132 -119.683200
2635.174332 -1404.202343 -119.684287
2636.271470 -1405.874553 -119.685374
2637.368608 -1407.546763 -119.686462
2638.465746 -1409.218974 -119.687549
2639.562884 -1410.891184 -119.688636
2640.660022 -1412.563394 -119.689724
2641.757160 -1414.235604 -119.690811
2642.854297 -1415.907815 -119.691898
2643.951435 -1417.580025 -119.692986
2645.048573 -1419.252235 -119.694073
2646.145711 -1420.924446 -119.695161
2647.242849 -1422.596656 -119.696248
2648.339987 -1424.268866 -119.697335
2649.437125 -1425.941076 -119.698423
2650.534263 -1427.613287 -119.699510
2651.631401 -1429.285497 -119.700597
2652.728539 -1430.957707 -119.701685
2653.825677 -1432.629918 -119.702772
2654.922814 -1434.302128 -119.703859
2656.019952 -1435.974338 -119.704947
2657.117090 -1437.646548 -119.706034
2658.214228 -1439.318759 -119.707121
2659.311366 -1440.990969 -119.708209
2660.408504 -1442.663179 -119.709296
2661.505642 -1444.335390 -119.710384
2662.602780 -1446.007600 -119.711471
2663.699918 -1447.679810 -119.712558
2664.797056 -1449.352020 -119.713646
2665.894194 -1451.024231 -119.714733
2666.991331 -1452.696441 -119.715820
2668.088469 -1454.368651 -119.716908
2669.185607 -1456.040862 -119.717995
2670.282745 -1457.713072 -119.719082
2671.379883 -1459.385282 -119.720170
2672.477021 -1461.057492 -119.721257
2673.574159 -1462.729703 -119.722345
2674.671297 -1464.401913 -119.723432
2675.768435 -1466.074123 -119.724519
2676.865573 -1467.746333 -119.725607
2677.962711 -1469.418544 -119.726694
2679.059848 -1471.090754 -119.727781
2680.156986 -1472.762964 -119.728869
2681.254124 -1474.435175 -119.729956
2682.351262 -1476.107385 -119.731043
2683.448400 -1477.779595 -119.732131
2684.545538 -1479.451805 -119.733218
2685.642676 -1481.124016 -119.734305
2686.739814 -1482.796226 -119.735393
2687.836952 -1484.468436 -119.736480
2688.934090 -1486.140647 -119.737568
2690.031228 -1487.812857 -119.738655
2691.128365 -1489.485067 -119.739742
2692.225503 -1491.157277 -119.740830
2693.322641 -1492.829488 -119.741917
2694.419779 -1494.501698 -119.743004
2695.516917 -1496.173908 -119.744092
2696.614055 -1497.846119 -119.745179
2697.711193 -1499.518329 -119.746266
2698.808331 -1501.190539 -119.747354
2699.905469 -1502.862749 -119.748441
2701.002607 -1504.534960 -119.749529
2702.099745 -1506.207170 -119.750616
2703.196882 -1507.879380 -119.751703
2704.294020 -1509.551591 -119.752791
2705.391158 -1511.223801 -119.753878
2706.488296 -1512.896011 -119.754965
2707.585434 -1514.568221 -119.756053
2708.682572 -1516.240432 -119.757140
2709.779710 -1517.912642 -119.758227
2710.876848 -1519.584852 -119.759315
2711.973986 -1521.257063 -119.760402
2713.071124 -1522.929273 -119.761489
2714.168262 -1524.601483 -119.762577
2715.265399 -1526.273693 -119.763664
2716.362537 -1527.945904 -119.764752
2717.459675 -1529.618114 -119.765839
2718.556813 -1531.290324 -119.766926
2719.653951 -1532.962534 -119.768014
2720.751089 -1534.634745 -119.769101
2721.848227 -1536.306955 -119.770188
2722.945365 -1537.979165 -119.771276
2724.042503 -1539.651376 -119.772363
2725.139641 -1541.323586 -119.773450
2726.236779 -1542.995796 -119.774538
2727.333916 -1544.668006 -119.775625
2728.431054 -1546.340217 -119.776713
2729.528192 -1548.012427 -119.777800
2730.625330 -1549.684637 -119.778887
2731.722468 -1551.356848 -119.779975
2732.819606 -1553.029058 -119.781062
2733.916744 -1554.701268 -119.782149
2735.013882 -1556.373478 -119.783237
2736.111020 -1558.045689 -119.784324
2737.208158 -1559.717899 -119.785411
2738.305296 -1561.390109 -119.786499
2739.402433 -1563.062320 -119.787586
2740.499571 -1564.734530 -119.788673
2741.596709 -1566.406740 -119.789761
2742.693847 -1568.078950 -119.790848
2743.790985 -1569.751161 -119.791936
2744.888123 -1571.423371 -119.793023
2745.985261 -1573.095581 -119.794110
2747.082399 -1574.767792 -119.795198
2748.179537 -1576.440002 -119.796285
2749.276675 -1578.112212 -119.797372
2750.373812 -1579.784422 -119.798460
2751.470950 -1581.456633 -119.799547
2752.568088 -1583.128843 -119.800634
2753.665226 -1584.801053 -119.801722
2754.762364 -1586.473264 -119.802809
2755.859502 -1588.145474 -119.803896
2756.956640 -1589.817684 -119.804984
2758.053778 -1591.489894 -119.806071
2759.150916 -1593.162105 -119.807159
2760.248054 -1594.834315 -119.808246
2761.345192 -1596.506525 -119.809333
2762.442329 -1598.178735 -119.810421
2763.539467 -1599.850946 -119.811508
2764.636605 -1601.523156 -119.812595
2765.733743 -1603.195366 -119.813683
2766.830881 -1604.867577 -119.814770
2767.928019 -1606.539787 -119.815857
2769.025157 -1608.211997 -119.816945
2770.122295 -1609.884207 -119.818032
2771.219433 -1611.556418 -119.819120
2772.316571 -1613.228628 -119.820207
2773.413709 -1614.900838 -119.821294
2774.510846 -1616.573049 -119.822382
2775.607984 -1618.245259 -119.823469
2776.705122 -1619.917469 -119.824556
2777.802260 -1621.589679 -119.825644
2778.899398 -1623.261890 -119.826731
2779.996536 -1624.934100 -119.827818
2781.093674 -1626.606310 -119.828906
2782.190812 -1628.278521 -119.829993
2783.287950 -1629.950731 -119.831080
2784.385088 -1631.622941 -119.832168
2785.482226 -1633.295151 -119.833255
2786.579363 -1634.967362 -119.834343
2787.676501 -1636.639572 -119.835430
2788.773639 -1638.311782 -119.836517
2789.870777 -1639.983993 -119.837605
2790.967915 -1641.656203 -119.838692
2792.065053 -1643.328413 -119.839779
2793.162191 -1645.000623 -119.840867
2794.259329 -1646.672834 -119.841954
2795.356467 -1648.345044 -119.843041
2796.453605 -1650.017254 -119.844129
2797.550743 -1651.689465 -119.845216
2798.647880 -1653.361675 -119.846304
2799.745018 -1655.033885 -119.847391
2800.842156 -1656.706095 -119.848478
2801.939294 -1658.378306 -119.849566
2803.036432 -1660.050516 -119.850653
2804.133570 -1661.722726 -119.851740
2805.230708 -1663.394936 -119.852828
2806.327846 -1665.067147 -119.853915
2807.424984 -1666.739357 -119.855002
2808.522122 -1668.411567 -119.856090
2809.619260 -1670.083778 -119.857177
2810.716397 -1671.755988 -119.858264
2811.813535 -1673.428198 -119.859352
2812.910673 -1675.100408 -119.860439
2814.007811 -1676.772619 -119.861527
2815.104949 -1678.444829 -119.862614
2816.202087 -1680.117039 -119.863701
2817.299225 -1681.789250 -119.864789
2818.396363 -1683.461460 -119.865876
2819.493501 -1685.133670 -119.866963
2820.590639 -1686.805880 -119.868051
2821.687777 -1688.478091 -119.869138
2822.784914 -1690.150301 -119.870225
2823.882052 -1691.822511 -119.871313
2824.979190 -1693.494722 -119.872400
2826.076328 -1695.166932 -119.873488
2827.173466 -1696.839142 -119.874575
2828.270604 -1698.511352 -119.875662
2829.367742 -1700.183563 -119.876750
2830.464880 -1701.855773 -119.877837
2831.562018 -1703.527983 -119.878924
2832.659156 -1705.200194 -119.880012
2833.756294 -1706.872404 -119.881099
2834.853431 -1708.544614 -119.882186
2835.950569 -1710.216824 -119.883274
2837.047707 -1711.889035 -119.884361
2838.144845 -1713.561245 -119.885448
2839.241983 -1715.233455 -119.886536
2840.339121 -1716.905666 -119.887623
2841.436259 -1718.577876 -119.888711
2842.533397 -1720.250086 -119.889798
2843.630535 -1721.922296 -119.890885
2844.727673 -1723.594507 -119.891973
2845.824811 -1725.266717 -119.893060
2846.921948 -1726.938927 -119.894147
2848.019086 -1728.611137 -119.895235
2849.116224 -1730.283348 -119.896322
2850.213362 -1731.955558 -119.897409
2851.310500 -1733.627768 -119.898497
2852.407638 -1735.299979 -119.899584
2853.504776 -1736.972189 -119.900672
2854.601914 -1738.644399 -119.901759
2855.699052 -1740.316609 -119.902846
2856.796190 -1741.988820 -119.903934
2857.893328 -1743.661030 -119.905021
2858.990465 -1745.333240 -119.906108
2860.087603 -1747.005451 -119.907196
2861.184741 -1748.677661 -119.908283
2862.281879 -1750.349871 -119.909370
2863.379017 -1752.022081 -119.910458
2864.476155 -1753.694292 -119.911545
2865.573293 -1755.366502 -119.912632
2866.670431 -1757.038712 -119.913720
2867.767569 -1758.710923 -119.914807
2868.864707 -1760.383133 -119.915895
2869.961845 -1762.055343 -119.916982
2871.058982 -1763.727553 -119.918069
2872.156120 -1765.399764 -119.919157
2873.253258 -1767.071974 -119.920244
2874.350396 -1768.744184 -119.921331
2875.447534 -1770.416395 -119.922419
2876.544672 -1772.088605 -119.923506
2877.641810 -1773.760815 -119.924593
2878.738948 -1775.433025 -119.925681
2879.836086 -1777.105236 -119.926768
2880.933224 -1778.777446 -119.927855
2882.030362 -1780.449656 -119.928943
2883.127499 -1782.121866 -119.930030
2884.224637 -1783.794077 -119.931118
2885.321775 -1785.466287 -119.932205
2886.418913 -1787.138497 -119.933292
2887.516051 -1788.810708 -119.934380
2888.613189 -1790.482918 -119.935467
2889.710327 -1792.155128 -119.936554
2890.807465 -1793.827338 -119.937642
2891.904603 -1795.499549 -119.938729
2893.001741 -1797.171759 -119.939816
2894.098879 -1798.843969 -119.940904
2895.196016 -1800.516180 -119.941991
2896.293154 -1802.188390 -119.943079
2897.390292 -1803.860600 -119.944166
2898.487430 -1805.532810 -119.945253
2899.584568 -1807.205021 -119.946341
2900.681706 -1808.877231 -119.947428
2901.778844 -1810.549441 -119.948515
2902.875982 -1812.221652 -119.949603
2903.973120 -1813.893862 -119.950690
2905.070258 -1815.566072 -119.951777
2906.167396 -1817.238282 -119.952865
2907.264533 -1818.910493 -119.953952
2908.361671 -1820.582703 -119.955039
2909.458809 -1822.254913 -119.956127
2910.555947 -1823.927124 -119.957214
2911.653085 -1825.599334 -119.958302
2912.750223 -1827.271544 -119.959389
2913.847361 -1828.943754 -119.960476
2914.944499 -1830.615965 -119.961564
2916.041637 -1832.288175 -119.962651
2917.138775 -1833.960385 -119.963738
2918.235913 -1835.632596 -119.964826
2919.333050 -1837.304806 -119.965913
2920.430188 -1838.977016 -119.967000
2921.527326 -1840.649226 -119.968088
2922.624464 -1842.321437 -119.969175
2923.721602 -1843.993647 -119.970263
2924.818740 -1845.665857 -119.971350
2925.915878 -1847.338067 -119.972437
2927.013016 -1849.010278 -119.973525
2928.110154 -1850.682488 -119.974612
2929.207292 -1852.354698 -119.975699
2930.304430 -1854.026909 -119.976787
2931.401567 -1855.699119 -119.977874
2932.498705 -1857.371329 -119.978961
2933.595843 -1859.043539 -119.980049
2934.692981 -1860.715750 -119.981136
2935.790119 -1862.387960 -119.982223
2936.887257 -1864.060170 -119.983311
2937.984395 -1865.732381 -119.984398
2939.081533 -1867.404591 -119.985486
2940.178671 -1869.076801 -119.986573
2941.275809 -1870.749011 -119.987660
2942.372947 -1872.421222 -119.988748
2943.470084 -1874.093432 -119.989835
2944.567222 -1875.765642 -119.990922
2945.664360 -1877.437853 -119.992010
2946.761498 -1879.110063 -119.993097
2947.858636 -1880.782273 -119.994184
2948.955774 -1882.454483 -119.995272
2950.052912 -1884.126694 -119.996359
2951.150050 -1885.798904 -119.997447
2952.247188 -1887.471114 -119.998534
2953.726506 -1889.725827 -120.000000
2951.781934 -1889.749304 -120.467001
2949.837362 -1889.772781 -120.934002
2947.892791 -1889.796259 -121.401003
2945.948219 -1889.819736 -121.868003
2944.003647 -1889.843213 -122.335004
2942.059075 -1889.866690 -122.802005
2940.114504 -1889.890168 -123.269006
2938.169932 -1889.913645 -123.736007
2936.225360 -1889.937122 -124.203008
2934.280789 -1889.960599 -124.670009
2932.336217 -1889.984077 -125.137010
2930.391645 -1890.007554 -125.604010
2928.447074 -1890.031031 -126.071011
2926.502502 -1890.054508 -126.538012
2924.557930 -1890.077986 -127.005013
2922.613359 -1890.101463 -127.472014
2920.668787 -1890.124940 -127.939015
2918.724215 -1890.148417 -128.406016
2916.779644 -1890.171895 -128.873017
2914.835072 -1890.195372 -129.340017
2912.890500 -1890.218849 -129.807018
2910.945929 -1890.242326 -130.274019
2909.001357 -1890.265804 -130.741020
2907.056785 -1890.289281 -131.208021
2905.112214 -1890.312758 -131.675022
2903.167642 -1890.336235 -132.142023
2901.223070 -1890.359713 -132.609023
2899.278499 -1890.383190 -133.076024
2897.333927 -1890.406667 -133.543025
2895.389355 -1890.430144 -134.010026
2893.444784 -1890.453622 -134.477027
2891.500212 -1890.477099 -134.944028
2889.555640 -1890.500576 -135.411029
2887.611069 -1890.524053 -135.878030
2885.666497 -1890.547531 -136.345030
2883.721925 -1890.571008 -136.812031
2881.777354 -1890.594485 -137.279032
2879.832782 -1890.617962 -137.746033
2877.888210 -1890.641440 -138.213034
2875.943638 -1890.664917 -138.680035
2873.999067 -1890.688394 -139.147036
2872.054495 -1890.711871 -139.614037
2870.109923 -1890.735349 -140.081037
2868.165352 -1890.758826 -140.548038
2866.220780 -1890.782303 -141.015039
2864.276208 -1890.805780 -141.482040
2862.331637 -1890.829258 -141.949041
2860.387065 -1890.852735 -142.416042
2858.442493 -1890.876212 -142.883043
2856.497922 -1890.899689 -143.350044
2854.553350 -1890.923167 -143.817044
2852.608778 -1890.946644 -144.284045
2850.664207 -1890.970121 -144.751046
2848.719635 -1890.993598 -145.218047
2846.775063 -1891.017076 -145.685048
2844.830492 -1891.040553 -146.152049
2842.885920 -1891.064030 -146.619050
2840.941348 -1891.087507 -147.086050
2838.996777 -1891.110985 -147.553051
2837.052205 -1891.134462 -148.020052
2835.107633 -1891.157939 -148.487053
2833.163062 -1891.181416 -148.954054
2831.218490 -1891.204894 -149.421055
2829.273918 -1891.228371 -149.888056
2827.329347 -1891.251848 -150.355057
2825.384775 -1891.275325 -150.822057
2823.440203 -1891.298803 -151.289058
2821.495632 -1891.322280 -151.756059
2819.551060 -1891.345757 -152.223060
2817.606488 -1891.369234 -152.690061
2815.661917 -1891.392712 -153.157062
2813.717345 -1891.416189 -153.624063
2811.772773 -1891.439666 -154.091064
2809.828201 -1891.463143 -154.558064
2807.883630 -1891.486621 -155.025065
2805.939058 -1891.510098 -155.492066
2803.994486 -1891.533575 -155.959067
2802.049915 -1891.557052 -156.426068
2800.105343 -1891.580530 -156.893069
2798.160771 -1891.604007 -157.360070
2796.216200 -1891.627484 -157.827070
2794.271628 -1891.650961 -158.294071
2792.327056 -1891.674439 -158.761072
2790.382485 -1891.697916 -159.228073
2788.437913 -1891.721393 -159.695074
2786.493341 -1891.744870 -160.162075
2784.548770 -1891.768348 -160.629076
2782.604198 -1891.791825 -161.096077
2780.659626 -1891.815302 -161.563077
2778.715055 -1891.838779 -162.030078
2776.770483 -1891.862257 -162.497079
2774.825911 -1891.885734 -162.964080
2772.881340 -1891.909211 -163.431081
2770.936768 -1891.932688 -163.898082
2768.992196 -1891.956166 -164.365083
2767.047625 -1891.979643 -164.832084
2765.103053 -1892.003120 -165.299084
2763.158481 -1892.026597 -165.766085
2761.213910 -1892.050075 -166.233086
2759.269338 -1892.073552 -166.700087
2757.324766 -1892.097029 -167.167088
2755.380195 -1892.120506 -167.634089
2753.435623 -1892.143984 -168.101090
2751.491051 -1892.167461 -168.568090
2749.546479 -1892.190938 -169.035091
2747.601908 -1892.214415 -169.502092
2745.657336 -1892.237893 -169.969093
2743.712764 -1892.261370 -170.436094
2741.768193 -1892.284847 -170.903095
2739.823621 -1892.308324 -171.370096
2737.879049 -1892.331802 -171.837097
2735.934478 -1892.355279 -172.304097
2733.989906 -1892.378756 -172.771098
2732.045334 -1892.402233 -173.238099
2730.100763 -1892.425711 -173.705100
2728.156191 -1892.449188 -174.172101
2726.211619 -1892.472665 -174.639102
2724.267048 -1892.496142 -175.106103
2722.322476 -1892.519620 -175.573104
2720.377904 -1892.543097 -176.040104
2718.433333 -1892.566574 -176.507105
2716.488761 -1892.590051 -176.974106
2714.544189 -1892.613529 -177.441107
2712.599618 -1892.637006 -177.908108
2710.655046 -1892.660483 -178.375109
2708.710474 -1892.683960 -178.842110
2706.765903 -1892.707438 -179.309111
2704.821331 -1892.730915 -179.776111
2702.876759 -1892.754392 -180.243112
2700.932188 -1892.777869 -180.710113
2698.987616 -1892.801347 -181.177114
2697.043044 -1892.824824 -181.644115
2695.098473 -1892.848301 -182.111116
2693.153901 -1892.871779 -182.578117
2691.209329 -1892.895256 -183.045117
2689.264758 -1892.918733 -183.512118
2687.320186 -1892.942210 -183.979119
2685.375614 -1892.965688 -184.446120
2683.431042 -1892.989165 -184.913121
2681.486471 -1893.012642 -185.380122
2679.541899 -1893.036119 -185.847123
2677.597327 -1893.059597 -186.314124
2675.652756 -1893.083074 -186.781124
2673.708184 -1893.106551 -187.248125
2671.763612 -1893.130028 -187.715126
2669.819041 -1893.153506 -188.182127
2667.874469 -1893.176983 -188.649128
2665.929897 -1893.200460 -189.116129
2663.985326 -1893.223937 -189.583130
2662.040754 -1893.247415 -190.050131
2660.096182 -1893.270892 -190.517131
2658.151611 -1893.294369 -190.984132
2656.207039 -1893.317846 -191.451133
2653.921581 -1893.345439 -192.000000
2655.921470 -1893.324408 -192.000611
2657.921359 -1893.303377 -192.001222
2659.921249 -1893.282345 -192.001833
2661.921138 -1893.261314 -192.002445
2663.921027 -1893.240283 -192.003056
2665.920917 -1893.219251 -192.003667
2667.920806 -1893.198220 -192.004278
2669.920695 -1893.177189 -192.004889
2671.920585 -1893.156158 -192.005500
2673.920474 -1893.135126 -192.006112
2675.920363 -1893.114095 -192.006723
2677.920253 -1893.093064 -192.007334
2679.920142 -1893.072032 -192.007945
2681.920031 -1893.051001 -192.008556
2683.919921 -1893.029970 -192.009167
2685.919810 -1893.008938 -192.009778
2687.919699 -1892.987907 -192.010390
2689.919589 -1892.966876 -192.011001
2691.919478 -1892.945845 -192.011612
2693.919367 -1892.924813 -192.012223
2695.919257 -1892.903782 -192.012834
2697.919146 -1892.882751 -192.013445
2699.919035 -1892.861719 -192.014057
2701.918925 -1892.840688 -192.014668
2703.918814 -1892.819657 -192.015279
2705.918703 -1892.798626 -192.015890
2707.918593 -1892.777594 -192.016501
2709.918482 -1892.756563 -192.017112
2711.918371 -1892.735532 -192.017723
2713.918261 -1892.714500 -192.018335
2715.918150 -1892.693469 -192.018946
2717.918039 -1892.672438 -192.019557
2719.917929 -1892.651406 -192.020168
2721.917818 -1892.630375 -192.020779
2723.917707 -1892.609344 -192.021390
2725.917596 -1892.588313 -192.022002
2727.917486 -1892.567281 -192.022613
2729.917375 -1892.546250 -192.023224
2731.917264 -1892.525219 -192.023835
2733.917154 -1892.504187 -192.024446
2735.917043 -1892.483156 -192.025057
2737.916932 -1892.462125 -192.025668
2739.916822 -1892.441094 -192.026280
2741.916711 -1892.420062 -192.026891
2743.916600 -1892.399031 -192.027502
2745.916490 -1892.378000 -192.028113
2747.916379 -1892.356968 -192.028724
2749.916268 -1892.335937 -192.029335
2751.916158 -1892.314906 -192.029947
2753.916047 -1892.293875 -192.030558
2755.915936 -1892.272843 -192.031169
2757.915826 -1892.251812 -192.031780
2759.915715 -1892.230781 -192.032391
2761.915604 -1892.209749 -192.033002
2763.915494 -1892.188718 -192.033613
2765.915383 -1892.167687 -192.034225
2767.915272 -1892.146655 -192.034836
2769.915162 -1892.125624 -192.035447
2771.915051 -1892.104593 -192.036058
2773.914940 -1892.083562 -192.036669
2775.914830 -1892.062530 -192.037280
2777.914719 -1892.041499 -192.037892
2779.914608 -1892.020468 -192.038503
2781.914498 -1891.999436 -192.039114
2783.914387 -1891.978405 -192.039725
2785.914276 -1891.957374 -192.040336
2787.914166 -1891.936343 -192.040947
2789.914055 -1891.915311 -192.041559
2791.913944 -1891.894280 -192.042170
2793.913834 -1891.873249 -192.042781
2795.913723 -1891.852217 -192.043392
2797.913612 -1891.831186 -192.044003
2799.913502 -1891.810155 -192.044614
2801.913391 -1891.789124 -192.045225
2803.913280 -1891.768092 -192.045837
2805.913169 -1891.747061 -192.046448
2807.913059 -1891.726030 -192.047059
2809.912948 -1891.704998 -192.047670
2811.912837 -1891.683967 -192.048281
2813.912727 -1891.662936 -192.048892
2815.912616 -1891.641904 -192.049504
2817.912505 -1891.620873 -192.050115
2819.912395 -1891.599842 -192.050726
2821.912284 -1891.578811 -192.051337
2823.912173 -1891.557779 -192.051948
2825.912063 -1891.536748 -192.052559
2827.911952 -1891.515717 -192.053170
2829.911841 -1891.494685 -192.053782
2831.911731 -1891.473654 -192.054393
2833.911620 -1891.452623 -192.055004
2835.911509 -1891.431592 -192.055615
2837.911399 -1891.410560 -192.056226
2839.911288 -1891.389529 -192.056837
2841.911177 -1891.368498 -192.057449
2843.911067 -1891.347466 -192.058060
2845.910956 -1891.326435 -192.058671
2847.910845 -1891.305404 -192.059282
2849.910735 -1891.284372 -192.059893
2851.910624 -1891.263341 -192.060504
2853.910513 -1891.242310 -192.061115
2855.910403 -1891.221279 -192.061727
2857.910292 -1891.200247 -192.062338
2859.910181 -1891.179216 -192.062949
2861.910071 -1891.158185 -192.063560
2863.909960 -1891.137153 -192.064171
2865.909849 -1891.116122 -192.064782
2867.909739 -1891.095091 -192.065394
2869.909628 -1891.074060 -192.066005
2871.909517 -1891.053028 -192.066616
2873.909407 -1891.031997 -192.067227
2875.909296 -1891.010966 -192.067838
2877.909185 -1890.989934 -192.068449
2879.909075 -1890.968903 -192.069060
2881.908964 -1890.947872 -192.069672
2883.908853 -1890.926841 -192.070283
2885.908742 -1890.905809 -192.070894
2887.908632 -1890.884778 -192.071505
2889.908521 -1890.863747 -192.072116
2891.908410 -1890.842715 -192.072727
2893.908300 -1890.821684 -192.073339
2895.908189 -1890.800653 -192.073950
2897.908078 -1890.779621 -192.074561
2899.907968 -1890.758590 -192.075172
2901.907857 -1890.737559 -192.075783
2903.907746 -1890.716528 -192.076394
2905.907636 -1890.695496 -192.077005
2907.907525 -1890.674465 -192.077617
2909.907414 -1890.653434 -192.078228
2911.907304 -1890.632402 -192.078839
2913.907193 -1890.611371 -192.079450
2915.907082 -1890.590340 -192.080061
2917.906972 -1890.569309 -192.080672
2919.906861 -1890.548277 -192.081284
2921.906750 -1890.527246 -192.081895
2923.906640 -1890.506215 -192.082506
2925.906529 -1890.485183 -192.083117
2927.906418 -1890.464152 -192.083728
2929.906308 -1890.443121 -192.084339
2931.906197 -1890.422089 -192.084950
2933.906086 -1890.401058 -192.085562
2935.905976 -1890.380027 -192.086173
2937.905865 -1890.358996 -192.086784
2939.905754 -1890.337964 -192.087395
2941.905644 -1890.316933 -192.088006
2943.905533 -1890.295902 -192.088617
2945.905422 -1890.274870 -192.089229
2947.905312 -1890.253839 -192.089840
2949.905201 -1890.232808 -192.090451
2951.905090 -1890.211777 -192.091062
2953.904980 -1890.190745 -192.091673
2955.904869 -1890.169714 -192.092284
2957.904758 -1890.148683 -192.092895
2959.904647 -1890.127651 -192.093507
2961.904537 -1890.106620 -192.094118
2963.904426 -1890.085589 -192.094729
2965.904315 -1890.064558 -192.095340
2967.904205 -1890.043526 -192.095951
2969.904094 -1890.022495 -192.096562
2971.903983 -1890.001464 -192.097174
2973.903873 -1889.980432 -192.097785
2975.903762 -1889.959401 -192.098396
2977.903651 -1889.938370 -192.099007
2979.903541 -1889.917338 -192.099618
2981.903430 -1889.896307 -192.100229
2983.903319 -1889.875276 -192.100840
2985.903209 -1889.854245 -192.101452
2987.903098 -1889.833213 -192.102063
2989.902987 -1889.812182 -192.102674
2991.902877 -1889.791151 -192.103285
2993.902766 -1889.770119 -192.103896
2995.902655 -1889.749088 -192.104507
2997.902545 -1889.728057 -192.105119
2999.902434 -1889.707026 -192.105730
3001.902323 -1889.685994 -192.106341
3003.902213 -1889.664963 -192.106952
3005.902102 -1889.643932 -192.107563
3007.901991 -1889.622900 -192.108174
3009.901881 -1889.601869 -192.108786
3011.901770 -1889.580838 -192.109397
3013.901659 -1889.559807 -192.110008
3015.901549 -1889.538775 -192.110619
3017.901438 -1889.517744 -192.111230
3019.901327 -1889.496713 -192.111841
3021.901217 -1889.475681 -192.112452
3023.901106 -1889.454650 -192.113064
3025.900995 -1889.433619 -192.113675
3027.900885 -1889.412587 -192.114286
3029.900774 -1889.391556 -192.114897
3031.900663 -1889.370525 -192.115508
3033.900553 -1889.349494 -192.116119
3035.900442 -1889.328462 -192.116731
3037.900331 -1889.307431 -192.117342
3039.900220 -1889.286400 -192.117953
3041.900110 -1889.265368 -192.118564
3043.899999 -1889.244337 -192.119175
3045.899888 -1889.223306 -192.119786
3047.899778 -1889.202275 -192.120397
3049.899667 -1889.181243 -192.121009
3051.899556 -1889.160212 -192.121620
3053.899446 -1889.139181 -192.122231
3055.899335 -1889.118149 -192.122842
3057.899224 -1889.097118 -192.123453
3059.899114 -1889.076087 -192.124064
3061.899003 -1889.055055 -192.124676
3063.898892 -1889.034024 -192.125287
3065.898782 -1889.012993 -192.125898
3067.898671 -1888.991962 -192.126509
3069.898560 -1888.970930 -192.127120
3071.898450 -1888.949899 -192.127731
3073.898339 -1888.928868 -192.128342
3075.898228 -1888.907836 -192.128954
3077.898118 -1888.886805 -192.129565
3079.898007 -1888.865774 -192.130176
3081.897896 -1888.844743 -192.130787
3083.897786 -1888.823711 -192.131398
3085.897675 -1888.802680 -192.132009
3087.897564 -1888.781649 -192.132621
3089.897454 -1888.760617 -192.133232
3091.897343 -1888.739586 -192.133843
3093.897232 -1888.718555 -192.134454
3095.897122 -1888.697524 -192.135065
3097.897011 -1888.676492 -192.135676
3099.896900 -1888.655461 -192.136287
3101.896790 -1888.634430 -192.136899
3103.896679 -1888.613398 -192.137510
3105.896568 -1888.592367 -192.138121
3107.896458 -1888.571336 -192.138732
3109.896347 -1888.550304 -192.139343
3111.896236 -1888.529273 -192.139954
3113.896125 -1888.508242 -192.140566
3115.896015 -1888.487211 -192.141177
3117.895904 -1888.466179 -192.141788
3119.895793 -1888.445148 -192.142399
3121.895683 -1888.424117 -192.143010
3123.895572 -1888.403085 -192.143621
3125.895461 -1888.382054 -192.144232
3127.895351 -1888.361023 -192.144844
3129.895240 -1888.339992 -192.145455
3131.895129 -1888.318960 -192.146066
3133.895019 -1888.297929 -192.146677
3135.894908 -1888.276898 -192.147288
3137.894797 -1888.255866 -192.147899
3139.894687 -1888.234835 -192.148511
3141.894576 -1888.213804 -192.149122
3143.894465 -1888.192772 -192.149733
3145.894355 -1888.171741 -192.150344
3147.894244 -1888.150710 -192.150955
3149.894133 -1888.129679 -192.151566
3151.894023 -1888.108647 -192.152177
3153.893912 -1888.087616 -192.152789
3155.893801 -1888.066585 -192.153400
3157.893691 -1888.045553 -192.154011
3159.893580 -1888.024522 -192.154622
3161.893469 -1888.003491 -192.155233
3163.893359 -1887.982460 -192.155844
3165.893248 -1887.961428 -192.156456
3167.893137 -1887.940397 -192.157067
3169.893027 -1887.919366 -192.157678
3171.892916 -1887.898334 -192.158289
3173.892805 -1887.877303 -192.158900
3175.892695 -1887.856272 -192.159511
3177.892584 -1887.835241 -192.160122
3179.892473 -1887.814209 -192.160734
3181.892363 -1887.793178 -192.161345
3183.892252 -1887.772147 -192.161956
3185.892141 -1887.751115 -192.162567
3187.892031 -1887.730084 -192.163178
3189.891920 -1887.709053 -192.163789
3191.891809 -1887.688021 -192.164401
3193.891698 -1887.666990 -192.165012
3195.891588 -1887.645959 -192.165623
3197.891477 -1887.624928 -192.166234
3199.891366 -1887.603896 -192.166845
3201.891256 -1887.582865 -192.167456
3203.891145 -1887.561834 -192.168067
3205.891034 -1887.540802 -192.168679
3207.890924 -1887.519771 -192.169290
3209.890813 -1887.498740 -192.169901
3211.890702 -1887.477709 -192.170512
3213.890592 -1887.456677 -192.171123
3215.890481 -1887.435646 -192.171734
3217.890370 -1887.414615 -192.172346
3219.890260 -1887.393583 -192.172957
3221.890149 -1887.372552 -192.173568
3223.890038 -1887.351521 -192.174179
3225.889928 -1887.330490 -192.174790
3227.889817 -1887.309458 -192.175401
3229.889706 -1887.288427 -192.176013
3231.889596 -1887.267396 -192.176624
3233.889485 -1887.246364 -192.177235
3235.889374 -1887.225333 -192.177846
3237.889264 -1887.204302 -192.178457
3239.889153 -1887.183270 -192.179068
3241.889042 -1887.162239 -192.179679
3243.888932 -1887.141208 -192.180291
3245.888821 -1887.120177 -192.180902
3247.888710 -1887.099145 -192.181513
3249.888600 -1887.078114 -192.182124
3251.888489 -1887.057083 -192.182735
3253.888378 -1887.036051 -192.183346
3255.888268 -1887.015020 -192.183958
3257.888157 -1886.993989 -192.184569
3259.888046 -1886.972958 -192.185180
3261.887936 -1886.951926 -192.185791
3263.887825 -1886.930895 -192.186402
3265.887714 -1886.909864 -192.187013
3267.887604 -1886.888832 -192.187624
3269.887493 -1886.867801 -192.188236
3271.887382 -1886.846770 -192.188847
3273.887271 -1886.825738 -192.189458
3275.887161 -1886.804707 -192.190069
3277.887050 -1886.783676 -192.190680
3279.886939 -1886.762645 -192.191291
3281.886829 -1886.741613 -192.191903
3283.886718 -1886.720582 -192.192514
3285.886607 -1886.699551 -192.193125
3287.886497 -1886.678519 -192.193736
3289.886386 -1886.657488 -192.194347
3291.886275 -1886.636457 -192.194958
3293.886165 -1886.615426 -192.195569
3295.886054 -1886.594394 -192.196181
3297.885943 -1886.573363 -192.196792
3299.885833 -1886.552332 -192.197403
3301.885722 -1886.531300 -192.198014
3303.885611 -1886.510269 -192.198625
3305.885501 -1886.489238 -192.199236
3307.885390 -1886.468207 -192.199848
3309.885279 -1886.447175 -192.200459
3311.885169 -1886.426144 -192.201070
3313.885058 -1886.405113 -192.201681
3315.884947 -1886.384081 -192.202292
3317.884837 -1886.363050 -192.202903
3319.884726 -1886.342019 -192.203514
3321.884615 -1886.320987 -192.204126
3323.884505 -1886.299956 -192.204737
3325.884394 -1886.278925 -192.205348
3327.884283 -1886.257894 -192.205959
3329.884173 -1886.236862 -192.206570
3331.884062 -1886.215831 -192.207181
3333.883951 -1886.194800 -192.207793
3335.883841 -1886.173768 -192.208404
3337.883730 -1886.152737 -192.209015
3339.883619 -1886.131706 -192.209626
3341.883509 -1886.110675 -192.210237
3343.883398 -1886.089643 -192.210848
3345.883287 -1886.068612 -192.211459
3347.883176 -1886.047581 -192.212071
3349.883066 -1886.026549 -192.212682
3351.882955 -1886.005518 -192.213293
3353.882844 -1885.984487 -192.213904
3355.882734 -1885.963455 -192.214515
3357.882623 -1885.942424 -192.215126
3359.882512 -1885.921393 -192.215738
3361.882402 -1885.900362 -192.216349
3363.882291 -1885.879330 -192.216960
3365.882180 -1885.858299 -192.217571
3367.882070 -1885.837268 -192.218182
3369.881959 -1885.816236 -192.218793
3371.881848 -1885.795205 -192.219404
3373.881738 -1885.774174 -192.220016
3375.881627 -1885.753143 -192.220627
3377.881516 -1885.732111 -192.221238
3379.881406 -1885.711080 -192.221849
3381.881295 -1885.690049 -192.222460
3383.881184 -1885.669017 -192.223071
3385.881074 -1885.647986 -192.223683
3387.880963 -1885.626955 -192.224294
3389.880852 -1885.605924 -192.224905
3391.880742 -1885.584892 -192.225516
3393.880631 -1885.563861 -192.226127
3395.880520 -1885.542830 -192.226738
3397.880410 -1885.521798 -192.227349
3399.880299 -1885.500767 -192.227961
3401.880188 -1885.479736 -192.228572
3403.880078 -1885.458704 -192.229183
3405.879967 -1885.437673 -192.229794
3407.879856 -1885.416642 -192.230405
3409.879746 -1885.395611 -192.231016
3411.879635 -1885.374579 -192.231628
3413.879524 -1885.353548 -192.232239
3415.879414 -1885.332517 -192.232850
3417.879303 -1885.311485 -192.233461
3419.879192 -1885.290454 -192.234072
3421.879082 -1885.269423 -192.234683
3423.878971 -1885.248392 -192.235294
3425.878860 -1885.227360 -192.235906
3427.878749 -1885.206329 -192.236517
3429.878639 -1885.185298 -192.237128
3431.878528 -1885.164266 -192.237739
3433.878417 -1885.143235 -192.238350
3435.878307 -1885.122204 -192.238961
3437.878196 -1885.101173 -192.239573
3439.878085 -1885.080141 -192.240184
3441.877975 -1885.059110 -192.240795
3443.877864 -1885.038079 -192.241406
3445.877753 -1885.017047 -192.242017
3447.877643 -1884.996016 -192.242628
3449.877532 -1884.974985 -192.243240
3451.877421 -1884.953953 -192.243851
3453.877311 -1884.932922 -192.244462
3455.877200 -1884.911891 -192.245073
3457.877089 -1884.890860 -192.245684
3459.876979 -1884.869828 -192.246295
3461.876868 -1884.848797 -192.246906
3463.876757 -1884.827766 -192.247518
3465.876647 -1884.806734 -192.248129
3467.876536 -1884.785703 -192.248740
3469.876425 -1884.764672 -192.249351
3472.000000 -1884.742340 -192.250000
3472.000000 -1886.742340 -192.250000
3472.000000 -1888.742340 -192.250000
3472.000000 -1890.742340 -192.250000
3472.000000 -1892.742340 -192.250000
3472.000000 -1894.742340 -192.250000
3472.000000 -1896.742340 -192.250000
3472.000000 -1898.742340 -192.250000
3472.000000 -1900.742340 -192.250000
3472.000000 -1902.742340 -192.250000
3472.000000 -1904.742340 -192.250000
3472.000000 -1906.742340 -192.250000
3472.000000 -1908.742340 -192.250000
3472.000000 -1910.742340 -192.250000
3472.000000 -1912.742340 -192.250000
3472.000000 -1914.742340 -192.250000
3472.000000 -1916.742340 -192.250000
3472.000000 -1918.742340 -192.250000
3472.000000 -1920.742340 -192.250000
3472.000000 -1922.742340 -192.250000
3472.000000 -1924.742340 -192.250000
3472.000000 -1926.742340 -192.250000
3472.000000 -1928.742340 -192.250000
3472.000000 -1930.742340 -192.250000
3472.000000 -1932.742340 -192.250000
3472.000000 -1934.742340 -192.250000
3472.000000 -1936.742340 -192.250000
3472.000000 -1938.742340 -192.250000
3472.000000 -1940.742340 -192.250000
3472.000000 -1942.742340 -192.250000
3472.000000 -1944.742340 -192.250000
3472.000000 -1946.742340 -192.250000
3472.000000 -1948.742340 -192.250000
3472.000000 -1950.742340 -192.250000
3472.000000 -1952.742340 -192.250000
3472.000000 -1954.742340 -192.250000
3472.000000 -1956.742340 -192.250000
3472.000000 -1958.742340 -192.250000
3472.000000 -1960.742340 -192.250000
3472.000000 -1962.742340 -192.250000
3472.000000 -1964.742340 -192.250000
3472.000000 -1966.742340 -192.250000
3472.000000 -1968.742340 -192.250000
3472.000000 -1970.742340 -192.250000
3472.000000 -1972.742340 -192.250000
3472.000000 -1974.742340 -192.250000
3472.000000 -1976.742340 -192.250000
3472.000000 -1978.742340 -192.250000
3472.000000 -1980.742340 -192.250000
3472.000000 -1982.742340 -192.250000
3472.000000 -1984.742340 -192.250000
3472.000000 -1986.742340 -192.250000
3472.000000 -1988.742340 -192.250000
3472.000000 -1990.742340 -192.250000
3472.000000 -1992.742340 -192.250000
3472.000000 -1994.742340 -192.250000
3472.000000 -1996.742340 -192.250000
3472.000000 -1998.742340 -192.250000
3472.000000 -2000.742340 -192.250000
3472.000000 -2002.742340 -192.250000
3472.000000 -2004.742340 -192.250000
3472.000000 -2006.742340 -192.250000
3472.000000 -2008.742340 -192.250000
3472.000000 -2010.742340 -192.250000
3472.000000 -2012.742340 -192.250000
3472.000000 -2014.742340 -192.250000
3472.000000 -2016.742340 -192.250000
3472.000000 -2018.742340 -192.250000
3472.000000 -2020.742340 -192.250000
3472.000000 -2022.742340 -192.250000
3472.000000 -2024.742340 -192.250000
3472.000000 -2026.742340 -192.250000
3472.000000 -2028.742340 -192.250000
3472.000000 -2030.742340 -192.250000
3472.000000 -2032.742340 -192.250000
3472.000000 -2034.742340 -192.250000
3472.000000 -2036.742340 -192.250000
3472.000000 -2038.742340 -192.250000
3472.000000 -2040.742340 -192.250000
3472.000000 -2042.742340 -192.250000
3472.000000 -2044.742340 -192.250000
3472.000000 -2046.742340 -192.250000
3472.000000 -2048.742340 -192.250000
3472.000000 -2050.742340 -192.250000
3472.000000 -2052.742340 -192.250000
3472.000000 -2054.742340 -192.250000
3472.000000 -2056.742340 -192.250000
3472.000000 -2058.742340 -192.250000
3472.000000 -2060.742340 -192.250000
3472.000000 -2062.742340 -192.250000
3472.000000 -2064.742340 -192.250000
3472.000000 -2066.742340 -192.250000
3472.000000 -2068.742340 -192.250000
3472.000000 -2070.742340 -192.250000
3472.000000 -2072.742340 -192.250000
3472.000000 -2074.742340 -192.250000
3472.000000 -2076.742340 -192.250000
3472.000000 -2078.742340 -192.250000
3472.000000 -2080.742340 -192.250000
3472.000000 -2082.742340 -192.250000
3472.000000 -2084.742340 -192.250000
3472.000000 -2086.742340 -192.250000
3472.000000 -2088.742340 -192.250000
3472.000000 -2092.000000 -192.250000
3470.000170 -2092.026056 -192.250000
3468.000339 -2092.052113 -192.250000
3466.000509 -2092.078169 -192.250000
3464.000679 -2092.104226 -192.250000
3462.000849 -2092.130282 -192.250000
3460.001018 -2092.156339 -192.250000
3458.001188 -2092.182395 -192.250000
3456.001358 -2092.208451 -192.250000
3454.001528 -2092.234508 -192.250000
3452.001697 -2092.260564 -192.250000
3450.001867 -2092.286621 -192.250000
3448.002037 -2092.312677 -192.250000
3446.002207 -2092.338733 -192.250000
3444.002376 -2092.364790 -192.250000
3442.002546 -2092.390846 -192.250000
3440.002716 -2092.416903 -192.250000
3438.002886 -2092.442959 -192.250000
3436.003055 -2092.469016 -192.250000
3434.003225 -2092.495072 -192.250000
3432.003395 -2092.521128 -192.250000
3430.003565 -2092.547185 -192.250000
3428.003734 -2092.573241 -192.250000
3426.003904 -2092.599298 -192.250000
3424.004074 -2092.625354 -192.250000
3422.004244 -2092.651411 -192.250000
3420.004413 -2092.677467 -192.250000
3418.004583 -2092.703523 -192.250000
3416.004753 -2092.729580 -192.250000
3414.004923 -2092.755636 -192.250000
3412.005092 -2092.781693 -192.250000
3410.005262 -2092.807749 -192.250000
3408.005432 -2092.833805 -192.250000
3406.005601 -2092.859862 -192.250000
3404.005771 -2092.885918 -192.250000
3402.005941 -2092.911975 -192.250000
3400.006111 -2092.938031 -192.250000
3398.006280 -2092.964088 -192.250000
3396.006450 -2092.990144 -192.250000
3394.006620 -2093.016200 -192.250000
3392.006790 -2093.042257 -192.250000
3390.006959 -2093.068313 -192.250000
3388.007129 -2093.094370 -192.250000
3386.007299 -2093.120426 -192.250000
3384.007469 -2093.146482 -192.250000
3382.007638 -2093.172539 -192.250000
3380.007808 -2093.198595 -192.250000
3378.007978 -2093.224652 -192.250000
3376.008148 -2093.250708 -192.250000
3374.008317 -2093.276765 -192.250000
3372.008487 -2093.302821 -192.250000
3370.008657 -2093.328877 -192.250000
3368.008827 -2093.354934 -192.250000
3366.008996 -2093.380990 -192.250000
3364.009166 -2093.407047 -192.250000
3362.009336 -2093.433103 -192.250000
3360.009506 -2093.459160 -192.250000
3358.009675 -2093.485216 -192.250000
3356.009845 -2093.511272 -192.250000
3354.010015 -2093.537329 -192.250000
3352.010184 -2093.563385 -192.250000
3350.010354 -2093.589442 -192.250000
3348.010524 -2093.615498 -192.250000
3346.010694 -2093.641554 -192.250000
3344.010863 -2093.667611 -192.250000
3342.011033 -2093.693667 -192.250000
3340.011203 -2093.719724 -192.250000
3338.011373 -2093.745780 -192.250000
3336.011542 -2093.771837 -192.250000
3334.011712 -2093.797893 -192.250000
3332.011882 -2093.823949 -192.250000
3330.012052 -2093.850006 -192.250000
3328.012221 -2093.876062 -192.250000
3326.012391 -2093.902119 -192.250000
3324.012561 -2093.928175 -192.250000
3322.012731 -2093.954232 -192.250000
3320.012900 -2093.980288 -192.250000
3318.013070 -2094.006344 -192.250000
3316.013240 -2094.032401 -192.250000
3314.013410 -2094.058457 -192.250000
3312.013579 -2094.084514 -192.250000
3310.013749 -2094.110570 -192.250000
3308.013919 -2094.136626 -192.250000
3306.014089 -2094.162683 -192.250000
3304.014258 -2094.188739 -192.250000
3302.014428 -2094.214796 -192.250000
3300.014598 -2094.240852 -192.250000
3298.014768 -2094.266909 -192.250000
3296.014937 -2094.292965 -192.250000
3294.015107 -2094.319021 -192.250000
3292.015277 -2094.345078 -192.250000
3290.015446 -2094.371134 -192.250000
3288.015616 -2094.397191 -192.250000
3286.015786 -2094.423247 -192.250000
3284.015956 -2094.449304 -192.250000
3282.016125 -2094.475360 -192.250000
3280.016295 -2094.501416 -192.250000
3278.016465 -2094.527473 -192.250000
3276.016635 -2094.553529 -192.250000
3274.016804 -2094.579586 -192.250000
3272.016974 -2094.605642 -192.250000
3270.017144 -2094.631698 -192.250000
3268.017314 -2094.657755 -192.250000
3266.017483 -2094.683811 -192.250000
3264.017653 -2094.709868 -192.250000
3262.017823 -2094.735924 -192.250000
3260.017993 -2094.761981 -192.250000
3258.018162 -2094.788037 -192.250000
3256.018332 -2094.814093 -192.250000
3254.018502 -2094.840150 -192.250000
3252.018672 -2094.866206 -192.250000
3250.018841 -2094.892263 -192.250000
3248.019011 -2094.918319 -192.250000
3246.019181 -2094.944375 -192.250000
3244.019351 -2094.970432 -192.250000
3242.019520 -2094.996488 -192.250000
3240.019690 -2095.022545 -192.250000
3238.019860 -2095.048601 -192.250000
3236.020029 -2095.074658 -192.250000
3234.020199 -2095.100714 -192.250000
3232.020369 -2095.126770 -192.250000
3230.020539 -2095.152827 -192.250000
3228.020708 -2095.178883 -192.250000
3226.020878 -2095.204940 -192.250000
3224.021048 -2095.230996 -192.250000
3222.021218 -2095.257053 -192.250000
3220.021387 -2095.283109 -192.250000
3218.021557 -2095.309165 -192.250000
3216.021727 -2095.335222 -192.250000
3214.021897 -2095.361278 -192.250000
3212.022066 -2095.387335 -192.250000
3210.022236 -2095.413391 -192.250000
3208.022406 -2095.439447 -192.250000
3206.022576 -2095.465504 -192.250000
3204.022745 -2095.491560 -192.250000
3202.022915 -2095.517617 -192.250000
3200.023085 -2095.543673 -192.250000
3198.023255 -2095.569730 -192.250000
3196.023424 -2095.595786 -192.250000
3194.023594 -2095.621842 -192.250000
3192.023764 -2095.647899 -192.250000
3190.023934 -2095.673955 -192.250000
3188.024103 -2095.700012 -192.250000
3186.024273 -2095.726068 -192.250000
3184.024443 -2095.752125 -192.250000
3182.024613 -2095.778181 -192.250000
3180.024782 -2095.804237 -192.250000
3178.024952 -2095.830294 -192.250000
3176.025122 -2095.856350 -192.250000
3174.025291 -2095.882407 -192.250000
3172.025461 -2095.908463 -192.250000
3170.025631 -2095.934519 -192.250000
3168.025801 -2095.960576 -192.250000
3166.025970 -2095.986632 -192.250000
3164.026140 -2096.012689 -192.250000
3162.026310 -2096.038745 -192.250000
3160.026480 -2096.064802 -192.250000
3158.026649 -2096.090858 -192.250000
3156.026819 -2096.116914 -192.250000
3154.026989 -2096.142971 -192.250000
3152.027159 -2096.169027 -192.250000
3150.027328 -2096.195084 -192.250000
3148.027498 -2096.221140 -192.250000
3146.027668 -2096.247197 -192.250000
3144.027838 -2096.273253 -192.250000
3142.028007 -2096.299309 -192.250000
3140.028177 -2096.325366 -192.250000
3138.028347 -2096.351422 -192.250000
3136.028517 -2096.377479 -192.250000
3134.028686 -2096.403535 -192.250000
3132.028856 -2096.429591 -192.250000
3130.029026 -2096.455648 -192.250000
3128.029196 -2096.481704 -192.250000
3126.029365 -2096.507761 -192.250000
3124.029535 -2096.533817 -192.250000
3122.029705 -2096.559874 -192.250000
3120.029874 -2096.585930 -192.250000
3118.030044 -2096.611986 -192.250000
3116.030214 -2096.638043 -192.250000
3114.030384 -2096.664099 -192.250000
3112.030553 -2096.690156 -192.250000
3110.030723 -2096.716212 -192.250000
3108.030893 -2096.742268 -192.250000
3106.031063 -2096.768325 -192.250000
3104.031232 -2096.794381 -192.250000
3102.031402 -2096.820438 -192.250000
3100.031572 -2096.846494 -192.250000
3098.031742 -2096.872551 -192.250000
3096.031911 -2096.898607 -192.250000
3094.032081 -2096.924663 -192.250000
3092.032251 -2096.950720 -192.250000
3090.032421 -2096.976776 -192.250000
3088.032590 -2097.002833 -192.250000
3086.032760 -2097.028889 -192.250000
3084.032930 -2097.054946 -192.250000
3082.033100 -2097.081002 -192.250000
3080.033269 -2097.107058 -192.250000
3078.033439 -2097.133115 -192.250000
3076.033609 -2097.159171 -192.250000
3074.033779 -2097.185228 -192.250000
3072.033948 -2097.211284 -192.250000
3070.034118 -2097.237340 -192.250000
3068.034288 -2097.263397 -192.250000
3066.034458 -2097.289453 -192.250000
3064.034627 -2097.315510 -192.250000
3062.034797 -2097.341566 -192.250000
3060.034967 -2097.367623 -192.250000
3058.035136 -2097.393679 -192.250000
3056.035306 -2097.419735 -192.250000
3054.035476 -2097.445792 -192.250000
3052.035646 -2097.471848 -192.250000
3050.035815 -2097.497905 -192.250000
3048.035985 -2097.523961 -192.250000
3046.036155 -2097.550018 -192.250000
3044.036325 -2097.576074 -192.250000
3042.036494 -2097.602130 -192.250000
3040.036664 -2097.628187 -192.250000
3038.036834 -2097.654243 -192.250000
3036.037004 -2097.680300 -192.250000
3034.037173 -2097.706356 -192.250000
3032.037343 -2097.732412 -192.250000
3030.037513 -2097.758469 -192.250000
3028.037683 -2097.784525 -192.250000
3026.037852 -2097.810582 -192.250000
3024.038022 -2097.836638 -192.250000
3022.038192 -2097.862695 -192.250000
3020.038362 -2097.888751 -192.250000
3018.038531 -2097.914807 -192.250000
3016.038701 -2097.940864 -192.250000
3014.038871 -2097.966920 -192.250000
3012.039041 -2097.992977 -192.250000
3010.039210 -2098.019033 -192.250000
3008.039380 -2098.045090 -192.250000
3006.039550 -2098.071146 -192.250000
3004.039720 -2098.097202 -192.250000
3002.039889 -2098.123259 -192.250000
3000.040059 -2098.149315 -192.250000
2998.040229 -2098.175372 -192.250000
2996.040398 -2098.201428 -192.250000
2994.040568 -2098.227484 -192.250000
2992.040738 -2098.253541 -192.250000
2990.040908 -2098.279597 -192.250000
2988.041077 -2098.305654 -192.250000
2986.041247 -2098.331710 -192.250000
2984.041417 -2098.357767 -192.250000
2982.041587 -2098.383823 -192.250000
2980.041756 -2098.409879 -192.250000
2978.041926 -2098.435936 -192.250000
2976.042096 -2098.461992 -192.250000
2974.042266 -2098.488049 -192.250000
2972.042435 -2098.514105 -192.250000
2970.042605 -2098.540161 -192.250000
2968.042775 -2098.566218 -192.250000
2966.042945 -2098.592274 -192.250000
2964.043114 -2098.618331 -192.250000
2962.043284 -2098.644387 -192.250000
2960.043454 -2098.670444 -192.250000
2958.043624 -2098.696500 -192.250000
2956.043793 -2098.722556 -192.250000
2954.043963 -2098.748613 -192.250000
2952.044133 -2098.774669 -192.250000
2950.044303 -2098.800726 -192.250000
2948.044472 -2098.826782 -192.250000
2946.044642 -2098.852839 -192.250000
2944.044812 -2098.878895 -192.250000
2942.044981 -2098.904951 -192.250000
2940.045151 -2098.931008 -192.250000
2938.045321 -2098.957064 -192.250000
2936.045491 -2098.983121 -192.250000
2934.045660 -2099.009177 -192.250000
2932.045830 -2099.035233 -192.250000
2930.046000 -2099.061290 -192.250000
2928.046170 -2099.087346 -192.250000
2926.046339 -2099.113403 -192.250000
2924.046509 -2099.139459 -192.250000
2922.046679 -2099.165516 -192.250000
2920.046849 -2099.191572 -192.250000
2918.047018 -2099.217628 -192.250000
2916.047188 -2099.243685 -192.250000
2914.047358 -2099.269741 -192.250000
2912.047528 -2099.295798 -192.250000
2910.047697 -2099.321854 -192.250000
2908.047867 -2099.347911 -192.250000
2906.048037 -2099.373967 -192.250000
2904.048207 -2099.400023 -192.250000
2902.048376 -2099.426080 -192.250000
2900.048546 -2099.452136 -192.250000
2898.048716 -2099.478193 -192.250000
2896.048886 -2099.504249 -192.250000
2894.049055 -2099.530305 -192.250000
2892.049225 -2099.556362 -192.250000
2890.049395 -2099.582418 -192.250000
2888.049565 -2099.608475 -192.250000
2886.049734 -2099.634531 -192.250000
2884.049904 -2099.660588 -192.250000
2882.050074 -2099.686644 -192.250000
2880.050243 -2099.712700 -192.250000
2878.050413 -2099.738757 -192.250000
2876.050583 -2099.764813 -192.250000
2874.050753 -2099.790870 -192.250000
2872.050922 -2099.816926 -192.250000
2870.051092 -2099.842983 -192.250000
2868.051262 -2099.869039 -192.250000
2866.051432 -2099.895095 -192.250000
2864.051601 -2099.921152 -192.250000
2862.051771 -2099.947208 -192.250000
2860.051941 -2099.973265 -192.250000
2858.052111 -2099.999321 -192.250000
2856.052280 -2100.025377 -192.250000
2854.052450 -2100.051434 -192.250000
2852.052620 -2100.077490 -192.250000
2850.052790 -2100.103547 -192.250000
2848.052959 -2100.129603 -192.250000
2846.053129 -2100.155660 -192.250000
2844.053299 -2100.181716 -192.250000
2842.053469 -2100.207772 -192.250000
2840.053638 -2100.233829 -192.250000
2838.053808 -2100.259885 -192.250000
2836.053978 -2100.285942 -192.250000
2834.054148 -2100.311998 -192.250000
2832.054317 -2100.338054 -192.250000
2830.054487 -2100.364111 -192.250000
2828.054657 -2100.390167 -192.250000
2826.054826 -2100.416224 -192.250000
2824.054996 -2100.442280 -192.250000
2822.055166 -2100.468337 -192.250000
2820.055336 -2100.494393 -192.250000
2818.055505 -2100.520449 -192.250000
2816.055675 -2100.546506 -192.250000
2814.055845 -2100.572562 -192.250000
2812.056015 -2100.598619 -192.250000
2810.056184 -2100.624675 -192.250000
2808.056354 -2100.650732 -192.250000
2806.056524 -2100.676788 -192.250000
2804.056694 -2100.702844 -192.250000
2802.056863 -2100.728901 -192.250000
2800.057033 -2100.754957 -192.250000
2798.057203 -2100.781014 -192.250000
2796.057373 -2100.807070 -192.250000
2794.057542 -2100.833126 -192.250000
2792.057712 -2100.859183 -192.250000
2790.057882 -2100.885239 -192.250000
2788.058052 -2100.911296 -192.250000
2786.058221 -2100.937352 -192.250000
2784.058391 -2100.963409 -192.250000
2782.058561 -2100.989465 -192.250000
2780.058731 -2101.015521 -192.250000
2778.058900 -2101.041578 -192.250000
2776.059070 -2101.067634 -192.250000
2774.059240 -2101.093691 -192.250000
2772.059410 -2101.119747 -192.250000
2770.059579 -2101.145804 -192.250000
2768.059749 -2101.171860 -192.250000
2766.059919 -2101.197916 -192.250000
2764.060088 -2101.223973 -192.250000
2762.060258 -2101.250029 -192.250000
2760.060428 -2101.276086 -192.250000
2758.060598 -2101.302142 -192.250000
2756.060767 -2101.328198 -192.250000
2754.060937 -2101.354255 -192.250000
2752.061107 -2101.380311 -192.250000
2750.061277 -2101.406368 -192.250000
2748.061446 -2101.432424 -192.250000
2746.061616 -2101.458481 -192.250000
2744.061786 -2101.484537 -192.250000
2742.061956 -2101.510593 -192.250000
2740.062125 -2101.536650 -192.250000
2738.062295 -2101.562706 -192.250000
2736.062465 -2101.588763 -192.250000
2734.062635 -2101.614819 -192.250000
2732.062804 -2101.640876 -192.250000
2730.062974 -2101.666932 -192.250000
2728.063144 -2101.692988 -192.250000
2726.063314 -2101.719045 -192.250000
2724.063483 -2101.745101 -192.250000
2722.063653 -2101.771158 -192.250000
2720.063823 -2101.797214 -192.250000
2718.063993 -2101.823270 -192.250000
2716.064162 -2101.849327 -192.250000
2714.064332 -2101.875383 -192.250000
2712.064502 -2101.901440 -192.250000
2710.064671 -2101.927496 -192.250000
2708.064841 -2101.953553 -192.250000
2706.065011 -2101.979609 -192.250000
2704.065181 -2102.005665 -192.250000
2702.065350 -2102.031722 -192.250000
2700.065520 -2102.057778 -192.250000
2698.065690 -2102.083835 -192.250000
2696.065860 -2102.109891 -192.250000
2694.066029 -2102.135947 -192.250000
2692.066199 -2102.162004 -192.250000
2690.066369 -2102.188060 -192.250000
2688.066539 -2102.214117 -192.250000
2686.066708 -2102.240173 -192.250000
2684.066878 -2102.266230 -192.250000
2682.067048 -2102.292286 -192.250000
2680.067218 -2102.318342 -192.250000
2678.067387 -2102.344399 -192.250000
2676.067557 -2102.370455 -192.250000
2674.067727 -2102.396512 -192.250000
2672.067897 -2102.422568 -192.250000
2670.068066 -2102.448625 -192.250000
2668.068236 -2102.474681 -192.250000
2666.068406 -2102.500737 -192.250000
2664.068576 -2102.526794 -192.250000
2662.068745 -2102.552850 -192.250000
2660.068915 -2102.578907 -192.250000
2658.069085 -2102.604963 -192.250000
2656.069255 -2102.631019 -192.250000
2654.069424 -2102.657076 -192.250000
2652.069594 -2102.683132 -192.250000
2650.069764 -2102.709189 -192.250000
2648.069933 -2102.735245 -192.250000
2646.070103 -2102.761302 -192.250000
2644.070273 -2102.787358 -192.250000
2642.070443 -2102.813414 -192.250000
2640.070612 -2102.839471 -192.250000
2638.070782 -2102.865527 -192.250000
2636.070952 -2102.891584 -192.250000
2634.071122 -2102.917640 -192.250000
2632.071291 -2102.943697 -192.250000
2630.071461 -2102.969753 -192.250000
2628.071631 -2102.995809 -192.250000
2626.071801 -2103.021866 -192.250000
2624.071970 -2103.047922 -192.250000
2622.072140 -2103.073979 -192.250000
2620.072310 -2103.100035 -192.250000
2618.072480 -2103.126091 -192.250000
2616.072649 -2103.152148 -192.250000
2614.072819 -2103.178204 -192.250000
2612.072989 -2103.204261 -192.250000
2610.073159 -2103.230317 -192.250000
2608.073328 -2103.256374 -192.250000
2606.073498 -2103.282430 -192.250000
2604.073668 -2103.308486 -192.250000
2602.073838 -2103.334543 -192.250000
2600.074007 -2103.360599 -192.250000
2598.074177 -2103.386656 -192.250000
2596.074347 -2103.412712 -192.250000
2594.074517 -2103.438769 -192.250000
2592.074686 -2103.464825 -192.250000
2590.074856 -2103.490881 -192.250000
2588.075026 -2103.516938 -192.250000
2586.075195 -2103.542994 -192.250000
2584.075365 -2103.569051 -192.250000
2582.075535 -2103.595107 -192.250000
2580.075705 -2103.621163 -192.250000
2578.075874 -2103.647220 -192.250000
2576.076044 -2103.673276 -192.250000
2574.076214 -2103.699333 -192.250000
2572.076384 -2103.725389 -192.250000
2570.076553 -2103.751446 -192.250000
2568.076723 -2103.777502 -192.250000
2566.076893 -2103.803558 -192.250000
2564.077063 -2103.829615 -192.250000
2562.077232 -2103.855671 -192.250000
2560.077402 -2103.881728 -192.250000
2558.077572 -2103.907784 -192.250000
2556.077742 -2103.933841 -192.250000
2554.077911 -2103.959897 -192.250000
2552.078081 -2103.985953 -192.250000
2550.078251 -2104.012010 -192.250000
2548.078421 -2104.038066 -192.250000
2546.078590 -2104.064123 -192.250000
2544.078760 -2104.090179 -192.250000
2542.078930 -2104.116235 -192.250000
2540.079100 -2104.142292 -192.250000
2538.079269 -2104.168348 -192.250000
2536.079439 -2104.194405 -192.250000
2534.079609 -2104.220461 -192.250000
2532.079778 -2104.246518 -192.250000
2530.079948 -2104.272574 -192.250000
2528.080118 -2104.298630 -192.250000
2526.080288 -2104.324687 -192.250000
2524.080457 -2104.350743 -192.250000
2522.080627 -2104.376800 -192.250000
2520.080797 -2104.402856 -192.250000
2518.080967 -2104.428912 -192.250000
2516.081136 -2104.454969 -192.250000
2514.081306 -2104.481025 -192.250000
2512.081476 -2104.507082 -192.250000
2510.081646 -2104.533138 -192.250000
2508.081815 -2104.559195 -192.250000
2506.081985 -2104.585251 -192.250000
2504.082155 -2104.611307 -192.250000
2502.082325 -2104.637364 -192.250000
2500.082494 -2104.663420 -192.250000
2498.082664 -2104.689477 -192.250000
2496.082834 -2104.715533 -192.250000
2494.083004 -2104.741590 -192.250000
2492.083173 -2104.767646 -192.250000
2490.083343 -2104.793702 -192.250000
2488.083513 -2104.819759 -192.250000
2486.083683 -2104.845815 -192.250000
2484.083852 -2104.871872 -192.250000
2482.084022 -2104.897928 -192.250000
2480.084192 -2104.923984 -192.250000
2478.084362 -2104.950041 -192.250000
2476.084531 -2104.976097 -192.250000
2474.084701 -2105.002154 -192.250000
2472.084871 -2105.028210 -192.250000
2470.085040 -2105.054267 -192.250000
2468.085210 -2105.080323 -192.250000
2466.085380 -2105.106379 -192.250000
2464.085550 -2105.132436 -192.250000
2462.085719 -2105.158492 -192.250000
2460.085889 -2105.184549 -192.250000
2458.086059 -2105.210605 -192.250000
2456.086229 -2105.236662 -192.250000
2454.086398 -2105.262718 -192.250000
2452.086568 -2105.288774 -192.250000
2450.086738 -2105.314831 -192.250000
2448.086908 -2105.340887 -192.250000
2446.087077 -2105.366944 -192.250000
2444.087247 -2105.393000 -192.250000
2442.087417 -2105.419056 -192.250000
2440.087587 -2105.445113 -192.250000
2438.087756 -2105.471169 -192.250000
2436.087926 -2105.497226 -192.250000
2434.088096 -2105.523282 -192.250000
2432.088266 -2105.549339 -192.250000
2430.088435 -2105.575395 -192.250000
2428.088605 -2105.601451 -192.250000
2426.088775 -2105.627508 -192.250000
2424.088945 -2105.653564 -192.250000
2422.089114 -2105.679621 -192.250000
2420.089284 -2105.705677 -192.250000
2418.089454 -2105.731734 -192.250000
2416.089623 -2105.757790 -192.250000
2414.089793 -2105.783846 -192.250000
2412.089963 -2105.809903 -192.250000
2410.090133 -2105.835959 -192.250000
2408.090302 -2105.862016 -192.250000
2406.090472 -2105.888072 -192.250000
2404.090642 -2105.914128 -192.250000
2402.090812 -2105.940185 -192.250000
2400.090981 -2105.966241 -192.250000
2398.091151 -2105.992298 -192.250000
2396.091321 -2106.018354 -192.250000
2394.091491 -2106.044411 -192.250000
2392.091660 -2106.070467 -192.250000
2390.091830 -2106.096523 -192.250000
2388.092000 -2106.122580 -192.250000
2386.092170 -2106.148636 -192.250000
2384.092339 -2106.174693 -192.250000
2382.092509 -2106.200749 -192.250000
2380.092679 -2106.226805 -192.250000
2378.092849 -2106.252862 -192.250000
2376.093018 -2106.278918 -192.250000
2374.093188 -2106.304975 -192.250000
2372.093358 -2106.331031 -192.250000
2370.093528 -2106.357088 -192.250000
2368.093697 -2106.383144 -192.250000
2366.093867 -2106.409200 -192.250000
2364.094037 -2106.435257 -192.250000
2362.094207 -2106.461313 -192.250000
2360.094376 -2106.487370 -192.250000
2358.094546 -2106.513426 -192.250000
2356.094716 -2106.539483 -192.250000
2354.094885 -2106.565539 -192.250000
2352.095055 -2106.591595 -192.250000
2350.095225 -2106.617652 -192.250000
2348.095395 -2106.643708 -192.250000
2346.095564 -2106.669765 -192.250000
2344.095734 -2106.695821 -192.250000
2342.095904 -2106.721877 -192.250000
2340.096074 -2106.747934 -192.250000
2338.096243 -2106.773990 -192.250000
2336.096413 -2106.800047 -192.250000
2334.096583 -2106.826103 -192.250000
2332.096753 -2106.852160 -192.250000
2330.096922 -2106.878216 -192.250000
2328.097092 -2106.904272 -192.250000
2326.097262 -2106.930329 -192.250000
2324.097432 -2106.956385 -192.250000
2322.097601 -2106.982442 -192.250000
2320.097771 -2107.008498 -192.250000
2318.097941 -2107.034555 -192.250000
2316.098111 -2107.060611 -192.250000
2314.098280 -2107.086667 -192.250000
2312.098450 -2107.112724 -192.250000
2310.098620 -2107.138780 -192.250000
2308.098790 -2107.164837 -192.250000
2306.098959 -2107.190893 -192.250000
2304.099129 -2107.216949 -192.250000
2302.099299 -2107.243006 -192.250000
2300.099468 -2107.269062 -192.250000
2298.099638 -2107.295119 -192.250000
2296.099808 -2107.321175 -192.250000
2294.099978 -2107.347232 -192.250000
2292.100147 -2107.373288 -192.250000
2290.100317 -2107.399344 -192.250000
2288.100487 -2107.425401 -192.250000
2286.100657 -2107.451457 -192.250000
2284.100826 -2107.477514 -192.250000
2282.100996 -2107.503570 -192.250000
2280.101166 -2107.529627 -192.250000
2278.101336 -2107.555683 -192.250000
2276.101505 -2107.581739 -192.250000
2274.101675 -2107.607796 -192.250000
2272.101845 -2107.633852 -192.250000
2270.102015 -2107.659909 -192.250000
2268.102184 -2107.685965 -192.250000
2266.102354 -2107.712021 -192.250000
2264.102524 -2107.738078 -192.250000
2262.102694 -2107.764134 -192.250000
2260.102863 -2107.790191 -192.250000
2258.103033 -2107.816247 -192.250000
2256.103203 -2107.842304 -192.250000
2254.103373 -2107.868360 -192.250000
2252.103542 -2107.894416 -192.250000
2250.103712 -2107.920473 -192.250000
2248.103882 -2107.946529 -192.250000
2246.104052 -2107.972586 -192.250000
2244.104221 -2107.998642 -192.250000
2242.104391 -2108.024698 -192.250000
2240.104561 -2108.050755 -192.250000
2238.104730 -2108.076811 -192.250000
2236.104900 -2108.102868 -192.250000
2234.105070 -2108.128924 -192.250000
2232.105240 -2108.154981 -192.250000
2230.105409 -2108.181037 -192.250000
2228.105579 -2108.207093 -192.250000
2226.105749 -2108.233150 -192.250000
2224.105919 -2108.259206 -192.250000
2222.106088 -2108.285263 -192.250000
2220.106258 -2108.311319 -192.250000
2218.106428 -2108.337376 -192.250000
2216.106598 -2108.363432 -192.250000
2214.106767 -2108.389488 -192.250000
2212.106937 -2108.415545 -192.250000
2210.107107 -2108.441601 -192.250000
2208.107277 -2108.467658 -192.250000
2206.107446 -2108.493714 -192.250000
2204.107616 -2108.519770 -192.250000
2202.107786 -2108.545827 -192.250000
2200.107956 -2108.571883 -192.250000
2198.108125 -2108.597940 -192.250000
2196.108295 -2108.623996 -192.250000
2194.108465 -2108.650053 -192.250000
2192.108635 -2108.676109 -192.250000
2190.108804 -2108.702165 -192.250000
2188.108974 -2108.728222 -192.250000
2186.109144 -2108.754278 -192.250000
2184.109314 -2108.780335 -192.250000
2182.109483 -2108.806391 -192.250000
2180.109653 -2108.832448 -192.250000
2178.109823 -2108.858504 -192.250000
2176.109992 -2108.884560 -192.250000
2174.110162 -2108.910617 -192.250000
2172.110332 -2108.936673 -192.250000
2170.110502 -2108.962730 -192.250000
2168.110671 -2108.988786 -192.250000
2166.110841 -2109.014842 -192.250000
2164.111011 -2109.040899 -192.250000
2162.111181 -2109.066955 -192.250000
2160.111350 -2109.093012 -192.250000
2158.111520 -2109.119068 -192.250000
2156.111690 -2109.145125 -192.250000
2154.111860 -2109.171181 -192.250000
2152.112029 -2109.197237 -192.250000
2150.112199 -2109.223294 -192.250000
2148.112369 -2109.249350 -192.250000
2146.112539 -2109.275407 -192.250000
2144.112708 -2109.301463 -192.250000
2142.112878 -2109.327520 -192.250000
2140.113048 -2109.353576 -192.250000
2138.113218 -2109.379632 -192.250000
2136.113387 -2109.405689 -192.250000
2134.113557 -2109.431745 -192.250000
2132.113727 -2109.457802 -192.250000
2130.113897 -2109.483858 -192.250000
2128.114066 -2109.509914 -192.250000
2126.114236 -2109.535971 -192.250000
2124.114406 -2109.562027 -192.250000
2122.114575 -2109.588084 -192.250000
2120.114745 -2109.614140 -192.250000
2118.114915 -2109.640197 -192.250000
2116.115085 -2109.666253 -192.250000
2114.115254 -2109.692309 -192.250000
2112.115424 -2109.718366 -192.250000
2110.115594 -2109.744422 -192.250000
2108.115764 -2109.770479 -192.250000
2106.115933 -2109.796535 -192.250000
2104.116103 -2109.822591 -192.250000
2102.116273 -2109.848648 -192.250000
2100.116443 -2109.874704 -192.250000
2098.116612 -2109.900761 -192.250000
2096.116782 -2109.926817 -192.250000
2094.116952 -2109.952874 -192.250000
2092.117122 -2109.978930 -192.250000
2090.117291 -2110.004986 -192.250000
2088.117461 -2110.031043 -192.250000
2086.117631 -2110.057099 -192.250000
2084.117801 -2110.083156 -192.250000
2082.117970 -2110.109212 -192.250000
2080.118140 -2110.135269 -192.250000
2078.118310 -2110.161325 -192.250000
2076.118480 -2110.187381 -192.250000
2074.118649 -2110.213438 -192.250000
2072.118819 -2110.239494 -192.250000
2070.118989 -2110.265551 -192.250000
2068.119159 -2110.291607 -192.250000
2066.119328 -2110.317663 -192.250000
2064.119498 -2110.343720 -192.250000
2062.119668 -2110.369776 -192.250000
2060.119837 -2110.395833 -192.250000
2058.120007 -2110.421889 -192.250000
2056.120177 -2110.447946 -192.250000
2054.120347 -2110.474002 -192.250000
2052.120516 -2110.500058 -192.250000
2050.120686 -2110.526115 -192.250000
2048.120856 -2110.552171 -192.250000
2046.121026 -2110.578228 -192.250000
2044.121195 -2110.604284 -192.250000
2042.121365 -2110.630341 -192.250000
2040.121535 -2110.656397 -192.250000
2038.121705 -2110.682453 -192.250000
2036.121874 -2110.708510 -192.250000
2034.122044 -2110.734566 -192.250000
2032.122214 -2110.760623 -192.250000
2030.122384 -2110.786679 -192.250000
2028.122553 -2110.812735 -192.250000
2026.122723 -2110.838792 -192.250000
2024.122893 -2110.864848 -192.250000
2022.123063 -2110.890905 -192.250000
2020.123232 -2110.916961 -192.250000
2018.123402 -2110.943018 -192.250000
2016.123572 -2110.969074 -192.250000
2014.123742 -2110.995130 -192.250000
2012.000000 -2111.022801 -192.250000
2010.003120 -2111.048819 -192.141408
2008.006239 -2111.074837 -192.032817
2006.009359 -2111.100855 -191.924225
2004.012479 -2111.126873 -191.815633
2002.015599 -2111.152891 -191.707042
2000.018718 -2111.178909 -191.598450
1998.021838 -2111.204927 -191.489858
1996.024958 -2111.230945 -191.381267
1994.028077 -2111.256963 -191.272675
1992.031197 -2111.282981 -191.164083
1990.034317 -2111.308999 -191.055492
1988.037436 -2111.335017 -190.946900
1986.040556 -2111.361035 -190.838308
1984.043676 -2111.387053 -190.729717
1982.046796 -2111.413071 -190.621125
1980.049915 -2111.439089 -190.512533
1978.053035 -2111.465107 -190.403941
1976.056155 -2111.491125 -190.295350
1974.059274 -2111.517143 -190.186758
1972.062394 -2111.543161 -190.078166
1970.065514 -2111.569179 -189.969575
1968.068634 -2111.595197 -189.860983
1966.071753 -2111.621215 -189.752391
1964.074873 -2111.647233 -189.643800
1962.077993 -2111.673251 -189.535208
1960.081112 -2111.699269 -189.426616
1958.084232 -2111.725287 -189.318025
1956.087352 -2111.751305 -189.209433
1954.090471 -2111.777323 -189.100841
1952.093591 -2111.803341 -188.992250
1950.096711 -2111.829359 -188.883658
1948.099831 -2111.855377 -188.775066
1946.102950 -2111.881395 -188.666475
1944.106070 -2111.907413 -188.557883
1942.109190 -2111.933431 -188.449291
1940.112309 -2111.959449 -188.340700
1938.115429 -2111.985467 -188.232108
1936.118549 -2112.011485 -188.123516
1934.121669 -2112.037503 -188.014925
1932.124788 -2112.063521 -187.906333
1930.127908 -2112.089539 -187.797741
1928.131028 -2112.115557 -187.689150
1926.134147 -2112.141575 -187.580558
1924.137267 -2112.167593 -187.471966
1922.140387 -2112.193611 -187.363375
1920.143506 -2112.219629 -187.254783
1918.146626 -2112.245647 -187.146191
1916.149746 -2112.271665 -187.037599
1914.152866 -2112.297683 -186.929008
1912.155985 -2112.323701 -186.820416
1910.159105 -2112.349719 -186.711824
1908.162225 -2112.375736 -186.603233
1906.165344 -2112.401754 -186.494641
1904.168464 -2112.427772 -186.386049
1902.171584 -2112.453790 -186.277458
1900.174703 -2112.479808 -186.168866
1898.177823 -2112.505826 -186.060274
1896.180943 -2112.531844 -185.951683
1894.184063 -2112.557862 -185.843091
1892.187182 -2112.583880 -185.734499
1890.190302 -2112.609898 -185.625908
1888.193422 -2112.635916 -185.517316
1886.196541 -2112.661934 -185.408724
1884.199661 -2112.687952 -185.300133
1882.202781 -2112.713970 -185.191541
1880.205901 -2112.739988 -185.082949
1878.209020 -2112.766006 -184.974358
1876.212140 -2112.792024 -184.865766
1874.215260 -2112.818042 -184.757174
1872.218379 -2112.844060 -184.648583
1870.221499 -2112.870078 -184.539991
1868.224619 -2112.896096 -184.431399
1866.227738 -2112.922114 -184.322808
1864.230858 -2112.948132 -184.214216
1862.233978 -2112.974150 -184.105624
1860.237098 -2113.000168 -183.997032
1858.240217 -2113.026186 -183.888441
1856.243337 -2113.052204 -183.779849
1854.246457 -2113.078222 -183.671257
1852.249576 -2113.104240 -183.562666
1850.252696 -2113.130258 -183.454074
1848.255816 -2113.156276 -183.345482
1846.258936 -2113.182294 -183.236891
1844.262055 -2113.208312 -183.128299
1842.265175 -2113.234330 -183.019707
1840.268295 -2113.260348 -182.911116
1838.271414 -2113.286366 -182.802524
1836.274534 -2113.312384 -182.693932
1834.277654 -2113.338402 -182.585341
1832.280773 -2113.364420 -182.476749
1830.283893 -2113.390438 -182.368157
1828.287013 -2113.416456 -182.259566
1826.290133 -2113.442474 -182.150974
1824.293252 -2113.468492 -182.042382
1822.296372 -2113.494510 -181.933791
1820.299492 -2113.520528 -181.825199
1818.302611 -2113.546546 -181.716607
1816.305731 -2113.572564 -181.608016
1814.308851 -2113.598582 -181.499424
1812.311971 -2113.624600 -181.390832
1810.315090 -2113.650618 -181.282241
1808.318210 -2113.676636 -181.173649
1806.321330 -2113.702654 -181.065057
1804.324449 -2113.728672 -180.956466
1802.327569 -2113.754690 -180.847874
1800.330689 -2113.780708 -180.739282
1798.333808 -2113.806726 -180.630690
1796.336928 -2113.832744 -180.522099
1794.340048 -2113.858762 -180.413507
1792.343168 -2113.884780 -180.304915
1790.346287 -2113.910798 -180.196324
1788.349407 -2113.936816 -180.087732
1786.352527 -2113.962834 -179.979140
1784.355646 -2113.988852 -179.870549
1782.358766 -2114.014869 -179.761957
1780.361886 -2114.040887 -179.653365
1778.365006 -2114.066905 -179.544774
1776.368125 -2114.092923 -179.436182
1774.371245 -2114.118941 -179.327590
1772.374365 -2114.144959 -179.218999
1770.377484 -2114.170977 -179.110407
1768.380604 -2114.196995 -179.001815
1766.383724 -2114.223013 -178.893224
1764.386843 -2114.249031 -178.784632
1762.389963 -2114.275049 -178.676040
1760.393083 -2114.301067 -178.567449
1758.396203 -2114.327085 -178.458857
1756.399322 -2114.353103 -178.350265
1754.402442 -2114.379121 -178.241674
1752.405562 -2114.405139 -178.133082
1750.408681 -2114.431157 -178.024490
1748.411801 -2114.457175 -177.915899
1746.414921 -2114.483193 -177.807307
1744.418040 -2114.509211 -177.698715
1742.421160 -2114.535229 -177.590124
1740.424280 -2114.561247 -177.481532
1738.427400 -2114.587265 -177.372940
1736.430519 -2114.613283 -177.264348
1734.433639 -2114.639301 -177.155757
1732.436759 -2114.665319 -177.047165
1730.439878 -2114.691337 -176.938573
1728.442998 -2114.717355 -176.829982
1726.446118 -2114.743373 -176.721390
1724.449238 -2114.769391 -176.612798
1722.452357 -2114.795409 -176.504207
1720.455477 -2114.821427 -176.395615
1718.458597 -2114.847445 -176.287023
1716.461716 -2114.873463 -176.178432
1714.464836 -2114.899481 -176.069840
1712.467956 -2114.925499 -175.961248
1710.471075 -2114.951517 -175.852657
1708.474195 -2114.977535 -175.744065
1706.477315 -2115.003553 -175.635473
1704.480435 -2115.029571 -175.526882
1702.483554 -2115.055589 -175.418290
1700.486674 -2115.081607 -175.309698
1698.489794 -2115.107625 -175.201107
1696.492913 -2115.133643 -175.092515
1694.496033 -2115.159661 -174.983923
1692.499153 -2115.185679 -174.875332
1690.502273 -2115.211697 -174.766740
1688.505392 -2115.237715 -174.658148
1686.508512 -2115.263733 -174.549557
1684.511632 -2115.289751 -174.440965
1682.514751 -2115.315769 -174.332373
1680.517871 -2115.341787 -174.223782
1678.520991 -2115.367805 -174.115190
1676.524110 -2115.393823 -174.006598
1674.527230 -2115.419841 -173.898006
1672.530350 -2115.445859 -173.789415
1670.533470 -2115.471877 -173.680823
1668.536589 -2115.497895 -173.572231
1666.539709 -2115.523913 -173.463640
1664.542829 -2115.549931 -173.355048
1662.545948 -2115.575949 -173.246456
1660.549068 -2115.601967 -173.137865
1658.552188 -2115.627985 -173.029273
1656.555308 -2115.654003 -172.920681
1654.558427 -2115.680020 -172.812090
1652.561547 -2115.706038 -172.703498
1650.564667 -2115.732056 -172.594906
1648.567786 -2115.758074 -172.486315
1646.570906 -2115.784092 -172.377723
1644.574026 -2115.810110 -172.269131
1642.577145 -2115.836128 -172.160540
1640.580265 -2115.862146 -172.051948
1638.583385 -2115.888164 -171.943356
1636.586505 -2115.914182 -171.834765
1634.589624 -2115.940200 -171.726173
1632.592744 -2115.966218 -171.617581
1630.595864 -2115.992236 -171.508990
1628.598983 -2116.018254 -171.400398
1626.602103 -2116.044272 -171.291806
1624.605223 -2116.070290 -171.183215
1622.608343 -2116.096308 -171.074623
1620.611462 -2116.122326 -170.966031
1618.614582 -2116.148344 -170.857439
1616.617702 -2116.174362 -170.748848
1614.620821 -2116.200380 -170.640256
1612.623941 -2116.226398 -170.531664
1610.627061 -2116.252416 -170.423073
1608.630180 -2116.278434 -170.314481
1606.633300 -2116.304452 -170.205889
1604.636420 -2116.330470 -170.097298
1602.639540 -2116.356488 -169.988706
1600.642659 -2116.382506 -169.880114
1598.645779 -2116.408524 -169.771523
1596.648899 -2116.434542 -169.662931
1594.652018 -2116.460560 -169.554339
1592.655138 -2116.486578 -169.445748
1590.658258 -2116.512596 -169.337156
1588.661377 -2116.538614 -169.228564
1586.664497 -2116.564632 -169.119973
1584.667617 -2116.590650 -169.011381
1582.670737 -2116.616668 -168.902789
1580.673856 -2116.642686 -168.794198
1578.676976 -2116.668704 -168.685606
1576.680096 -2116.694722 -168.577014
1574.683215 -2116.720740 -168.468423
1572.686335 -2116.746758 -168.359831
1570.689455 -2116.772776 -168.251239
1568.692575 -2116.798794 -168.142648
1566.695694 -2116.824812 -168.034056
1564.698814 -2116.850830 -167.925464
1562.701934 -2116.876848 -167.816873
1560.705053 -2116.902866 -167.708281
1558.708173 -2116.928884 -167.599689
1556.711293 -2116.954902 -167.491097
1554.714412 -2116.980920 -167.382506
1552.717532 -2117.006938 -167.273914
1550.720652 -2117.032956 -167.165322
1548.723772 -2117.058974 -167.056731
1546.726891 -2117.084992 -166.948139
1544.730011 -2117.111010 -166.839547
1542.733131 -2117.137028 -166.730956
1540.736250 -2117.163046 -166.622364
1538.739370 -2117.189064 -166.513772
1536.742490 -2117.215082 -166.405181
1534.745610 -2117.241100 -166.296589
1532.748729 -2117.267118 -166.187997
1530.751849 -2117.293136 -166.079406
1528.754969 -2117.319154 -165.970814
1526.758088 -2117.345171 -165.862222
1524.761208 -2117.371189 -165.753631
1522.764328 -2117.397207 -165.645039
1520.767447 -2117.423225 -165.536447
1518.770567 -2117.449243 -165.427856
1516.773687 -2117.475261 -165.319264
1514.776807 -2117.501279 -165.210672
1512.779926 -2117.527297 -165.102081
1510.783046 -2117.553315 -164.993489
1508.786166 -2117.579333 -164.884897
1506.789285 -2117.605351 -164.776306
1504.792405 -2117.631369 -164.667714
1502.795525 -2117.657387 -164.559122
1500.798645 -2117.683405 -164.450531
1498.801764 -2117.709423 -164.341939
1496.804884 -2117.735441 -164.233347
1494.808004 -2117.761459 -164.124755
1492.811123 -2117.787477 -164.016164
1490.814243 -2117.813495 -163.907572
1488.817363 -2117.839513 -163.798980
1486.820482 -2117.865531 -163.690389
1484.823602 -2117.891549 -163.581797
1482.826722 -2117.917567 -163.473205
1480.829842 -2117.943585 -163.364614
1478.832961 -2117.969603 -163.256022
1476.836081 -2117.995621 -163.147430
1474.839201 -2118.021639 -163.038839
1472.842320 -2118.047657 -162.930247
1470.845440 -2118.073675 -162.821655
1468.848560 -2118.099693 -162.713064
1466.851680 -2118.125711 -162.604472
1464.854799 -2118.151729 -162.495880
1462.857919 -2118.177747 -162.387289
1460.861039 -2118.203765 -162.278697
1458.864158 -2118.229783 -162.170105
1456.867278 -2118.255801 -162.061514
1454.870398 -2118.281819 -161.952922
1452.873517 -2118.307837 -161.844330
1450.876637 -2118.333855 -161.735739
1448.879757 -2118.359873 -161.627147
1446.882877 -2118.385891 -161.518555
1444.885996 -2118.411909 -161.409964
1442.889116 -2118.437927 -161.301372
1440.892236 -2118.463945 -161.192780
1438.895355 -2118.489963 -161.084189
1436.898475 -2118.515981 -160.975597
1434.901595 -2118.541999 -160.867005
1432.904714 -2118.568017 -160.758413
1430.907834 -2118.594035 -160.649822
1428.910954 -2118.620053 -160.541230
1426.914074 -2118.646071 -160.432638
1424.917193 -2118.672089 -160.324047
1422.920313 -2118.698107 -160.215455
1420.923433 -2118.724125 -160.106863
1418.926552 -2118.750143 -159.998272
1416.929672 -2118.776161 -159.889680
1414.932792 -2118.802179 -159.781088
1412.935912 -2118.828197 -159.672497
1410.939031 -2118.854215 -159.563905
1408.942151 -2118.880233 -159.455313
1406.945271 -2118.906251 -159.346722
1404.948390 -2118.932269 -159.238130
1402.951510 -2118.958287 -159.129538
1400.954630 -2118.984304 -159.020947
1398.957749 -2119.010322 -158.912355
1396.960869 -2119.036340 -158.803763
1394.963989 -2119.062358 -158.695172
1392.967109 -2119.088376 -158.586580
1390.970228 -2119.114394 -158.477988
1388.973348 -2119.140412 -158.369397
1386.976468 -2119.166430 -158.260805
1384.979587 -2119.192448 -158.152213
1382.982707 -2119.218466 -158.043622
1380.985827 -2119.244484 -157.935030
1378.988947 -2119.270502 -157.826438
1376.992066 -2119.296520 -157.717847
1374.995186 -2119.322538 -157.609255
1372.998306 -2119.348556 -157.500663
1371.001425 -2119.374574 -157.392071
1369.004545 -2119.400592 -157.283480
1367.007665 -2119.426610 -157.174888
1365.010784 -2119.452628 -157.066296
1363.013904 -2119.478646 -156.957705
1361.017024 -2119.504664 -156.849113
1359.020144 -2119.530682 -156.740521
1357.023263 -2119.556700 -156.631930
1355.026383 -2119.582718 -156.523338
1353.029503 -2119.608736 -156.414746
1350.000000 -2119.648208 -156.250000
1348.000170 -2119.674265 -156.250000
1346.000339 -2119.700321 -156.250000
1344.000509 -2119.726378 -156.250000
1342.000679 -2119.752434 -156.250000
1340.000849 -2119.778491 -156.250000
1338.001018 -2119.804547 -156.250000
1336.001188 -2119.830603 -156.250000
1334.001358 -2119.856660 -156.250000
1332.001528 -2119.882716 -156.250000
1330.001697 -2119.908773 -156.250000
1328.001867 -2119.934829 -156.250000
1326.002037 -2119.960886 -156.250000
1324.002207 -2119.986942 -156.250000
1322.002376 -2120.012998 -156.250000
1320.002546 -2120.039055 -156.250000
1318.002716 -2120.065111 -156.250000
1316.002886 -2120.091168 -156.250000
1314.003055 -2120.117224 -156.250000
1312.003225 -2120.143280 -156.250000
1310.003395 -2120.169337 -156.250000
1308.003565 -2120.195393 -156.250000
1306.003734 -2120.221450 -156.250000
1304.003904 -2120.247506 -156.250000
1302.004074 -2120.273563 -156.250000
1300.004244 -2120.299619 -156.250000
1298.004413 -2120.325675 -156.250000
1296.004583 -2120.351732 -156.250000
1294.004753 -2120.377788 -156.250000
1292.004923 -2120.403845 -156.250000
1290.005092 -2120.429901 -156.250000
1288.005262 -2120.455957 -156.250000
1286.005432 -2120.482014 -156.250000
1284.005601 -2120.508070 -156.250000
1282.005771 -2120.534127 -156.250000
1280.005941 -2120.560183 -156.250000
1278.006111 -2120.586240 -156.250000
1276.006280 -2120.612296 -156.250000
1274.006450 -2120.638352 -156.250000
1272.006620 -2120.664409 -156.250000
1270.006790 -2120.690465 -156.250000
1268.006959 -2120.716522 -156.250000
1266.007129 -2120.742578 -156.250000
1264.007299 -2120.768635 -156.250000
1262.007469 -2120.794691 -156.250000
1260.007638 -2120.820747 -156.250000
1258.007808 -2120.846804 -156.250000
1256.007978 -2120.872860 -156.250000
1254.008148 -2120.898917 -156.250000
1252.008317 -2120.924973 -156.250000
1250.008487 -2120.951029 -156.250000
1248.008657 -2120.977086 -156.250000
1246.008827 -2121.003142 -156.250000
1244.008996 -2121.029199 -156.250000
1242.009166 -2121.055255 -156.250000
1240.009336 -2121.081312 -156.250000
1238.009506 -2121.107368 -156.250000
1236.009675 -2121.133424 -156.250000
1234.009845 -2121.159481 -156.250000
1232.010015 -2121.185537 -156.250000
1230.010184 -2121.211594 -156.250000
1228.010354 -2121.237650 -156.250000
1226.010524 -2121.263707 -156.250000
1224.010694 -2121.289763 -156.250000
1222.010863 -2121.315819 -156.250000
1220.011033 -2121.341876 -156.250000
1218.011203 -2121.367932 -156.250000
1216.011373 -2121.393989 -156.250000
1214.011542 -2121.420045 -156.250000
1212.011712 -2121.446101 -156.250000
1210.011882 -2121.472158 -156.250000
1208.012052 -2121.498214 -156.250000
1206.012221 -2121.524271 -156.250000
1204.012391 -2121.550327 -156.250000
1202.012561 -2121.576384 -156.250000
1200.012731 -2121.602440 -156.250000
1198.012900 -2121.628496 -156.250000
1196.013070 -2121.654553 -156.250000
1194.013240 -2121.680609 -156.250000
1192.013410 -2121.706666 -156.250000
1190.013579 -2121.732722 -156.250000
1188.013749 -2121.758779 -156.250000
1186.013919 -2121.784835 -156.250000
1184.014089 -2121.810891 -156.250000
1182.014258 -2121.836948 -156.250000
1180.014428 -2121.863004 -156.250000
1178.014598 -2121.889061 -156.250000
1176.014768 -2121.915117 -156.250000
1174.014937 -2121.941173 -156.250000
1172.015107 -2121.967230 -156.250000
1170.015277 -2121.993286 -156.250000
1168.015446 -2122.019343 -156.250000
1166.015616 -2122.045399 -156.250000
1164.015786 -2122.071456 -156.250000
1162.015956 -2122.097512 -156.250000
1160.016125 -2122.123568 -156.250000
1158.016295 -2122.149625 -156.250000
1156.016465 -2122.175681 -156.250000
1154.016635 -2122.201738 -156.250000
1152.016804 -2122.227794 -156.250000
1150.016974 -2122.253850 -156.250000
1148.017144 -2122.279907 -156.250000
1146.017314 -2122.305963 -156.250000
1144.017483 -2122.332020 -156.250000
1142.017653 -2122.358076 -156.250000
1140.017823 -2122.384133 -156.250000
1138.017993 -2122.410189 -156.250000
1136.018162 -2122.436245 -156.250000
1134.018332 -2122.462302 -156.250000
1132.018502 -2122.488358 -156.250000
1130.018672 -2122.514415 -156.250000
1128.018841 -2122.540471 -156.250000
1126.019011 -2122.566528 -156.250000
1124.019181 -2122.592584 -156.250000
1122.019351 -2122.618640 -156.250000
1120.019520 -2122.644697 -156.250000
1118.019690 -2122.670753 -156.250000
1116.019860 -2122.696810 -156.250000
1114.020029 -2122.722866 -156.250000
1112.020199 -2122.748922 -156.250000
1110.020369 -2122.774979 -156.250000
1108.020539 -2122.801035 -156.250000
1106.020708 -2122.827092 -156.250000
1104.020878 -2122.853148 -156.250000
1102.021048 -2122.879205 -156.250000
1100.021218 -2122.905261 -156.250000
1098.021387 -2122.931317 -156.250000
1096.021557 -2122.957374 -156.250000
1094.021727 -2122.983430 -156.250000
1092.021897 -2123.009487 -156.250000
1090.022066 -2123.035543 -156.250000
1088.022236 -2123.061600 -156.250000
1086.022406 -2123.087656 -156.250000
1084.022576 -2123.113712 -156.250000
1082.022745 -2123.139769 -156.250000
1080.022915 -2123.165825 -156.250000
1078.023085 -2123.191882 -156.250000
1076.023255 -2123.217938 -156.250000
1074.023424 -2123.243994 -156.250000
1072.023594 -2123.270051 -156.250000
1070.023764 -2123.296107 -156.250000
1068.023934 -2123.322164 -156.250000
1066.024103 -2123.348220 -156.250000
1064.024273 -2123.374277 -156.250000
1062.024443 -2123.400333 -156.250000
1060.024613 -2123.426389 -156.250000
1058.024782 -2123.452446 -156.250000
1056.024952 -2123.478502 -156.250000
1054.025122 -2123.504559 -156.250000
1052.025291 -2123.530615 -156.250000
1050.025461 -2123.556672 -156.250000
1048.025631 -2123.582728 -156.250000
1046.025801 -2123.608784 -156.250000
1044.025970 -2123.634841 -156.250000
1042.026140 -2123.660897 -156.250000
1040.026310 -2123.686954 -156.250000
1038.026480 -2123.713010 -156.250000
1036.026649 -2123.739066 -156.250000
1034.026819 -2123.765123 -156.250000
1032.026989 -2123.791179 -156.250000
1030.027159 -2123.817236 -156.250000
1028.027328 -2123.843292 -156.250000
1026.027498 -2123.869349 -156.250000
1024.027668 -2123.895405 -156.250000
1022.027838 -2123.921461 -156.250000
1020.028007 -2123.947518 -156.250000
1018.028177 -2123.973574 -156.250000
1016.028347 -2123.999631 -156.250000
1014.028517 -2124.025687 -156.250000
1012.028686 -2124.051744 -156.250000
1010.028856 -2124.077800 -156.250000
1008.029026 -2124.103856 -156.250000
1006.029196 -2124.129913 -156.250000
1004.029365 -2124.155969 -156.250000
1002.029535 -2124.182026 -156.250000
1000.029705 -2124.208082 -156.250000
998.029874 -2124.234138 -156.250000
996.030044 -2124.260195 -156.250000
994.030214 -2124.286251 -156.250000
992.030384 -2124.312308 -156.250000
990.030553 -2124.338364 -156.250000
988.030723 -2124.364421 -156.250000
986.030893 -2124.390477 -156.250000
984.031063 -2124.416533 -156.250000
982.031232 -2124.442590 -156.250000
980.031402 -2124.468646 -156.250000
978.031572 -2124.494703 -156.250000
976.031742 -2124.520759 -156.250000
974.031911 -2124.546815 -156.250000
972.032081 -2124.572872 -156.250000
970.032251 -2124.598928 -156.250000
968.032421 -2124.624985 -156.250000
966.032590 -2124.651041 -156.250000
964.032760 -2124.677098 -156.250000
962.032930 -2124.703154 -156.250000
960.033100 -2124.729210 -156.250000
958.033269 -2124.755267 -156.250000
956.033439 -2124.781323 -156.250000
954.033609 -2124.807380 -156.250000
952.033779 -2124.833436 -156.250000
950.033948 -2124.859493 -156.250000
948.034118 -2124.885549 -156.250000
946.034288 -2124.911605 -156.250000
944.034458 -2124.937662 -156.250000
942.034627 -2124.963718 -156.250000
940.034797 -2124.989775 -156.250000
938.034967 -2125.015831 -156.250000
936.035136 -2125.041887 -156.250000
934.035306 -2125.067944 -156.250000
932.035476 -2125.094000 -156.250000
930.035646 -2125.120057 -156.250000
928.035815 -2125.146113 -156.250000
926.035985 -2125.172170 -156.250000
924.036155 -2125.198226 -156.250000
922.036325 -2125.224282 -156.250000
920.036494 -2125.250339 -156.250000
918.036664 -2125.276395 -156.250000
916.036834 -2125.302452 -156.250000
914.037004 -2125.328508 -156.250000
912.037173 -2125.354565 -156.250000
910.037343 -2125.380621 -156.250000
908.037513 -2125.406677 -156.250000
906.037683 -2125.432734 -156.250000
904.037852 -2125.458790 -156.250000
902.038022 -2125.484847 -156.250000
900.038192 -2125.510903 -156.250000
898.038362 -2125.536959 -156.250000
896.038531 -2125.563016 -156.250000
894.038701 -2125.589072 -156.250000
892.038871 -2125.615129 -156.250000
890.039041 -2125.641185 -156.250000
888.039210 -2125.667242 -156.250000
886.039380 -2125.693298 -156.250000
884.039550 -2125.719354 -156.250000
882.039720 -2125.745411 -156.250000
880.039889 -2125.771467 -156.250000
878.040059 -2125.797524 -156.250000
876.040229 -2125.823580 -156.250000
874.040398 -2125.849637 -156.250000
872.040568 -2125.875693 -156.250000
870.040738 -2125.901749 -156.250000
868.040908 -2125.927806 -156.250000
866.041077 -2125.953862 -156.250000
864.041247 -2125.979919 -156.250000
862.041417 -2126.005975 -156.250000
860.041587 -2126.032031 -156.250000
858.041756 -2126.058088 -156.250000
856.041926 -2126.084144 -156.250000
854.042096 -2126.110201 -156.250000
852.042266 -2126.136257 -156.250000
850.042435 -2126.162314 -156.250000
848.042605 -2126.188370 -156.250000
846.042775 -2126.214426 -156.250000
844.042945 -2126.240483 -156.250000
842.043114 -2126.266539 -156.250000
840.043284 -2126.292596 -156.250000
838.043454 -2126.318652 -156.250000
836.043624 -2126.344708 -156.250000
834.043793 -2126.370765 -156.250000
832.043963 -2126.396821 -156.250000
830.044133 -2126.422878 -156.250000
828.044303 -2126.448934 -156.250000
826.044472 -2126.474991 -156.250000
824.044642 -2126.501047 -156.250000
822.044812 -2126.527103 -156.250000
820.044981 -2126.553160 -156.250000
818.045151 -2126.579216 -156.250000
816.045321 -2126.605273 -156.250000
814.045491 -2126.631329 -156.250000
812.045660 -2126.657386 -156.250000
810.045830 -2126.683442 -156.250000
808.046000 -2126.709498 -156.250000
806.046170 -2126.735555 -156.250000
804.046339 -2126.761611 -156.250000
802.046509 -2126.787668 -156.250000
800.046679 -2126.813724 -156.250000
798.046849 -2126.839780 -156.250000
796.047018 -2126.865837 -156.250000
794.047188 -2126.891893 -156.250000
792.047358 -2126.917950 -156.250000
790.047528 -2126.944006 -156.250000
788.047697 -2126.970063 -156.250000
786.047867 -2126.996119 -156.250000
784.048037 -2127.022175 -156.250000
782.048207 -2127.048232 -156.250000
780.048376 -2127.074288 -156.250000
778.048546 -2127.100345 -156.250000
776.048716 -2127.126401 -156.250000
774.048886 -2127.152458 -156.250000
772.049055 -2127.178514 -156.250000
770.049225 -2127.204570 -156.250000
768.049395 -2127.230627 -156.250000
766.049565 -2127.256683 -156.250000
764.049734 -2127.282740 -156.250000
762.049904 -2127.308796 -156.250000
760.050074 -2127.334852 -156.250000
758.050243 -2127.360909 -156.250000
756.050413 -2127.386965 -156.250000
754.050583 -2127.413022 -156.250000
752.050753 -2127.439078 -156.250000
750.050922 -2127.465135 -156.250000
748.051092 -2127.491191 -156.250000
746.051262 -2127.517247 -156.250000
744.051432 -2127.543304 -156.250000
742.051601 -2127.569360 -156.250000
740.051771 -2127.595417 -156.250000
738.051941 -2127.621473 -156.250000
736.052111 -2127.647530 -156.250000
734.052280 -2127.673586 -156.250000
732.052450 -2127.699642 -156.250000
730.052620 -2127.725699 -156.250000
728.052790 -2127.751755 -156.250000
726.052959 -2127.777812 -156.250000
724.053129 -2127.803868 -156.250000
722.053299 -2127.829924 -156.250000
720.053469 -2127.855981 -156.250000
718.053638 -2127.882037 -156.250000
716.053808 -2127.908094 -156.250000
714.053978 -2127.934150 -156.250000
712.054148 -2127.960207 -156.250000
710.054317 -2127.986263 -156.250000
708.054487 -2128.012319 -156.250000
706.054657 -2128.038376 -156.250000
704.054826 -2128.064432 -156.250000
702.054996 -2128.090489 -156.250000
700.055166 -2128.116545 -156.250000
698.055336 -2128.142601 -156.250000
696.055505 -2128.168658 -156.250000
694.055675 -2128.194714 -156.250000
692.055845 -2128.220771 -156.250000
690.056015 -2128.246827 -156.250000
688.056184 -2128.272884 -156.250000
686.056354 -2128.298940 -156.250000
684.056524 -2128.324996 -156.250000
682.056694 -2128.351053 -156.250000
680.056863 -2128.377109 -156.250000
678.057033 -2128.403166 -156.250000
676.057203 -2128.429222 -156.250000
674.057373 -2128.455279 -156.250000
672.057542 -2128.481335 -156.250000
670.057712 -2128.507391 -156.250000
668.057882 -2128.533448 -156.250000
666.058052 -2128.559504 -156.250000
664.058221 -2128.585561 -156.250000
662.058391 -2128.611617 -156.250000
660.058561 -2128.637673 -156.250000
658.058731 -2128.663730 -156.250000
656.058900 -2128.689786 -156.250000
654.059070 -2128.715843 -156.250000
652.059240 -2128.741899 -156.250000
650.059410 -2128.767956 -156.250000
648.059579 -2128.794012 -156.250000
646.000000 -2128.820847 -156.250000
644.000170 -2128.846903 -156.250000
642.000339 -2128.872960 -156.250000
640.000509 -2128.899016 -156.250000
638.000679 -2128.925073 -156.250000
636.000849 -2128.951129 -156.250000
634.001018 -2128.977185 -156.250000
632.001188 -2129.003242 -156.250000
630.001358 -2129.029298 -156.250000
628.001528 -2129.055355 -156.250000
626.001697 -2129.081411 -156.250000
624.001867 -2129.107468 -156.250000
622.002037 -2129.133524 -156.250000
620.002207 -2129.159580 -156.250000
618.002376 -2129.185637 -156.250000
616.002546 -2129.211693 -156.250000
614.002716 -2129.237750 -156.250000
612.002886 -2129.263806 -156.250000
610.003055 -2129.289862 -156.250000
608.003225 -2129.315919 -156.250000
606.003395 -2129.341975 -156.250000
604.003565 -2129.368032 -156.250000
602.003734 -2129.394088 -156.250000
600.003904 -2129.420145 -156.250000
598.004074 -2129.446201 -156.250000
596.004244 -2129.472257 -156.250000
594.004413 -2129.498314 -156.250000
592.004583 -2129.524370 -156.250000
590.004753 -2129.550427 -156.250000
588.004923 -2129.576483 -156.250000
586.005092 -2129.602540 -156.250000
584.005262 -2129.628596 -156.250000
582.005432 -2129.654652 -156.250000
580.005601 -2129.680709 -156.250000
578.005771 -2129.706765 -156.250000
576.005941 -2129.732822 -156.250000
574.006111 -2129.758878 -156.250000
572.006280 -2129.784934 -156.250000
570.006450 -2129.810991 -156.250000
568.006620 -2129.837047 -156.250000
566.006790 -2129.863104 -156.250000
564.006959 -2129.889160 -156.250000
562.007129 -2129.915217 -156.250000
560.007299 -2129.941273 -156.250000
558.007469 -2129.967329 -156.250000
556.007638 -2129.993386 -156.250000
554.007808 -2130.019442 -156.250000
552.007978 -2130.045499 -156.250000
550.008148 -2130.071555 -156.250000
548.008317 -2130.097612 -156.250000
546.008487 -2130.123668 -156.250000
544.008657 -2130.149724 -156.250000
542.008827 -2130.175781 -156.250000
540.008996 -2130.201837 -156.250000
538.009166 -2130.227894 -156.250000
536.009336 -2130.253950 -156.250000
534.009506 -2130.280006 -156.250000
532.009675 -2130.306063 -156.250000
530.009845 -2130.332119 -156.250000
528.010015 -2130.358176 -156.250000
526.010184 -2130.384232 -156.250000
524.010354 -2130.410289 -156.250000
522.010524 -2130.436345 -156.250000
520.010694 -2130.462401 -156.250000
518.010863 -2130.488458 -156.250000
516.011033 -2130.514514 -156.250000
514.011203 -2130.540571 -156.250000
512.011373 -2130.566627 -156.250000
510.011542 -2130.592683 -156.250000
508.011712 -2130.618740 -156.250000
506.011882 -2130.644796 -156.250000
504.012052 -2130.670853 -156.250000
502.012221 -2130.696909 -156.250000
500.012391 -2130.722966 -156.250000
498.012561 -2130.749022 -156.250000
496.012731 -2130.775078 -156.250000
494.012900 -2130.801135 -156.250000
492.013070 -2130.827191 -156.250000
490.013240 -2130.853248 -156.250000
488.013410 -2130.879304 -156.250000
486.013579 -2130.905361 -156.250000
484.013749 -2130.931417 -156.250000
482.013919 -2130.957473 -156.250000
480.014089 -2130.983530 -156.250000
478.014258 -2131.009586 -156.250000
476.014428 -2131.035643 -156.250000
474.014598 -2131.061699 -156.250000
472.014768 -2131.087755 -156.250000
470.014937 -2131.113812 -156.250000
468.015107 -2131.139868 -156.250000
466.015277 -2131.165925 -156.250000
464.015446 -2131.191981 -156.250000
462.015616 -2131.218038 -156.250000
460.015786 -2131.244094 -156.250000
458.015956 -2131.270150 -156.250000
456.016125 -2131.296207 -156.250000
454.016295 -2131.322263 -156.250000
452.016465 -2131.348320 -156.250000
450.016635 -2131.374376 -156.250000
448.016804 -2131.400433 -156.250000
446.016974 -2131.426489 -156.250000
444.017144 -2131.452545 -156.250000
442.017314 -2131.478602 -156.250000
440.017483 -2131.504658 -156.250000
438.017653 -2131.530715 -156.250000
436.017823 -2131.556771 -156.250000
434.017993 -2131.582827 -156.250000
432.018162 -2131.608884 -156.250000
430.018332 -2131.634940 -156.250000
428.018502 -2131.660997 -156.250000
426.018672 -2131.687053 -156.250000
424.018841 -2131.713110 -156.250000
422.019011 -2131.739166 -156.250000
420.019181 -2131.765222 -156.250000
418.019351 -2131.791279 -156.250000
416.019520 -2131.817335 -156.250000
414.019690 -2131.843392 -156.250000
412.019860 -2131.869448 -156.250000
410.020029 -2131.895505 -156.250000
408.020199 -2131.921561 -156.250000
406.020369 -2131.947617 -156.250000
404.020539 -2131.973674 -156.250000
402.020708 -2131.999730 -156.250000
400.020878 -2132.025787 -156.250000
398.021048 -2132.051843 -156.250000
396.021218 -2132.077899 -156.250000
394.021387 -2132.103956 -156.250000
392.021557 -2132.130012 -156.250000
390.021727 -2132.156069 -156.250000
388.021897 -2132.182125 -156.250000
386.022066 -2132.208182 -156.250000
384.022236 -2132.234238 -156.250000
382.022406 -2132.260294 -156.250000
380.022576 -2132.286351 -156.250000
378.022745 -2132.312407 -156.250000
376.022915 -2132.338464 -156.250000
374.023085 -2132.364520 -156.250000
372.023255 -2132.390576 -156.250000
370.023424 -2132.416633 -156.250000
368.023594 -2132.442689 -156.250000
366.023764 -2132.468746 -156.250000
364.023934 -2132.494802 -156.250000
362.024103 -2132.520859 -156.250000
360.024273 -2132.546915 -156.250000
358.024443 -2132.572971 -156.250000
356.024613 -2132.599028 -156.250000
354.024782 -2132.625084 -156.250000
352.024952 -2132.651141 -156.250000
350.025122 -2132.677197 -156.250000
348.025291 -2132.703254 -156.250000
346.025461 -2132.729310 -156.250000
344.025631 -2132.755366 -156.250000
342.025801 -2132.781423 -156.250000
340.025970 -2132.807479 -156.250000
338.026140 -2132.833536 -156.250000
336.026310 -2132.859592 -156.250000
334.026480 -2132.885648 -156.250000
332.026649 -2132.911705 -156.250000
330.026819 -2132.937761 -156.250000
328.026989 -2132.963818 -156.250000
326.027159 -2132.989874 -156.250000
324.027328 -2133.015931 -156.250000
322.027498 -2133.041987 -156.250000
320.027668 -2133.068043 -156.250000
318.027838 -2133.094100 -156.250000
316.028007 -2133.120156 -156.250000
314.028177 -2133.146213 -156.250000
312.028347 -2133.172269 -156.250000
310.028517 -2133.198326 -156.250000
308.028686 -2133.224382 -156.250000
306.028856 -2133.250438 -156.250000
304.029026 -2133.276495 -156.250000
302.029196 -2133.302551 -156.250000
300.029365 -2133.328608 -156.250000
298.029535 -2133.354664 -156.250000
296.029705 -2133.380720 -156.250000
294.029874 -2133.406777 -156.250000
292.030044 -2133.432833 -156.250000
290.030214 -2133.458890 -156.250000
288.030384 -2133.484946 -156.250000
286.030553 -2133.511003 -156.250000
284.030723 -2133.537059 -156.250000
282.030893 -2133.563115 -156.250000
280.031063 -2133.589172 -156.250000
278.031232 -2133.615228 -156.250000
276.031402 -2133.641285 -156.250000
274.031572 -2133.667341 -156.250000
272.031742 -2133.693398 -156.250000
270.031911 -2133.719454 -156.250000
268.032081 -2133.745510 -156.250000
266.032251 -2133.771567 -156.250000
264.032421 -2133.797623 -156.250000
262.032590 -2133.823680 -156.250000
260.032760 -2133.849736 -156.250000
258.032930 -2133.875792 -156.250000
256.033100 -2133.901849 -156.250000
254.033269 -2133.927905 -156.250000
252.033439 -2133.953962 -156.250000
250.033609 -2133.980018 -156.250000
248.033779 -2134.006075 -156.250000
246.033948 -2134.032131 -156.250000
244.034118 -2134.058187 -156.250000
242.034288 -2134.084244 -156.250000
240.034458 -2134.110300 -156.250000
238.034627 -2134.136357 -156.250000
236.034797 -2134.162413 -156.250000
234.034967 -2134.188469 -156.250000
232.035136 -2134.214526 -156.250000
230.035306 -2134.240582 -156.250000
228.035476 -2134.266639 -156.250000
226.035646 -2134.292695 -156.250000
224.035815 -2134.318752 -156.250000
222.035985 -2134.344808 -156.250000
220.036155 -2134.370864 -156.250000
218.036325 -2134.396921 -156.250000
216.036494 -2134.422977 -156.250000
214.036664 -2134.449034 -156.250000
212.036834 -2134.475090 -156.250000
210.037004 -2134.501147 -156.250000
208.037173 -2134.527203 -156.250000
206.037343 -2134.553259 -156.250000
204.037513 -2134.579316 -156.250000
202.037683 -2134.605372 -156.250000
200.037852 -2134.631429 -156.250000
198.038022 -2134.657485 -156.250000
196.038192 -2134.683541 -156.250000
194.038362 -2134.709598 -156.250000
192.038531 -2134.735654 -156.250000
190.038701 -2134.761711 -156.250000
188.038871 -2134.787767 -156.250000
186.039041 -2134.813824 -156.250000
184.039210 -2134.839880 -156.250000
182.039380 -2134.865936 -156.250000
180.039550 -2134.891993 -156.250000
178.039720 -2134.918049 -156.250000
176.039889 -2134.944106 -156.250000
174.040059 -2134.970162 -156.250000
172.040229 -2134.996219 -156.250000
170.040398 -2135.022275 -156.250000
168.040568 -2135.048331 -156.250000
166.040738 -2135.074388 -156.250000
164.040908 -2135.100444 -156.250000
162.041077 -2135.126501 -156.250000
160.041247 -2135.152557 -156.250000
158.041417 -2135.178613 -156.250000
156.041587 -2135.204670 -156.250000
154.041756 -2135.230726 -156.250000
152.041926 -2135.256783 -156.250000
150.042096 -2135.282839 -156.250000
148.042266 -2135.308896 -156.250000
146.042435 -2135.334952 -156.250000
144.042605 -2135.361008 -156.250000
142.042775 -2135.387065 -156.250000
140.042945 -2135.413121 -156.250000
138.043114 -2135.439178 -156.250000
136.043284 -2135.465234 -156.250000
134.043454 -2135.491291 -156.250000
132.043624 -2135.517347 -156.250000
130.043793 -2135.543403 -156.250000
128.043963 -2135.569460 -156.250000
126.044133 -2135.595516 -156.250000
124.044303 -2135.621573 -156.250000
122.044472 -2135.647629 -156.250000
120.044642 -2135.673685 -156.250000
118.044812 -2135.699742 -156.250000
116.044981 -2135.725798 -156.250000
114.045151 -2135.751855 -156.250000
112.045321 -2135.777911 -156.250000
110.045491 -2135.803968 -156.250000
108.045660 -2135.830024 -156.250000
106.045830 -2135.856080 -156.250000
104.046000 -2135.882137 -156.250000
102.046170 -2135.908193 -156.250000
100.046339 -2135.934250 -156.250000
98.046509 -2135.960306 -156.250000
96.046679 -2135.986362 -156.250000
94.046849 -2136.012419 -156.250000
92.047018 -2136.038475 -156.250000
90.047188 -2136.064532 -156.250000
88.047358 -2136.090588 -156.250000
86.047528 -2136.116645 -156.250000
84.047697 -2136.142701 -156.250000
82.047867 -2136.168757 -156.250000
80.048037 -2136.194814 -156.250000
78.048207 -2136.220870 -156.250000
76.048376 -2136.246927 -156.250000
74.048546 -2136.272983 -156.250000
72.048716 -2136.299040 -156.250000
70.048886 -2136.325096 -156.250000
68.049055 -2136.351152 -156.250000
66.049225 -2136.377209 -156.250000
64.049395 -2136.403265 -156.250000
62.049565 -2136.429322 -156.250000
60.049734 -2136.455378 -156.250000
58.049904 -2136.481434 -156.250000
56.050074 -2136.507491 -156.250000
54.050243 -2136.533547 -156.250000
52.050413 -2136.559604 -156.250000
50.050583 -2136.585660 -156.250000
48.050753 -2136.611717 -156.250000
46.050922 -2136.637773 -156.250000
44.051092 -2136.663829 -156.250000
42.051262 -2136.689886 -156.250000
40.051432 -2136.715942 -156.250000
38.051601 -2136.741999 -156.250000
36.051771 -2136.768055 -156.250000
34.051941 -2136.794112 -156.250000
32.052111 -2136.820168 -156.250000
30.052280 -2136.846224 -156.250000
28.052450 -2136.872281 -156.250000
26.052620 -2136.898337 -156.250000
24.052790 -2136.924394 -156.250000
22.052959 -2136.950450 -156.250000
20.053129 -2136.976506 -156.250000
18.000000 -2137.003257 -156.250000
16.007027 -2137.170763 -156.250000
14.014054 -2137.338269 -156.250000
12.021081 -2137.505775 -156.250000
10.028108 -2137.673281 -156.250000
8.035134 -2137.840787 -156.250000
6.042161 -2138.008293 -156.250000
4.049188 -2138.175798 -156.250000
2.056215 -2138.343304 -156.250000
0.063242 -2138.510810 -156.250000
-1.929731 -2138.678316 -156.250000
-3.922704 -2138.845822 -156.250000
-5.915677 -2139.013328 -156.250000
-7.908650 -2139.180834 -156.250000
-9.901623 -2139.348340 -156.250000
-11.894597 -2139.515845 -156.250000
-13.887570 -2139.683351 -156.250000
-15.880543 -2139.850857 -156.250000
-17.873516 -2140.018363 -156.250000
-19.866489 -2140.185869 -156.250000
-21.859462 -2140.353375 -156.250000
-23.852435 -2140.520881 -156.250000
-25.845408 -2140.688386 -156.250000
-27.838381 -2140.855892 -156.250000
-29.831354 -2141.023398 -156.250000
-31.824328 -2141.190904 -156.250000
-33.817301 -2141.358410 -156.250000
-35.810274 -2141.525916 -156.250000
-37.803247 -2141.693422 -156.250000
-39.796220 -2141.860928 -156.250000
-41.789193 -2142.028433 -156.250000
-43.782166 -2142.195939 -156.250000
-45.775139 -2142.363445 -156.250000
-47.768112 -2142.530951 -156.250000
-49.761085 -2142.698457 -156.250000
-51.754059 -2142.865963 -156.250000
-53.747032 -2143.033469 -156.250000
-55.740005 -2143.200975 -156.250000
-57.732978 -2143.368480 -156.250000
-59.725951 -2143.535986 -156.250000
-61.718924 -2143.703492 -156.250000
-63.711897 -2143.870998 -156.250000
-65.704870 -2144.038504 -156.250000
-67.697843 -2144.206010 -156.250000
-69.690816 -2144.373516 -156.250000
-71.683790 -2144.541021 -156.250000
-73.676763 -2144.708527 -156.250000
-75.669736 -2144.876033 -156.250000
-77.662709 -2145.043539 -156.250000
-79.655682 -2145.211045 -156.250000
-81.648655 -2145.378551 -156.250000
-83.641628 -2145.546057 -156.250000
-85.634601 -2145.713563 -156.250000
-87.627574 -2145.881068 -156.250000
-89.620547 -2146.048574 -156.250000
-91.613521 -2146.216080 -156.250000
-93.606494 -2146.383586 -156.250000
-95.599467 -2146.551092 -156.250000
-97.592440 -2146.718598 -156.250000
-99.585413 -2146.886104 -156.250000
-101.578386 -2147.053610 -156.250000
-103.571359 -2147.221115 -156.250000
-105.564332 -2147.388621 -156.250000
-107.557305 -2147.556127 -156.250000
-109.550279 -2147.723633 -156.250000
-111.543252 -2147.891139 -156.250000
-113.536225 -2148.058645 -156.250000
-115.529198 -2148.226151 -156.250000
-117.522171 -2148.393656 -156.250000
-119.515144 -2148.561162 -156.250000
-121.508117 -2148.728668 -156.250000
-123.501090 -2148.896174 -156.250000
-125.494063 -2149.063680 -156.250000
-127.487036 -2149.231186 -156.250000
-129.480010 -2149.398692 -156.250000
-131.472983 -2149.566198 -156.250000
-133.465956 -2149.733703 -156.250000
-135.458929 -2149.901209 -156.250000
-137.451902 -2150.068715 -156.250000
-139.444875 -2150.236221 -156.250000
-141.437848 -2150.403727 -156.250000
-143.430821 -2150.571233 -156.250000
-145.423794 -2150.738739 -156.250000
-147.416767 -2150.906245 -156.250000
-149.409741 -2151.073750 -156.250000
-151.402714 -2151.241256 -156.250000
-153.395687 -2151.408762 -156.250000
-155.388660 -2151.576268 -156.250000
-157.381633 -2151.743774 -156.250000
-159.374606 -2151.911280 -156.250000
-161.367579 -2152.078786 -156.250000
-163.360552 -2152.246291 -156.250000
-165.353525 -2152.413797 -156.250000
-167.346498 -2152.581303 -156.250000
-169.339472 -2152.748809 -156.250000
-171.332445 -2152.916315 -156.250000
-173.325418 -2153.083821 -156.250000
-175.318391 -2153.251327 -156.250000
-177.311364 -2153.418833 -156.250000
-179.304337 -2153.586338 -156.250000
-181.297310 -2153.753844 -156.250000
-183.290283 -2153.921350 -156.250000
-185.283256 -2154.088856 -156.250000
-187.276229 -2154.256362 -156.250000
-189.269203 -2154.423868 -156.250000
-191.262176 -2154.591374 -156.250000
-193.255149 -2154.758880 -156.250000
-195.248122 -2154.926385 -156.250000
-197.241095 -2155.093891 -156.250000
-199.234068 -2155.261397 -156.250000
-201.227041 -2155.428903 -156.250000
-203.220014 -2155.596409 -156.250000
-205.212987 -2155.763915 -156.250000
-207.205960 -2155.931421 -156.250000
-209.198934 -2156.098926 -156.250000
-211.191907 -2156.266432 -156.250000
-213.184880 -2156.433938 -156.250000
-215.177853 -2156.601444 -156.250000
-217.170826 -2156.768950 -156.250000
-219.163799 -2156.936456 -156.250000
-221.156772 -2157.103962 -156.250000
-223.149745 -2157.271468 -156.250000
-225.142718 -2157.438973 -156.250000
-227.135691 -2157.606479 -156.250000
-229.128665 -2157.773985 -156.250000
-231.121638 -2157.941491 -156.250000
-233.114611 -2158.108997 -156.250000
-235.107584 -2158.276503 -156.250000
-237.100557 -2158.444009 -156.250000
-239.093530 -2158.611515 -156.250000
-241.086503 -2158.779020 -156.250000
-243.079476 -2158.946526 -156.250000
-245.072449 -2159.114032 -156.250000
-247.065423 -2159.281538 -156.250000
-249.058396 -2159.449044 -156.250000
-251.051369 -2159.616550 -156.250000
-253.044342 -2159.784056 -156.250000
-255.037315 -2159.951561 -156.250000
-257.030288 -2160.119067 -156.250000
-259.023261 -2160.286573 -156.250000
-261.016234 -2160.454079 -156.250000
-263.009207 -2160.621585 -156.250000
-265.002180 -2160.789091 -156.250000
-266.995154 -2160.956597 -156.250000
-268.988127 -2161.124103 -156.250000
-270.981100 -2161.291608 -156.250000
-272.974073 -2161.459114 -156.250000
-274.967046 -2161.626620 -156.250000
-276.960019 -2161.794126 -156.250000
-278.952992 -2161.961632 -156.250000
-280.945965 -2162.129138 -156.250000
-282.938938 -2162.296644 -156.250000
-284.931911 -2162.464150 -156.250000
-286.924885 -2162.631655 -156.250000
-288.917858 -2162.799161 -156.250000
-290.910831 -2162.966667 -156.250000
-292.903804 -2163.134173 -156.250000
-294.896777 -2163.301679 -156.250000
-296.889750 -2163.469185 -156.250000
-298.882723 -2163.636691 -156.250000
-300.875696 -2163.804196 -156.250000
-302.868669 -2163.971702 -156.250000
-304.861642 -2164.139208 -156.250000
-306.854616 -2164.306714 -156.250000
-308.847589 -2164.474220 -156.250000
-310.840562 -2164.641726 -156.250000
-312.833535 -2164.809232 -156.250000
-314.826508 -2164.976738 -156.250000
-316.819481 -2165.144243 -156.250000
-318.812454 -2165.311749 -156.250000
-320.805427 -2165.479255 -156.250000
-322.798400 -2165.646761 -156.250000
-324.791373 -2165.814267 -156.250000
-326.784347 -2165.981773 -156.250000
-328.777320 -2166.149279 -156.250000
-330.770293 -2166.316785 -156.250000
-332.763266 -2166.484290 -156.250000
-334.756239 -2166.651796 -156.250000
-336.749212 -2166.819302 -156.250000
-338.742185 -2166.986808 -156.250000
-340.735158 -2167.154314 -156.250000
-342.728131 -2167.321820 -156.250000
-344.721104 -2167.489326 -156.250000
-346.714078 -2167.656831 -156.250000
-348.707051 -2167.824337 -156.250000
-350.700024 -2167.991843 -156.250000
-352.692997 -2168.159349 -156.250000
-354.685970 -2168.326855 -156.250000
-356.678943 -2168.494361 -156.250000
-358.671916 -2168.661867 -156.250000
-360.664889 -2168.829373 -156.250000
-362.657862 -2168.996878 -156.250000
-364.650836 -2169.164384 -156.250000
-366.643809 -2169.331890 -156.250000
-368.636782 -2169.499396 -156.250000
-370.629755 -2169.666902 -156.250000
-372.622728 -2169.834408 -156.250000
-374.615701 -2170.001914 -156.250000
-376.608674 -2170.169420 -156.250000
-378.601647 -2170.336925 -156.250000
-380.594620 -2170.504431 -156.250000
-382.587593 -2170.671937 -156.250000
-384.580567 -2170.839443 -156.250000
-386.573540 -2171.006949 -156.250000
-388.566513 -2171.174455 -156.250000
-390.559486 -2171.341961 -156.250000
-392.552459 -2171.509466 -156.250000
-394.545432 -2171.676972 -156.250000
-396.538405 -2171.844478 -156.250000
-398.531378 -2172.011984 -156.250000
-400.524351 -2172.179490 -156.250000
-402.517324 -2172.346996 -156.250000
-404.510298 -2172.514502 -156.250000
-406.503271 -2172.682008 -156.250000
-408.496244 -2172.849513 -156.250000
-410.489217 -2173.017019 -156.250000
-412.482190 -2173.184525 -156.250000
-414.475163 -2173.352031 -156.250000
-416.468136 -2173.519537 -156.250000
-418.461109 -2173.687043 -156.250000
-420.454082 -2173.854549 -156.250000
-422.447055 -2174.022055 -156.250000
-424.440029 -2174.189560 -156.250000
-426.433002 -2174.357066 -156.250000
-428.425975 -2174.524572 -156.250000
-430.418948 -2174.692078 -156.250000
-432.411921 -2174.859584 -156.250000
-434.404894 -2175.027090 -156.250000
-436.397867 -2175.194596 -156.250000
-438.390840 -2175.362101 -156.250000
-440.383813 -2175.529607 -156.250000
-442.376786 -2175.697113 -156.250000
-444.369760 -2175.864619 -156.250000
-446.362733 -2176.032125 -156.250000
-448.355706 -2176.199631 -156.250000
-450.348679 -2176.367137 -156.250000
-452.341652 -2176.534643 -156.250000
-454.334625 -2176.702148 -156.250000
-456.327598 -2176.869654 -156.250000
-458.320571 -2177.037160 -156.250000
-460.313544 -2177.204666 -156.250000
-462.306517 -2177.372172 -156.250000
-464.299491 -2177.539678 -156.250000
-466.292464 -2177.707184 -156.250000
-468.285437 -2177.874690 -156.250000
-470.278410 -2178.042195 -156.250000
-472.271383 -2178.209701 -156.250000
-474.264356 -2178.377207 -156.250000
-476.257329 -2178.544713 -156.250000
-478.250302 -2178.712219 -156.250000
-480.243275 -2178.879725 -156.250000
-482.236248 -2179.047231 -156.250000
-484.229222 -2179.214736 -156.250000
-486.222195 -2179.382242 -156.250000
-488.215168 -2179.549748 -156.250000
-490.208141 -2179.717254 -156.250000
-492.201114 -2179.884760 -156.250000
-494.194087 -2180.052266 -156.250000
-496.187060 -2180.219772 -156.250000
-498.180033 -2180.387278 -156.250000
-500.173006 -2180.554783 -156.250000
-502.165980 -2180.722289 -156.250000
-504.158953 -2180.889795 -156.250000
-506.151926 -2181.057301 -156.250000
-508.144899 -2181.224807 -156.250000
-510.137872 -2181.392313 -156.250000
-512.130845 -2181.559819 -156.250000
-514.123818 -2181.727325 -156.250000
-516.116791 -2181.894830 -156.250000
-518.109764 -2182.062336 -156.250000
-520.102737 -2182.229842 -156.250000
-522.095711 -2182.397348 -156.250000
-524.088684 -2182.564854 -156.250000
-526.081657 -2182.732360 -156.250000
-528.074630 -2182.899866 -156.250000
-530.067603 -2183.067371 -156.250000
-532.060576 -2183.234877 -156.250000
-534.053549 -2183.402383 -156.250000
-536.046522 -2183.569889 -156.250000
-538.039495 -2183.737395 -156.250000
-540.032468 -2183.904901 -156.250000
-542.025442 -2184.072407 -156.250000
-544.018415 -2184.239913 -156.250000
-546.011388 -2184.407418 -156.250000
-548.004361 -2184.574924 -156.250000
-549.997334 -2184.742430 -156.250000
-551.990307 -2184.909936 -156.250000
-553.983280 -2185.077442 -156.250000
-555.976253 -2185.244948 -156.250000
-557.969226 -2185.412454 -156.250000
-559.962199 -2185.579960 -156.250000
-561.955173 -2185.747465 -156.250000
-563.948146 -2185.914971 -156.250000
-565.941119 -2186.082477 -156.250000
-567.934092 -2186.249983 -156.250000
-569.927065 -2186.417489 -156.250000
-571.920038 -2186.584995 -156.250000
-573.913011 -2186.752501 -156.250000
-575.905984 -2186.920006 -156.250000
-577.898957 -2187.087512 -156.250000
-579.891930 -2187.255018 -156.250000
-581.884904 -2187.422524 -156.250000
-583.877877 -2187.590030 -156.250000
-585.870850 -2187.757536 -156.250000
-588.755672 -2188.000000 -156.250000
-590.750182 -2187.980745 -156.396821
-592.744693 -2187.961490 -156.543642
-594.739204 -2187.942234 -156.690463
-596.733714 -2187.922979 -156.837284
-598.728225 -2187.903724 -156.984105
-600.722736 -2187.884469 -157.130926
-602.717246 -2187.865213 -157.277747
-604.711757 -2187.845958 -157.424568
-606.706268 -2187.826703 -157.571389
-608.700778 -2187.807448 -157.718210
-610.695289 -2187.788193 -157.865031
-612.689800 -2187.768937 -158.011853
-614.684310 -2187.749682 -158.158674
-616.678821 -2187.730427 -158.305495
-618.673332 -2187.711172 -158.452316
-620.667842 -2187.691916 -158.599137
-622.662353 -2187.672661 -158.745958
-624.656864 -2187.653406 -158.892779
-626.651374 -2187.634151 -159.039600
-628.645885 -2187.614896 -159.186421
-630.640396 -2187.595640 -159.333242
-632.634906 -2187.576385 -159.480063
-634.629417 -2187.557130 -159.626884
-636.623928 -2187.537875 -159.773705
-638.618438 -2187.518620 -159.920526
-640.612949 -2187.499364 -160.067347
-642.607460 -2187.480109 -160.214168
-644.601970 -2187.460854 -160.360989
-646.596481 -2187.441599 -160.507810
-648.590992 -2187.422343 -160.654631
-650.585502 -2187.403088 -160.801452
-652.580013 -2187.383833 -160.948273
-654.574524 -2187.364578 -161.095094
-656.569034 -2187.345323 -161.241916
-658.563545 -2187.326067 -161.388737
-660.558056 -2187.306812 -161.535558
-662.552566 -2187.287557 -161.682379
-664.547077 -2187.268302 -161.829200
-666.541588 -2187.249046 -161.976021
-668.536098 -2187.229791 -162.122842
-670.530609 -2187.210536 -162.269663
-672.525120 -2187.191281 -162.416484
-674.519630 -2187.172026 -162.563305
-676.514141 -2187.152770 -162.710126
-678.508652 -2187.133515 -162.856947
-680.503162 -2187.114260 -163.003768
-682.497673 -2187.095005 -163.150589
-684.492184 -2187.075749 -163.297410
-686.486694 -2187.056494 -163.444231
-688.481205 -2187.037239 -163.591052
-690.475716 -2187.017984 -163.737873
-692.470226 -2186.998729 -163.884694
-694.464737 -2186.979473 -164.031515
-696.459248 -2186.960218 -164.178336
-698.453758 -2186.940963 -164.325157
-700.448269 -2186.921708 -164.471979
-702.442780 -2186.902453 -164.618800
-704.437291 -2186.883197 -164.765621
-706.431801 -2186.863942 -164.912442
-708.426312 -2186.844687 -165.059263
-710.420823 -2186.825432 -165.206084
-712.415333 -2186.806176 -165.352905
-714.409844 -2186.786921 -165.499726
-716.404355 -2186.767666 -165.646547
-718.398865 -2186.748411 -165.793368
-720.393376 -2186.729156 -165.940189
-722.387887 -2186.709900 -166.087010
-724.382397 -2186.690645 -166.233831
-726.376908 -2186.671390 -166.380652
-728.371419 -2186.652135 -166.527473
-730.365929 -2186.632879 -166.674294
-732.360440 -2186.613624 -166.821115
-734.354951 -2186.594369 -166.967936
-736.349461 -2186.575114 -167.114757
-738.343972 -2186.555859 -167.261578
-740.338483 -2186.536603 -167.408399
-742.332993 -2186.517348 -167.555220
-744.327504 -2186.498093 -167.702042
-746.322015 -2186.478838 -167.848863
-748.316525 -2186.459582 -167.995684
-750.311036 -2186.440327 -168.142505
-752.305547 -2186.421072 -168.289326
-754.300057 -2186.401817 -168.436147
-756.294568 -2186.382562 -168.582968
-758.289079 -2186.363306 -168.729789
-760.283589 -2186.344051 -168.876610
-762.278100 -2186.324796 -169.023431
-764.272611 -2186.305541 -169.170252
-766.267121 -2186.286286 -169.317073
-768.261632 -2186.267030 -169.463894
-770.256143 -2186.247775 -169.610715
-772.250653 -2186.228520 -169.757536
-774.245164 -2186.209265 -169.904357
-776.239675 -2186.190009 -170.051178
-778.234185 -2186.170754 -170.197999
-780.228696 -2186.151499 -170.344820
-782.223207 -2186.132244 -170.491641
-784.217717 -2186.112989 -170.638462
-786.212228 -2186.093733 -170.785283
-788.206739 -2186.074478 -170.932105
-790.201249 -2186.055223 -171.078926
-792.195760 -2186.035968 -171.225747
-794.190271 -2186.016712 -171.372568
-796.184781 -2185.997457 -171.519389
-798.179292 -2185.978202 -171.666210
-800.173803 -2185.958947 -171.813031
-802.168313 -2185.939692 -171.959852
-804.162824 -2185.920436 -172.106673
-806.157335 -2185.901181 -172.253494
-808.151845 -2185.881926 -172.400315
-810.146356 -2185.862671 -172.547136
-812.140867 -2185.843415 -172.693957
-814.135377 -2185.824160 -172.840778
-816.129888 -2185.804905 -172.987599
-818.124399 -2185.785650 -173.134420
-820.118909 -2185.766395 -173.281241
-822.113420 -2185.747139 -173.428062
-824.107931 -2185.727884 -173.574883
-826.102441 -2185.708629 -173.721704
-828.096952 -2185.689374 -173.868525
-830.091463 -2185.670118 -174.015346
-832.085973 -2185.650863 -174.162168
-834.080484 -2185.631608 -174.308989
-836.074995 -2185.612353 -174.455810
-838.069505 -2185.593098 -174.602631
-840.064016 -2185.573842 -174.749452
-842.058527 -2185.554587 -174.896273
-844.053037 -2185.535332 -175.043094
-846.047548 -2185.516077 -175.189915
-848.042059 -2185.496822 -175.336736
-850.036569 -2185.477566 -175.483557
-852.031080 -2185.458311 -175.630378
-854.025591 -2185.439056 -175.777199
-856.020102 -2185.419801 -175.924020
-858.014612 -2185.400545 -176.070841
-860.009123 -2185.381290 -176.217662
-862.003634 -2185.362035 -176.364483
-863.998144 -2185.342780 -176.511304
-865.992655 -2185.323525 -176.658125
-867.987166 -2185.304269 -176.804946
-869.981676 -2185.285014 -176.951767
-871.976187 -2185.265759 -177.098588
-873.970698 -2185.246504 -177.245409
-875.965208 -2185.227248 -177.392231
-877.959719 -2185.207993 -177.539052
-879.954230 -2185.188738 -177.685873
-881.948740 -2185.169483 -177.832694
-883.943251 -2185.150228 -177.979515
-885.937762 -2185.130972 -178.126336
-887.932272 -2185.111717 -178.273157
-889.926783 -2185.092462 -178.419978
-891.921294 -2185.073207 -178.566799
-893.915804 -2185.053951 -178.713620
-895.910315 -2185.034696 -178.860441
-897.904826 -2185.015441 -179.007262
-899.899336 -2184.996186 -179.154083
-901.893847 -2184.976931 -179.300904
-903.888358 -2184.957675 -179.447725
-905.882868 -2184.938420 -179.594546
-907.877379 -2184.919165 -179.741367
-909.871890 -2184.899910 -179.888188
-911.866400 -2184.880655 -180.035009
-913.860911 -2184.861399 -180.181830
-915.855422 -2184.842144 -180.328651
-917.849932 -2184.822889 -180.475472
-919.844443 -2184.803634 -180.622293
-921.838954 -2184.784378 -180.769115
-923.833464 -2184.765123 -180.915936
-925.827975 -2184.745868 -181.062757
-927.822486 -2184.726613 -181.209578
-929.816996 -2184.707358 -181.356399
-931.811507 -2184.688102 -181.503220
-933.806018 -2184.668847 -181.650041
-935.800528 -2184.649592 -181.796862
-937.795039 -2184.630337 -181.943683
-939.789550 -2184.611081 -182.090504
-941.784060 -2184.591826 -182.237325
-943.778571 -2184.572571 -182.384146
-945.773082 -2184.553316 -182.530967
-947.767592 -2184.534061 -182.677788
-949.762103 -2184.514805 -182.824609
-951.756614 -2184.495550 -182.971430
-953.751124 -2184.476295 -183.118251
-955.745635 -2184.457040 -183.265072
-957.740146 -2184.437784 -183.411893
-959.734656 -2184.418529 -183.558714
-961.729167 -2184.399274 -183.705535
-963.723678 -2184.380019 -183.852356
-965.718188 -2184.360764 -183.999178
-967.712699 -2184.341508 -184.145999
-969.707210 -2184.322253 -184.292820
-971.701720 -2184.302998 -184.439641
-973.696231 -2184.283743 -184.586462
-975.690742 -2184.264488 -184.733283
-977.685252 -2184.245232 -184.880104
-979.679763 -2184.225977 -185.026925
-981.674274 -2184.206722 -185.173746
-983.668784 -2184.187467 -185.320567
-985.663295 -2184.168211 -185.467388
-987.657806 -2184.148956 -185.614209
-989.652316 -2184.129701 -185.761030
-991.646827 -2184.110446 -185.907851
-993.641338 -2184.091191 -186.054672
-995.635848 -2184.071935 -186.201493
-997.630359 -2184.052680 -186.348314
-999.624870 -2184.033425 -186.495135
-1001.619381 -2184.014170 -186.641956
-1003.613891 -2183.994914 -186.788777
-1005.608402 -2183.975659 -186.935598
-1007.602913 -2183.956404 -187.082419
-1009.597423 -2183.937149 -187.229241
-1011.591934 -2183.917894 -187.376062
-1013.586445 -2183.898638 -187.522883
-1015.580955 -2183.879383 -187.669704
-1017.575466 -2183.860128 -187.816525
-1019.569977 -2183.840873 -187.963346
-1021.564487 -2183.821617 -188.110167
-1023.558998 -2183.802362 -188.256988
-1025.553509 -2183.783107 -188.403809
-1027.548019 -2183.763852 -188.550630
-1029.542530 -2183.744597 -188.697451
-1031.537041 -2183.725341 -188.844272
-1033.531551 -2183.706086 -188.991093
-1035.526062 -2183.686831 -189.137914
-1037.520573 -2183.667576 -189.284735
-1039.515083 -2183.648320 -189.431556
-1041.509594 -2183.629065 -189.578377
-1043.504105 -2183.609810 -189.725198
-1045.498615 -2183.590555 -189.872019
-1047.493126 -2183.571300 -190.018840
-1049.487637 -2183.552044 -190.165661
-1051.482147 -2183.532789 -190.312482
-1053.476658 -2183.513534 -190.459304
-1055.471169 -2183.494279 -190.606125
-1057.465679 -2183.475024 -190.752946
-1059.460190 -2183.455768 -190.899767
-1061.454701 -2183.436513 -191.046588
-1063.449211 -2183.417258 -191.193409
-1065.443722 -2183.398003 -191.340230
-1067.438233 -2183.378747 -191.487051
-1069.432743 -2183.359492 -191.633872
-1071.427254 -2183.340237 -191.780693
-1073.421765 -2183.320982 -191.927514
-1075.416275 -2183.301727 -192.074335
-1077.410786 -2183.282471 -192.221156
-1079.405297 -2183.263216 -192.367977
-1081.399807 -2183.243961 -192.514798
-1083.394318 -2183.224706 -192.661619
-1085.388829 -2183.205450 -192.808440
-1087.383339 -2183.186195 -192.955261
-1089.377850 -2183.166940 -193.102082
-1091.372361 -2183.147685 -193.248903
-1093.366871 -2183.128430 -193.395724
-1095.361382 -2183.109174 -193.542545
-1097.355893 -2183.089919 -193.689367
-1099.350403 -2183.070664 -193.836188
-1101.344914 -2183.051409 -193.983009
-1103.339425 -2183.032153 -194.129830
-1105.333935 -2183.012898 -194.276651
-1107.328446 -2182.993643 -194.423472
-1109.322957 -2182.974388 -194.570293
-1111.317467 -2182.955133 -194.717114
-1113.311978 -2182.935877 -194.863935
-1115.306489 -2182.916622 -195.010756
-1117.300999 -2182.897367 -195.157577
-1119.295510 -2182.878112 -195.304398
-1121.290021 -2182.858857 -195.451219
-1123.284531 -2182.839601 -195.598040
-1125.279042 -2182.820346 -195.744861
-1127.273553 -2182.801091 -195.891682
-1129.268063 -2182.781836 -196.038503
-1131.262574 -2182.762580 -196.185324
-1133.257085 -2182.743325 -196.332145
-1135.251595 -2182.724070 -196.478966
-1137.246106 -2182.704815 -196.625787
-1139.240617 -2182.685560 -196.772608
-1141.235127 -2182.666304 -196.919430
-1143.229638 -2182.647049 -197.066251
-1145.224149 -2182.627794 -197.213072
-1147.218659 -2182.608539 -197.359893
-1149.213170 -2182.589283 -197.506714
-1151.207681 -2182.570028 -197.653535
-1153.202192 -2182.550773 -197.800356
-1155.196702 -2182.531518 -197.947177
-1157.191213 -2182.512263 -198.093998
-1159.185724 -2182.493007 -198.240819
-1161.180234 -2182.473752 -198.387640
-1163.174745 -2182.454497 -198.534461
-1165.169256 -2182.435242 -198.681282
-1167.163766 -2182.415986 -198.828103
-1169.158277 -2182.396731 -198.974924
-1171.152788 -2182.377476 -199.121745
-1173.147298 -2182.358221 -199.268566
-1175.141809 -2182.338966 -199.415387
-1177.136320 -2182.319710 -199.562208
-1179.130830 -2182.300455 -199.709029
-1181.125341 -2182.281200 -199.855850
-1183.119852 -2182.261945 -200.002671
-1185.114362 -2182.242690 -200.149492
-1187.108873 -2182.223434 -200.296314
-1189.103384 -2182.204179 -200.443135
-1191.097894 -2182.184924 -200.589956
-1193.092405 -2182.165669 -200.736777
-1195.086916 -2182.146413 -200.883598
-1197.081426 -2182.127158 -201.030419
-1199.075937 -2182.107903 -201.177240
-1201.070448 -2182.088648 -201.324061
-1203.064958 -2182.069393 -201.470882
-1205.059469 -2182.050137 -201.617703
-1207.053980 -2182.030882 -201.764524
-1209.048490 -2182.011627 -201.911345
-1211.043001 -2181.992372 -202.058166
-1213.037512 -2181.973116 -202.204987
-1215.032022 -2181.953861 -202.351808
-1217.026533 -2181.934606 -202.498629
-1219.021044 -2181.915351 -202.645450
-1221.015554 -2181.896096 -202.792271
-1223.010065 -2181.876840 -202.939092
-1225.004576 -2181.857585 -203.085913
-1226.999086 -2181.838330 -203.232734
-1228.993597 -2181.819075 -203.379555
-1230.988108 -2181.799819 -203.526377
-1232.982618 -2181.780564 -203.673198
-1234.977129 -2181.761309 -203.820019
-1236.971640 -2181.742054 -203.966840
-1238.966150 -2181.722799 -204.113661
-1240.960661 -2181.703543 -204.260482
-1242.955172 -2181.684288 -204.407303
-1244.949682 -2181.665033 -204.554124
-1246.944193 -2181.645778 -204.700945
-1248.938704 -2181.626522 -204.847766
-1250.933214 -2181.607267 -204.994587
-1252.927725 -2181.588012 -205.141408
-1254.922236 -2181.568757 -205.288229
-1256.916746 -2181.549502 -205.435050
-1258.911257 -2181.530246 -205.581871
-1260.905768 -2181.510991 -205.728692
-1262.900278 -2181.491736 -205.875513
-1264.894789 -2181.472481 -206.022334
-1266.889300 -2181.453226 -206.169155
-1268.883810 -2181.433970 -206.315976
-1270.878321 -2181.414715 -206.462797
-1272.872832 -2181.395460 -206.609618
-1274.867342 -2181.376205 -206.756440
-1276.861853 -2181.356949 -206.903261
-1278.856364 -2181.337694 -207.050082
-1280.850874 -2181.318439 -207.196903
-1282.845385 -2181.299184 -207.343724
-1284.839896 -2181.279929 -207.490545
-1286.834406 -2181.260673 -207.637366
-1288.828917 -2181.241418 -207.784187
-1290.823428 -2181.222163 -207.931008
-1292.817938 -2181.202908 -208.077829
-1294.812449 -2181.183652 -208.224650
-1296.806960 -2181.164397 -208.371471
-1298.801470 -2181.145142 -208.518292
-1300.795981 -2181.125887 -208.665113
-1302.790492 -2181.106632 -208.811934
-1304.785003 -2181.087376 -208.958755
-1306.779513 -2181.068121 -209.105576
-1308.774024 -2181.048866 -209.252397
-1310.768535 -2181.029611 -209.399218
-1312.763045 -2181.010355 -209.546039
-1314.757556 -2180.991100 -209.692860
-1316.752067 -2180.971845 -209.839681
-1318.746577 -2180.952590 -209.986503
-1320.741088 -2180.933335 -210.133324
-1322.735599 -2180.914079 -210.280145
-1324.730109 -2180.894824 -210.426966
-1326.724620 -2180.875569 -210.573787
-1328.719131 -2180.856314 -210.720608
-1330.713641 -2180.837059 -210.867429
-1332.708152 -2180.817803 -211.014250
-1334.702663 -2180.798548 -211.161071
-1336.697173 -2180.779293 -211.307892
-1338.691684 -2180.760038 -211.454713
-1340.686195 -2180.740782 -211.601534
-1342.680705 -2180.721527 -211.748355
-1344.675216 -2180.702272 -211.895176
-1346.669727 -2180.683017 -212.041997
-1348.664237 -2180.663762 -212.188818
-1350.658748 -2180.644506 -212.335639
-1352.653259 -2180.625251 -212.482460
-1354.647769 -2180.605996 -212.629281
-1356.642280 -2180.586741 -212.776102
-1358.636791 -2180.567485 -212.922923
-1360.631301 -2180.548230 -213.069744
-1362.625812 -2180.528975 -213.216566
-1364.620323 -2180.509720 -213.363387
-1366.614833 -2180.490465 -213.510208
-1368.609344 -2180.471209 -213.657029
-1370.603855 -2180.451954 -213.803850
-1372.598365 -2180.432699 -213.950671
-1374.592876 -2180.413444 -214.097492
-1376.587387 -2180.394188 -214.244313
-1378.581897 -2180.374933 -214.391134
-1380.576408 -2180.355678 -214.537955
-1382.570919 -2180.336423 -214.684776
-1384.565429 -2180.317168 -214.831597
-1386.559940 -2180.297912 -214.978418
-1388.554451 -2180.278657 -215.125239
-1390.548961 -2180.259402 -215.272060
-1392.543472 -2180.240147 -215.418881
-1394.537983 -2180.220892 -215.565702
-1396.532493 -2180.201636 -215.712523
-1398.527004 -2180.182381 -215.859344
-1400.521515 -2180.163126 -216.006165
-1402.516025 -2180.143871 -216.152986
-1404.510536 -2180.124615 -216.299807
-1406.505047 -2180.105360 -216.446629
-1408.499557 -2180.086105 -216.593450
-1410.494068 -2180.066850 -216.740271
-1412.488579 -2180.047595 -216.887092
-1414.483089 -2180.028339 -217.033913
-1416.477600 -2180.009084 -217.180734
-1418.472111 -2179.989829 -217.327555
-1420.466621 -2179.970574 -217.474376
-1422.461132 -2179.951318 -217.621197
-1424.455643 -2179.932063 -217.768018
-1426.450153 -2179.912808 -217.914839
-1428.444664 -2179.893553 -218.061660
-1430.439175 -2179.874298 -218.208481
-1432.433685 -2179.855042 -218.355302
-1434.428196 -2179.835787 -218.502123
-1436.422707 -2179.816532 -218.648944
-1438.417217 -2179.797277 -218.795765
-1440.411728 -2179.778021 -218.942586
-1442.406239 -2179.758766 -219.089407
-1444.400749 -2179.739511 -219.236228
-1446.395260 -2179.720256 -219.383049
-1448.389771 -2179.701001 -219.529870
-1450.384282 -2179.681745 -219.676692
-1452.378792 -2179.662490 -219.823513
-1454.373303 -2179.643235 -219.970334
-1456.367814 -2179.623980 -220.117155
-1458.362324 -2179.604725 -220.263976
-1460.356835 -2179.585469 -220.410797
-1462.351346 -2179.566214 -220.557618
-1464.345856 -2179.546959 -220.704439
-1466.340367 -2179.527704 -220.851260
-1468.334878 -2179.508448 -220.998081
-1470.329388 -2179.489193 -221.144902
-1472.323899 -2179.469938 -221.291723
-1474.318410 -2179.450683 -221.438544
-1476.312920 -2179.431428 -221.585365
-1478.307431 -2179.412172 -221.732186
-1480.301942 -2179.392917 -221.879007
-1482.296452 -2179.373662 -222.025828
-1484.290963 -2179.354407 -222.172649
-1486.285474 -2179.335151 -222.319470
-1488.279984 -2179.315896 -222.466291
-1490.274495 -2179.296641 -222.613112
-1492.269006 -2179.277386 -222.759933
-1494.263516 -2179.258131 -222.906754
-1496.258027 -2179.238875 -223.053576
-1498.252538 -2179.219620 -223.200397
-1500.247048 -2179.200365 -223.347218
-1502.241559 -2179.181110 -223.494039
-1504.236070 -2179.161854 -223.640860
-1506.230580 -2179.142599 -223.787681
-1508.225091 -2179.123344 -223.934502
-1510.219602 -2179.104089 -224.081323
-1512.214112 -2179.084834 -224.228144
-1514.208623 -2179.065578 -224.374965
-1516.203134 -2179.046323 -224.521786
-1518.197644 -2179.027068 -224.668607
-1520.192155 -2179.007813 -224.815428
-1522.186666 -2178.988557 -224.962249
-1524.181176 -2178.969302 -225.109070
-1526.175687 -2178.950047 -225.255891
-1528.170198 -2178.930792 -225.402712
-1530.164708 -2178.911537 -225.549533
-1532.159219 -2178.892281 -225.696354
-1534.153730 -2178.873026 -225.843175
-1536.148240 -2178.853771 -225.989996
-1538.142751 -2178.834516 -226.136817
-1540.137262 -2178.815261 -226.283639
-1542.131772 -2178.796005 -226.430460
-1544.126283 -2178.776750 -226.577281
-1546.120794 -2178.757495 -226.724102
-1548.115304 -2178.738240 -226.870923
-1550.109815 -2178.718984 -227.017744
-1552.104326 -2178.699729 -227.164565
-1554.098836 -2178.680474 -227.311386
-1556.093347 -2178.661219 -227.458207
-1558.087858 -2178.641964 -227.605028
-1560.082368 -2178.622708 -227.751849
-1562.076879 -2178.603453 -227.898670
-1564.071390 -2178.584198 -228.045491
-1566.065900 -2178.564943 -228.192312
-1568.060411 -2178.545687 -228.339133
-1570.054922 -2178.526432 -228.485954
-1572.049432 -2178.507177 -228.632775
-1574.043943 -2178.487922 -228.779596
-1576.038454 -2178.468667 -228.926417
-1578.032964 -2178.449411 -229.073238
-1580.027475 -2178.430156 -229.220059
-1582.021986 -2178.410901 -229.366880
-1584.016496 -2178.391646 -229.513702
-1586.011007 -2178.372390 -229.660523
-1588.005518 -2178.353135 -229.807344
-1590.000028 -2178.333880 -229.954165
-1591.994539 -2178.314625 -230.100986
-1593.989050 -2178.295370 -230.247807
-1595.983560 -2178.276114 -230.394628
-1597.978071 -2178.256859 -230.541449
-1599.972582 -2178.237604 -230.688270
-1601.967093 -2178.218349 -230.835091
-1603.961603 -2178.199094 -230.981912
-1605.956114 -2178.179838 -231.128733
-1607.950625 -2178.160583 -231.275554
-1609.945135 -2178.141328 -231.422375
-1611.939646 -2178.122073 -231.569196
-1613.934157 -2178.102817 -231.716017
-1615.928667 -2178.083562 -231.862838
-1617.923178 -2178.064307 -232.009659
-1619.917689 -2178.045052 -232.156480
-1621.912199 -2178.025797 -232.303301
-1623.906710 -2178.006541 -232.450122
-1625.901221 -2177.987286 -232.596943
-1627.895731 -2177.968031 -232.743765
-1629.890242 -2177.948776 -232.890586
-1631.884753 -2177.929520 -233.037407
-1633.879263 -2177.910265 -233.184228
-1635.873774 -2177.891010 -233.331049
-1637.868285 -2177.871755 -233.477870
-1639.862795 -2177.852500 -233.624691
-1641.857306 -2177.833244 -233.771512
-1643.851817 -2177.813989 -233.918333
-1645.846327 -2177.794734 -234.065154
-1647.840838 -2177.775479 -234.211975
-1649.835349 -2177.756223 -234.358796
-1651.829859 -2177.736968 -234.505617
-1653.824370 -2177.717713 -234.652438
-1655.818881 -2177.698458 -234.799259
-1657.813391 -2177.679203 -234.946080
-1659.807902 -2177.659947 -235.092901
-1661.802413 -2177.640692 -235.239722
-1663.796923 -2177.621437 -235.386543
-1665.791434 -2177.602182 -235.533364
-1667.785945 -2177.582927 -235.680185
-1669.780455 -2177.563671 -235.827006
-1671.774966 -2177.544416 -235.973828
-1673.769477 -2177.525161 -236.120649
-1675.763987 -2177.505906 -236.267470
-1677.758498 -2177.486650 -236.414291
-1679.753009 -2177.467395 -236.561112
-1681.747519 -2177.448140 -236.707933
-1683.742030 -2177.428885 -236.854754
-1685.736541 -2177.409630 -237.001575
-1687.731051 -2177.390374 -237.148396
-1689.725562 -2177.371119 -237.295217
-1691.720073 -2177.351864 -237.442038
-1693.714583 -2177.332609 -237.588859
-1695.709094 -2177.313353 -237.735680
-1697.703605 -2177.294098 -237.882501
-1699.698115 -2177.274843 -238.029322
-1701.692626 -2177.255588 -238.176143
-1703.687137 -2177.236333 -238.322964
-1705.681647 -2177.217077 -238.469785
-1707.676158 -2177.197822 -238.616606
-1709.670669 -2177.178567 -238.763427
-1711.665179 -2177.159312 -238.910248
-1713.659690 -2177.140056 -239.057069
-1715.654201 -2177.120801 -239.203891
-1717.648711 -2177.101546 -239.350712
-1719.643222 -2177.082291 -239.497533
-1721.637733 -2177.063036 -239.644354
-1723.632243 -2177.043780 -239.791175
-1725.626754 -2177.024525 -239.937996
-1727.621265 -2177.005270 -240.084817
-1729.615775 -2176.986015 -240.231638
-1731.610286 -2176.966759 -240.378459
-1733.604797 -2176.947504 -240.525280
-1735.599307 -2176.928249 -240.672101
-1737.593818 -2176.908994 -240.818922
-1739.588329 -2176.889739 -240.965743
-1741.582839 -2176.870483 -241.112564
-1743.577350 -2176.851228 -241.259385
-1745.571861 -2176.831973 -241.406206
-1747.566372 -2176.812718 -241.553027
-1749.560882 -2176.793463 -241.699848
-1751.555393 -2176.774207 -241.846669
-1753.549904 -2176.754952 -241.993490
-1755.544414 -2176.735697 -242.140311
-1757.538925 -2176.716442 -242.287132
-1759.533436 -2176.697186 -242.433954
-1761.527946 -2176.677931 -242.580775
-1763.522457 -2176.658676 -242.727596
-1765.516968 -2176.639421 -242.874417
-1767.511478 -2176.620166 -243.021238
-1769.505989 -2176.600910 -243.168059
-1771.500500 -2176.581655 -243.314880
-1773.495010 -2176.562400 -243.461701
-1775.489521 -2176.543145 -243.608522
-1777.484032 -2176.523889 -243.755343
-1779.478542 -2176.504634 -243.902164
-1781.473053 -2176.485379 -244.048985
-1783.467564 -2176.466124 -244.195806
-1785.462074 -2176.446869 -244.342627
-1787.456585 -2176.427613 -244.489448
-1789.451096 -2176.408358 -244.636269
-1791.445606 -2176.389103 -244.783090
-1793.440117 -2176.369848 -244.929911
-1795.434628 -2176.350592 -245.076732
-1797.429138 -2176.331337 -245.223553
-1799.423649 -2176.312082 -245.370374
-1801.418160 -2176.292827 -245.517195
-1803.412670 -2176.273572 -245.664016
-1805.407181 -2176.254316 -245.810838
-1807.401692 -2176.235061 -245.957659
-1809.396202 -2176.215806 -246.104480
-1811.390713 -2176.196551 -246.251301
-1813.385224 -2176.177296 -246.398122
-1815.379734 -2176.158040 -246.544943
-1817.374245 -2176.138785 -246.691764
-1819.368756 -2176.119530 -246.838585
-1821.363266 -2176.100275 -246.985406
-1823.357777 -2176.081019 -247.132227
-1825.352288 -2176.061764 -247.279048
-1827.346798 -2176.042509 -247.425869
-1829.341309 -2176.023254 -247.572690
-1831.750000 -2176.000000 -247.750000
-1832.194704 -2174.050067 -247.750000
-1832.639408 -2172.100134 -247.750000
-1833.084113 -2170.150201 -247.750000
-1833.528817 -2168.200269 -247.750000
-1833.973521 -2166.250336 -247.750000
-1834.418225 -2164.300403 -247.750000
-1834.862929 -2162.350470 -247.750000
-1835.307633 -2160.400537 -247.750000
-1835.752338 -2158.450604 -247.750000
-1836.197042 -2156.500671 -247.750000
